{"KXHIGHNY": {"members_high": [78.62, 77.36, 77.72, 76.64, 76.64, 74.84, 78.98, 78.44, 77.9, 79.16, 77.9, 78.25999999999999, 74.84, 79.88, 75.74000000000001, 77.18, 78.25999999999999, 78.98, 76.64, 79.7, 78.98, 79.16, 78.8, 76.28, 77.0, 75.74000000000001, 79.88, 80.6, 78.8, 77.54], "members_low": [59.18, 59.18, 58.82, 59.0, 58.459999999999994, 59.18, 59.0, 59.0, 59.18, 59.36, 59.0, 58.82, 59.18, 59.540000000000006, 59.18, 57.92, 59.540000000000006, 58.459999999999994, 59.0, 58.64, 59.18, 58.459999999999994, 58.64, 58.64, 59.0, 58.459999999999994, 59.0, 59.36, 58.64, 58.82], "members_precip": [0.0351, 0.011700000000000002, 0.0, 0.0, 0.0, 0.0, 0.0, 0.0, 0.0, 0.04680000000000001, 0.0078000000000000005, 0.0, 0.0, 0.0, 0.0, 0.0, 0.0, 0.011700000000000002, 0.0, 0.0702, 0.0, 0.0, 0.023400000000000004, 0.0, 0.0, 0.0, 0.04680000000000001, 0.04680000000000001, 0.0, 0.0], "mean_high": 77.882, "std_high": 1.4714197225808796, "mean_low": 58.928, "std_low": 0.3587979933054267, "peak_tcdc": 0.0, "timestamp": 1780092432.8630059}, "KXLOWNY": {"members_high": [78.62, 77.36, 77.72, 76.64, 76.64, 74.84, 78.98, 78.44, 77.9, 79.16, 77.9, 78.25999999999999, 74.84, 79.88, 75.74000000000001, 77.18, 78.25999999999999, 78.98, 76.64, 79.7, 78.98, 79.16, 78.8, 76.28, 77.0, 75.74000000000001, 79.88, 80.6, 78.8, 77.54], "members_low": [59.18, 59.18, 58.82, 59.0, 58.459999999999994, 59.18, 59.0, 59.0, 59.18, 59.36, 59.0, 58.82, 59.18, 59.540000000000006, 59.18, 57.92, 59.540000000000006, 58.459999999999994, 59.0, 58.64, 59.18, 58.459999999999994, 58.64, 58.64, 59.0, 58.459999999999994, 59.0, 59.36, 58.64, 58.82], "members_precip": [0.0351, 0.011700000000000002, 0.0, 0.0, 0.0, 0.0, 0.0, 0.0, 0.0, 0.04680000000000001, 0.0078000000000000005, 0.0, 0.0, 0.0, 0.0, 0.0, 0.0, 0.011700000000000002, 0.0, 0.0702, 0.0, 0.0, 0.023400000000000004, 0.0, 0.0, 0.0, 0.04680000000000001, 0.04680000000000001, 0.0, 0.0], "mean_high": 77.882, "std_high": 1.4714197225808796, "mean_low": 58.928, "std_low": 0.3587979933054267, "peak_tcdc": 0.0, "timestamp": 1780092432.8630059}, "KXRAINNY": {"members_high": [78.62, 77.36, 77.72, 76.64, 76.64, 74.84, 78.98, 78.44, 77.9, 79.16, 77.9, 78.25999999999999, 74.84, 79.88, 75.74000000000001, 77.18, 78.25999999999999, 78.98, 76.64, 79.7, 78.98, 79.16, 78.8, 76.28, 77.0, 75.74000000000001, 79.88, 80.6, 78.8, 77.54], "members_low": [59.18, 59.18, 58.82, 59.0, 58.459999999999994, 59.18, 59.0, 59.0, 59.18, 59.36, 59.0, 58.82, 59.18, 59.540000000000006, 59.18, 57.92, 59.540000000000006, 58.459999999999994, 59.0, 58.64, 59.18, 58.459999999999994, 58.64, 58.64, 59.0, 58.459999999999994, 59.0, 59.36, 58.64, 58.82], "members_precip": [0.0351, 0.011700000000000002, 0.0, 0.0, 0.0, 0.0, 0.0, 0.0, 0.0, 0.04680000000000001, 0.0078000000000000005, 0.0, 0.0, 0.0, 0.0, 0.0, 0.0, 0.011700000000000002, 0.0, 0.0702, 0.0, 0.0, 0.023400000000000004, 0.0, 0.0, 0.0, 0.04680000000000001, 0.04680000000000001, 0.0, 0.0], "mean_high": 77.882, "std_high": 1.4714197225808796, "mean_low": 58.928, "std_low": 0.3587979933054267, "peak_tcdc": 0.0, "timestamp": 1780092432.8630059}, "KXHIGHCHI": {"members_high": [77.18, 78.62, 78.8, 77.72, 78.44, 77.36, 78.98, 79.88, 78.25999999999999, 79.52, 77.54, 77.9, 78.25999999999999, 78.44, 78.25999999999999, 80.06, 80.06, 79.16, 78.8, 78.08, 77.0, 77.9, 77.9, 79.34, 78.25999999999999, 79.16, 77.72, 77.18, 79.88, 77.72], "members_low": [53.78, 52.879999999999995, 52.879999999999995, 52.52, 52.879999999999995, 52.52, 53.42, 53.06, 52.879999999999995, 53.06, 53.24, 52.879999999999995, 53.42, 52.879999999999995, 53.24, 53.42, 52.52, 53.06, 53.24, 53.24, 52.879999999999995, 54.32, 53.42, 52.52, 52.879999999999995, 53.24, 52.7, 52.879999999999995, 52.879999999999995, 53.24], "members_precip": [0.0, 0.0, 0.0, 0.0, 0.0, 0.0, 0.0, 0.0, 0.0, 0.0, 0.0, 0.0, 0.0, 0.0, 0.0, 0.0, 0.0, 0.0, 0.0, 0.0, 0.0, 0.0, 0.0, 0.0, 0.0, 0.0, 0.0, 0.0, 0.0, 0.0], "mean_high": 78.44599999999998, "std_high": 0.8737986037983799, "mean_low": 53.06600000000001, "std_low": 0.3846088922528968, "peak_tcdc": 0.0, "timestamp": 1780092433.498422}, "KXLOWCHI": {"members_high": [77.18, 78.62, 78.8, 77.72, 78.44, 77.36, 78.98, 79.88, 78.25999999999999, 79.52, 77.54, 77.9, 78.25999999999999, 78.44, 78.25999999999999, 80.06, 80.06, 79.16, 78.8, 78.08, 77.0, 77.9, 77.9, 79.34, 78.25999999999999, 79.16, 77.72, 77.18, 79.88, 77.72], "members_low": [53.78, 52.879999999999995, 52.879999999999995, 52.52, 52.879999999999995, 52.52, 53.42, 53.06, 52.879999999999995, 53.06, 53.24, 52.879999999999995, 53.42, 52.879999999999995, 53.24, 53.42, 52.52, 53.06, 53.24, 53.24, 52.879999999999995, 54.32, 53.42, 52.52, 52.879999999999995, 53.24, 52.7, 52.879999999999995, 52.879999999999995, 53.24], "members_precip": [0.0, 0.0, 0.0, 0.0, 0.0, 0.0, 0.0, 0.0, 0.0, 0.0, 0.0, 0.0, 0.0, 0.0, 0.0, 0.0, 0.0, 0.0, 0.0, 0.0, 0.0, 0.0, 0.0, 0.0, 0.0, 0.0, 0.0, 0.0, 0.0, 0.0], "mean_high": 78.44599999999998, "std_high": 0.8737986037983799, "mean_low": 53.06600000000001, "std_low": 0.3846088922528968, "peak_tcdc": 0.0, "timestamp": 1780092433.498422}, "KXRAINCHI": {"members_high": [77.18, 78.62, 78.8, 77.72, 78.44, 77.36, 78.98, 79.88, 78.25999999999999, 79.52, 77.54, 77.9, 78.25999999999999, 78.44, 78.25999999999999, 80.06, 80.06, 79.16, 78.8, 78.08, 77.0, 77.9, 77.9, 79.34, 78.25999999999999, 79.16, 77.72, 77.18, 79.88, 77.72], "members_low": [53.78, 52.879999999999995, 52.879999999999995, 52.52, 52.879999999999995, 52.52, 53.42, 53.06, 52.879999999999995, 53.06, 53.24, 52.879999999999995, 53.42, 52.879999999999995, 53.24, 53.42, 52.52, 53.06, 53.24, 53.24, 52.879999999999995, 54.32, 53.42, 52.52, 52.879999999999995, 53.24, 52.7, 52.879999999999995, 52.879999999999995, 53.24], "members_precip": [0.0, 0.0, 0.0, 0.0, 0.0, 0.0, 0.0, 0.0, 0.0, 0.0, 0.0, 0.0, 0.0, 0.0, 0.0, 0.0, 0.0, 0.0, 0.0, 0.0, 0.0, 0.0, 0.0, 0.0, 0.0, 0.0, 0.0, 0.0, 0.0, 0.0], "mean_high": 78.44599999999998, "std_high": 0.8737986037983799, "mean_low": 53.06600000000001, "std_low": 0.3846088922528968, "peak_tcdc": 0.0, "timestamp": 1780092433.498422}, "KXHIGHMIA": {"members_high": [87.26, 86.18, 87.44, 87.26, 86.72, 86.9, 88.34, 88.34, 87.44, 88.34, 86.9, 85.82, 87.26, 86.53999999999999, 87.98, 85.82, 87.26, 88.52, 86.36, 88.34, 87.61999999999999, 87.98, 87.8, 86.72, 86.18, 87.08000000000001, 87.08000000000001, 86.9, 86.36, 87.26], "members_low": [79.34, 79.52, 79.52, 79.34, 79.34, 80.06, 79.52, 79.52, 79.34, 79.88, 79.7, 79.34, 79.88, 79.88, 79.16, 80.06, 79.52, 79.34, 79.34, 79.7, 79.34, 79.7, 79.7, 78.98, 79.16, 79.16, 79.52, 79.16, 79.34, 79.7], "members_precip": [0.7839, 0.8307, 1.0764, 1.3845, 0.30419999999999997, 0.46799999999999997, 0.44459999999999994, 1.0023, 0.8658, 0.6083999999999999, 0.5187, 1.3065, 1.1427, 1.3611, 0.9008999999999999, 0.2769, 0.4017, 0.5967, 0.5771999999999999, 0.8853, 0.5811000000000001, 0.819, 0.7371, 0.9555, 0.7605, 0.8658, 0.7760999999999999, 1.2675, 0.9477, 0.1638], "mean_high": 87.2, "std_high": 0.7598947295514037, "mean_low": 79.502, "std_low": 0.2723894271075877, "peak_tcdc": 0.0, "timestamp": 1780092434.1230788}, "KXLOWMIA": {"members_high": [87.26, 86.18, 87.44, 87.26, 86.72, 86.9, 88.34, 88.34, 87.44, 88.34, 86.9, 85.82, 87.26, 86.53999999999999, 87.98, 85.82, 87.26, 88.52, 86.36, 88.34, 87.61999999999999, 87.98, 87.8, 86.72, 86.18, 87.08000000000001, 87.08000000000001, 86.9, 86.36, 87.26], "members_low": [79.34, 79.52, 79.52, 79.34, 79.34, 80.06, 79.52, 79.52, 79.34, 79.88, 79.7, 79.34, 79.88, 79.88, 79.16, 80.06, 79.52, 79.34, 79.34, 79.7, 79.34, 79.7, 79.7, 78.98, 79.16, 79.16, 79.52, 79.16, 79.34, 79.7], "members_precip": [0.7839, 0.8307, 1.0764, 1.3845, 0.30419999999999997, 0.46799999999999997, 0.44459999999999994, 1.0023, 0.8658, 0.6083999999999999, 0.5187, 1.3065, 1.1427, 1.3611, 0.9008999999999999, 0.2769, 0.4017, 0.5967, 0.5771999999999999, 0.8853, 0.5811000000000001, 0.819, 0.7371, 0.9555, 0.7605, 0.8658, 0.7760999999999999, 1.2675, 0.9477, 0.1638], "mean_high": 87.2, "std_high": 0.7598947295514037,