{"KXHIGHNY": {"members_high": [74.12, 75.2, 75.38, 75.92, 74.84, 75.56, 75.56, 76.46, 72.86, 75.2, 75.56, 73.4, 75.02, 74.3, 73.75999999999999, 74.48, 75.02, 74.3, 76.1, 75.02, 74.12, 75.2, 76.82, 75.02, 75.56, 74.66, 74.66, 74.3, 75.2, 74.66], "members_low": [53.06, 53.78, 53.24, 53.42, 53.78, 53.24, 53.06, 52.7, 53.06, 53.78, 53.6, 52.34, 53.42, 52.34, 53.42, 53.42, 53.42, 53.42, 53.06, 52.879999999999995, 53.24, 53.78, 53.78, 53.42, 53.06, 53.6, 52.52, 53.42, 52.879999999999995, 53.06], "members_precip": [0.0, 0.0, 0.0, 0.0, 0.0, 0.0, 0.0, 0.0, 0.0, 0.0078000000000000005, 0.0, 0.0, 0.0, 0.0, 0.0, 0.0, 0.0, 0.0, 0.0, 0.0, 0.0, 0.0, 0.0, 0.0, 0.0, 0.0, 0.0, 0.0, 0.0, 0.0], "mean_high": 74.942, "std_high": 0.8425888677166337, "mean_low": 53.239999999999995, "std_low": 0.4024922359499619, "peak_tcdc": 0.0, "timestamp": 1780215281.837444}, "KXLOWNY": {"members_high": [74.12, 75.2, 75.38, 75.92, 74.84, 75.56, 75.56, 76.46, 72.86, 75.2, 75.56, 73.4, 75.02, 74.3, 73.75999999999999, 74.48, 75.02, 74.3, 76.1, 75.02, 74.12, 75.2, 76.82, 75.02, 75.56, 74.66, 74.66, 74.3, 75.2, 74.66], "members_low": [53.06, 53.78, 53.24, 53.42, 53.78, 53.24, 53.06, 52.7, 53.06, 53.78, 53.6, 52.34, 53.42, 52.34, 53.42, 53.42, 53.42, 53.42, 53.06, 52.879999999999995, 53.24, 53.78, 53.78, 53.42, 53.06, 53.6, 52.52, 53.42, 52.879999999999995, 53.06], "members_precip": [0.0, 0.0, 0.0, 0.0, 0.0, 0.0, 0.0, 0.0, 0.0, 0.0078000000000000005, 0.0, 0.0, 0.0, 0.0, 0.0, 0.0, 0.0, 0.0, 0.0, 0.0, 0.0, 0.0, 0.0, 0.0, 0.0, 0.0, 0.0, 0.0, 0.0, 0.0], "mean_high": 74.942, "std_high": 0.8425888677166337, "mean_low": 53.239999999999995, "std_low": 0.4024922359499619, "peak_tcdc": 0.0, "timestamp": 1780215281.837444}, "KXRAINNY": {"members_high": [74.12, 75.2, 75.38, 75.92, 74.84, 75.56, 75.56, 76.46, 72.86, 75.2, 75.56, 73.4, 75.02, 74.3, 73.75999999999999, 74.48, 75.02, 74.3, 76.1, 75.02, 74.12, 75.2, 76.82, 75.02, 75.56, 74.66, 74.66, 74.3, 75.2, 74.66], "members_low": [53.06, 53.78, 53.24, 53.42, 53.78, 53.24, 53.06, 52.7, 53.06, 53.78, 53.6, 52.34, 53.42, 52.34, 53.42, 53.42, 53.42, 53.42, 53.06, 52.879999999999995, 53.24, 53.78, 53.78, 53.42, 53.06, 53.6, 52.52, 53.42, 52.879999999999995, 53.06], "members_precip": [0.0, 0.0, 0.0, 0.0, 0.0, 0.0, 0.0, 0.0, 0.0, 0.0078000000000000005, 0.0, 0.0, 0.0, 0.0, 0.0, 0.0, 0.0, 0.0, 0.0, 0.0, 0.0, 0.0, 0.0, 0.0, 0.0, 0.0, 0.0, 0.0, 0.0, 0.0], "mean_high": 74.942, "std_high": 0.8425888677166337, "mean_low": 53.239999999999995, "std_low": 0.4024922359499619, "peak_tcdc": 0.0, "timestamp": 1780215281.837444}, "KXHIGHCHI": {"members_high": [66.92, 67.82, 70.34, 67.28, 69.62, 66.74000000000001, 69.62, 68.54, 68.54, 68.0, 69.62, 65.48, 66.56, 67.46, 68.9, 68.9, 68.36, 68.54, 67.46, 64.94, 67.28, 64.4, 67.28, 68.36, 64.94, 66.2, 67.82, 68.9, 68.72, 67.28], "members_low": [55.4, 55.22, 54.14, 55.94, 55.4, 55.04, 55.4, 55.58, 54.86, 55.04, 56.3, 54.86, 55.94, 54.5, 56.48, 54.32, 55.58, 54.32, 55.04, 55.76, 56.3, 55.4, 55.4, 54.32, 55.4, 55.04, 56.120000000000005, 55.58, 54.5, 55.4], "members_precip": [0.0, 0.0, 0.0, 0.0, 0.0, 0.0, 0.0, 0.0, 0.0, 0.0, 0.0, 0.0, 0.0, 0.0, 0.04680000000000001, 0.0, 0.0, 0.0, 0.011700000000000002, 0.0, 0.0, 0.011700000000000002, 0.0, 0.0, 0.011700000000000002, 0.0, 0.0, 0.0, 0.0, 0.0], "mean_high": 67.694, "std_high": 1.4542915801172758, "mean_low": 55.285999999999994, "std_low": 0.6209057899552872, "peak_tcdc": 0.0, "timestamp": 1780215282.46175}, "KXLOWCHI": {"members_high": [66.92, 67.82, 70.34, 67.28, 69.62, 66.74000000000001, 69.62, 68.54, 68.54, 68.0, 69.62, 65.48, 66.56, 67.46, 68.9, 68.9, 68.36, 68.54, 67.46, 64.94, 67.28, 64.4, 67.28, 68.36, 64.94, 66.2, 67.82, 68.9, 68.72, 67.28], "members_low": [55.4, 55.22, 54.14, 55.94, 55.4, 55.04, 55.4, 55.58, 54.86, 55.04, 56.3, 54.86, 55.94, 54.5, 56.48, 54.32, 55.58, 54.32, 55.04, 55.76, 56.3, 55.4, 55.4, 54.32, 55.4, 55.04, 56.120000000000005, 55.58, 54.5, 55.4], "members_precip": [0.0, 0.0, 0.0, 0.0, 0.0, 0.0, 0.0, 0.0, 0.0, 0.0, 0.0, 0.0, 0.0, 0.0, 0.04680000000000001, 0.0, 0.0, 0.0, 0.011700000000000002, 0.0, 0.0, 0.011700000000000002, 0.0, 0.0, 0.011700000000000002, 0.0, 0.0, 0.0, 0.0, 0.0], "mean_high": 67.694, "std_high": 1.4542915801172758, "mean_low": 55.285999999999994, "std_low": 0.6209057899552872, "peak_tcdc": 0.0, "timestamp": 1780215282.46175}, "KXRAINCHI": {"members_high": [66.92, 67.82, 70.34, 67.28, 69.62, 66.74000000000001, 69.62, 68.54, 68.54, 68.0, 69.62, 65.48, 66.56, 67.46, 68.9, 68.9, 68.36, 68.54, 67.46, 64.94, 67.28, 64.4, 67.28, 68.36, 64.94, 66.2, 67.82, 68.9, 68.72, 67.28], "members_low": [55.4, 55.22, 54.14, 55.94, 55.4, 55.04, 55.4, 55.58, 54.86, 55.04, 56.3, 54.86, 55.94, 54.5, 56.48, 54.32, 55.58, 54.32, 55.04, 55.76, 56.3, 55.4, 55.4, 54.32, 55.4, 55.04, 56.120000000000005, 55.58, 54.5, 55.4], "members_precip": [0.0, 0.0, 0.0, 0.0, 0.0, 0.0, 0.0, 0.0, 0.0, 0.0, 0.0, 0.0, 0.0, 0.0, 0.04680000000000001, 0.0, 0.0, 0.0, 0.011700000000000002, 0.0, 0.0, 0.011700000000000002, 0.0, 0.0, 0.011700000000000002, 0.0, 0.0, 0.0, 0.0, 0.0], "mean_high": 67.694, "std_high": 1.4542915801172758, "mean_low": 55.285999999999994, "std_low": 0.6209057899552872, "peak_tcdc": 0.0, "timestamp": 1780215282.46175}, "KXHIGHMIA": {"members_high": [89.96000000000001, 89.6, 86.72, 86.53999999999999, 88.16, 88.88000000000001, 89.78, 90.5, 89.24, 86.36, 89.41999999999999, 90.32, 88.16, 87.26, 87.8, 87.98, 85.64, 87.61999999999999, 87.98, 89.41999999999999, 88.52, 88.7, 88.7, 87.8, 89.6, 89.06, 88.34, 89.41999999999999, 89.24, 88.88000000000001], "members_low": [81.32, 80.96, 81.32, 80.96, 80.6, 81.5, 80.96, 80.78, 81.86, 80.78, 80.6, 81.86, 81.68, 81.68, 81.32, 81.68, 80.24000000000001, 80.78, 80.6, 80.42, 80.06, 81.5, 80.96, 81.32, 81.5, 81.14, 80.96, 80.6, 81.32, 80.96], "members_precip": [0.12090000000000001, 0.3276, 0.1053, 0.023400000000000004, 0.42510000000000003, 0.40169999999999995, 0.3861, 0.6903, 0.5577, 0.0936, 0.7137, 0.48360000000000003, 0.023400000000000004, 0.0819, 0.1755, 0.0936, 0.1053, 0.2808, 0.23790000000000003, 0.2457, 0.1443, 0.5382, 0.30419999999999997, 0.1053, 0.7722, 0.5733, 0.24570000000000003, 1.0062, 0.4095, 0.6474000000000001], "mean_high": 88.52, "std_high": 1.1785075307353783, "mean_low": 81.07400000000001, "std_low": 0.4681922681975861, "peak_tcdc": 0.0, "timestamp": 1780215283.087072}, "KXLOWMIA": {"members_high": [89.96000000000001, 89.6, 86.72, 86.53999999999999, 88.16, 88.88000000000001, 89.78, 90.5, 89.24, 86.36, 89.41999999999999, 90.32, 88.16, 87.26, 87.8, 87.98, 85.64, 87.61999999999999, 87.98, 89.41999999999999, 88.52, 88.7, 88.7, 87.8, 89.6, 89.06, 88.34, 89.41999999999999, 89.24, 88.88000000000001], "members_low": [81.32, 80.96, 81.32, 80.96, 80.6, 81.5, 80.96, 80.78, 81.86, 80.78, 80.6, 81.86, 81.68, 81.68, 81.32, 81.68, 80.24000000000001, 80.78, 80.6, 80.42, 80.06, 81.5, 80.96, 81.32, 81.5, 81.14, 80.96, 80.6, 81.32, 80.96], "members_precip": [0.12090000000000001, 0.3276, 0.1053, 0.023400000000000004, 0.42510000000000003, 0.40169999999999995, 0.3861, 0.6903, 0.5577, 0.0936, 0.7137, 0.48360000000000003, 0.023400000000000004, 0.0819, 0.1755, 0.0936, 0.1053, 0.2808, 0.23790000000000003, 0.2457, 0.1443, 0.5382, 0.30419999999999997, 0.1053, 0.7722, 0.5733, 0.24570000000000003, 1.0062, 0.4095, 0.6474000000000001], "mean_high": 88.52, "std_high": 1.1785075307353783, "mean_low": 81.07400000000001, "std_low": 0.4681922681975861, "peak_tcdc": 0.0, "timestamp": 1780215283.087072}, "KXRAINMIA": {"members_high": [89.96000000000001, 89.6, 86.72, 86.53999999999999, 88.16, 88.88000000000001, 89.78, 90.5, 89.24, 86.36, 89.41999999999999, 90.32, 88.16, 87.26, 87.8, 87.98, 85.64, 87.61999999999999, 87.98, 89.41999999999999, 88.52, 88.7, 88.7, 87.8, 89.6, 89.06, 88.34, 89.41999999999999, 89.24, 88.88000000000001], "members_low": [81.32, 80.96, 81.32, 80.96, 80.6, 81.5, 80.96, 80.78, 81.86, 80.78, 80.6, 81.86, 81.68, 81.68, 81.32, 81.68, 80.24000000000001, 80.78, 80.6, 80.42, 80.06, 81.5, 80.96, 81.32, 81.5, 81.14, 80.96, 80.6, 81.32, 80.96],