id,ts,strategy,broker,symbol,action,order_type,qty,price,value_usd,fee_usd,pnl_usd,pnl_pct,paper,order_id,notes,lane,won,source,contract_side,forecast_yes_prob,model_prob_gfs,model_prob_ecmwf,weather_mode,forecast_hours_to_resolution
1470,2026-05-24T15:05:22.340987-04:00,reconstructed_kalshi,kalshi,CONTROLH-2028-D,BUY,Limit,4.0,0.75,3.0,0.06,0.0,0.0,0,c0ab408f-063e-477c-8ad2-d9be0bfc01b0,reconstructed_from_kalshi_api,lane2,,live_v10,YES,,,,,
1469,2026-05-24T15:05:22.515003-04:00,reconstructed_kalshi,kalshi,CONTROLS-2028-D,BUY,Limit,5.0,0.74,3.7,0.07,0.0,0.0,0,d1f99d1a-48b8-47d9-9c00-ce58313efc48,reconstructed_from_kalshi_api,lane2,,live_v10,YES,,,,,
1468,2026-05-24T15:05:22.711337-04:00,reconstructed_kalshi,kalshi,GOVPARTYLA-27-D,BUY,Limit,4.0,0.8,3.2,0.05,0.0,0.0,0,3d99fe20-4602-4aa8-9fab-c1a0a0679f5f,reconstructed_from_kalshi_api,lane2,,live_v10,YES,,,,,
1467,2026-05-28T13:27:44.231502-04:00,reconstructed_kalshi,kalshi,KXIMPEACHCABINET-26JUL01,BUY,Limit,1.0,0.02,0.02,0.0014,0.0,0.0,0,831ce93b-e898-47b5-85da-5e7a49837f7a,reconstructed_from_kalshi_api,lane2,,live_v10,YES,,,,,
1466,2026-05-28T13:28:06.832637-04:00,reconstructed_kalshi,kalshi,KXIMPEACHCABINET-26JUL01,SELL,Limit,1.0,0.981,0.981,0.0014,0.0,0.0,0,ad28f6e9-15f2-4fa5-a7b3-1cba4bbe7bf0,reconstructed_from_kalshi_api,lane2,,live_v10,YES,,,,,
1465,2026-05-28T13:28:18.212879-04:00,reconstructed_kalshi,kalshi,KXIMPEACHCABINET-26JUL01,SELL,Limit,1.0,0.981,0.981,0.0014,0.0,0.0,0,ce18622b-dc80-4e43-9387-8fb522803dd2,reconstructed_from_kalshi_api,lane2,,live_v10,YES,,,,,
1464,2026-05-28T13:35:45.171144-04:00,reconstructed_kalshi,kalshi,KXIMPEACHCABINET-26JUL01,BUY,Limit,1.0,0.02,0.02,0.0014,0.0,0.0,0,c19b8b03-ab43-4e0d-a384-4687de2e59f2,reconstructed_from_kalshi_api,lane2,,live_v10,YES,,,,,
1463,2026-05-28T13:35:45.703572-04:00,reconstructed_kalshi,kalshi,KXIMPEACHCABINET-26JUL01,SELL,Limit,1.0,0.981,0.981,0.0014,0.0,0.0,0,97542f66-29a5-441e-ac1f-abfdbb030128,reconstructed_from_kalshi_api,lane2,,live_v10,YES,,,,,
1462,2026-05-28T13:38:11.815585-04:00,reconstructed_kalshi,kalshi,KXHIGHNY-26MAY28-T83,BUY,Limit,1.0,0.01,0.01,0.0007,0.0,0.0,0,fc6e8265-6301-411b-8559-454f7f10f847,reconstructed_from_kalshi_api,lane2,,live_v10,YES,,,,,
1461,2026-05-31T04:15:07.757112-04:00,reconstructed_kalshi,kalshi,KXHIGHNY-26MAY31-B74.5,BUY,Limit,48.0,0.59,28.32,0.8128,0.0,0.0,0,33050bea-bbdb-4c26-958a-2d1bac9cbe4b,reconstructed_from_kalshi_api,lane2,,live_v10,YES,,,,,
1460,2026-05-31T04:15:08.364307-04:00,reconstructed_kalshi,kalshi,KXHIGHCHI-26MAY31-B74.5,BUY,Limit,118.0,0.4898932203389831,57.8074,2.0643,0.0,0.0,0,64e2319c-48f2-47a0-b292-32ca84d32079,reconstructed_from_kalshi_api,lane2,,live_v10,YES,,,,,
1459,2026-05-31T04:15:08.635533-04:00,reconstructed_kalshi,kalshi,KXHIGHMIA-26MAY31-B90.5,BUY,Limit,109.0,0.4693761467889908,51.162,1.9005,0.0,0.0,0,640009f6-0dd6-4c74-9815-8b7565216f22,reconstructed_from_kalshi_api,lane2,,live_v10,YES,,,,,
1458,2026-05-31T04:15:08.822733-04:00,reconstructed_kalshi,kalshi,KXHIGHCHI-26MAY31-T74,BUY,Limit,82.0,0.3202439024390244,26.26,1.2496,0.0,0.0,0,14120308-af36-4d40-94d9-92cd9bf7058d,reconstructed_from_kalshi_api,lane2,,live_v10,YES,,,,,
1457,2026-05-31T04:35:41.449611-04:00,reconstructed_kalshi,kalshi,KXLOWTPHX-26MAY31-T65,BUY,Limit,16.0,0.01,0.16,0.0111,0.0,0.0,0,b45b6a5e-f0fc-499e-9b17-5694028d67a2,reconstructed_from_kalshi_api,lane2,,live_v10,YES,,,,,
1456,2026-05-31T04:35:47.517424-04:00,reconstructed_kalshi,kalshi,KXHIGHLAX-26MAY31-T68,BUY,Limit,16.0,0.01,0.16,0.0111,0.0,0.0,0,02dd2c94-1531-4996-9c9e-f352f9ef4cdf,reconstructed_from_kalshi_api,lane2,,live_v10,YES,,,,,
1455,2026-05-31T04:35:47.690087-04:00,reconstructed_kalshi,kalshi,KXHIGHLAX-26MAY31-B68.5,BUY,Limit,16.0,0.01,0.16,0.0111,0.0,0.0,0,e0cbe4a8-3fe4-40c0-b18a-f23aacd6be94,reconstructed_from_kalshi_api,lane2,,live_v10,YES,,,,,
1454,2026-05-31T04:35:48.817249-04:00,reconstructed_kalshi,kalshi,KXLOWTHOU-26MAY31-B69.5,BUY,Limit,2.0,0.06,0.12,0.0079,0.0,0.0,0,92c16c24-8aa7-4991-be04-7a4f1952d092,reconstructed_from_kalshi_api,lane2,,live_v10,YES,,,,,
1453,2026-05-31T18:29:11.930169-04:00,reconstructed_kalshi,kalshi,KXHIGHCHI-26MAY31-B74.5,SELL,Market,118.0,0.01,1.18,0.0818,0.0,0.0,0,8edf508d-cc76-4eca-bf62-23dd6531a128,reconstructed_from_kalshi_api,lane2,,live_v10,YES,,,,,
1452,2026-05-31T18:30:01.951274-04:00,reconstructed_kalshi,kalshi,KXHIGHNY-26MAY31-B74.5,SELL,Market,48.0,0.14653541666666667,7.0337,0.4203,0.0,0.0,0,34cc4752-32ca-49d4-831a-b19ba8b5fdbb,reconstructed_from_kalshi_api,lane2,,live_v10,YES,,,,,
1451,2026-05-31T18:31:36.237565-04:00,reconstructed_kalshi,kalshi,KXIMPEACHCABINET-26JUL01,SELL,Market,1.0,0.018,0.018,0.0013,0.0,0.0,0,83337377-99f8-483e-93c5-7c30cad9d2a0,reconstructed_from_kalshi_api,lane2,,live_v10,NO,,,,,
1450,2026-05-31T18:37:03.346650-04:00,reconstructed_kalshi,kalshi,KXNBAGAME-26JUN03NYKSAS-NYK,BUY,Market,51.77,0.37,19.1549,0.8448,0.0,0.0,0,f65c21dd-9f12-499d-bd54-bb9a9c415073,reconstructed_from_kalshi_api,lane2,,live_v10,YES,,,,,
1449,2026-06-01T07:38:21.688241-04:00,reconstructed_kalshi,kalshi,KXLOWTHOU-26JUN01-T77,BUY,Limit,3457.0,0.01,34.57,2.3958,0.0,0.0,0,ec0e561f-22d8-4a9a-9388-1ab437c68248,reconstructed_from_kalshi_api,lane2,,live_v10,YES,,,,,
1448,2026-06-01T07:38:22.540492-04:00,reconstructed_kalshi,kalshi,KXHIGHLAX-26JUN01-T68,BUY,Limit,3457.0,0.01,34.57,2.3958,0.0,0.0,0,04c13da1-3765-45ed-9f2c-4beb9590db43,reconstructed_from_kalshi_api,lane2,,live_v10,YES,,,,,
1447,2026-06-01T07:38:22.927520-04:00,reconstructed_kalshi,kalshi,KXLOWTLV-26JUN01-T65,BUY,Limit,3457.0,0.01,34.57,2.3958,0.0,0.0,0,2829274a-d0b6-4022-b55e-6a6129ad2499,reconstructed_from_kalshi_api,lane2,,live_v10,YES,,,,,
1446,2026-06-01T12:56:31.153889-04:00,reconstructed_kalshi,kalshi,KXHIGHTHOU-26JUN01-T89,BUY,Limit,93.0,0.01,0.93,0.0645,0.0,0.0,0,832ccdff-640d-4980-817d-d50df54e71f1,reconstructed_from_kalshi_api,lane2,,live_v10,YES,,,,,
1445,2026-06-01T12:56:48.717945-04:00,reconstructed_kalshi,kalshi,KXLOWTPHX-26JUN01-B74.5,BUY,Limit,93.0,0.01,0.93,0.0645,0.0,0.0,0,2a35eddd-e5c8-47da-a72a-85d1f6711ae1,reconstructed_from_kalshi_api,lane2,,live_v10,YES,,,,,
1444,2026-06-01T12:56:49.000316-04:00,reconstructed_kalshi,kalshi,KXLOWTPHX-26JUN01-B72.5,BUY,Limit,93.0,0.01,0.93,0.0645,0.0,0.0,0,b356b9b9-915d-474d-9de1-8f41b3362d83,reconstructed_from_kalshi_api,lane2,,live_v10,YES,,,,,
1443,2026-06-01T12:56:51.195513-04:00,reconstructed_kalshi,kalshi,KXLOWTHOU-26JUN01-B72.5,BUY,Limit,7.0,0.041428571428571426,0.29,0.0196,0.0,0.0,0,6fe984c0-fee7-4dc4-b440-60287d827770,reconstructed_from_kalshi_api,lane2,,live_v10,YES,,,,,
1442,2026-06-01T12:56:56.589794-04:00,reconstructed_kalshi,kalshi,KXHIGHTATL-26JUN01-T89,BUY,Limit,13.0,0.030000000000000002,0.39,0.0265,0.0,0.0,0,350b4bd7-a340-4dc5-8dde-bb714c3e4518,reconstructed_from_kalshi_api,lane2,,live_v10,YES,,,,,
1441,2026-06-01T15:25:51.181504-04:00,reconstructed_kalshi,kalshi,CONTROLH-2028-D,SELL,Market,4.0,0.35,1.4,0.0637,0.0,0.0,0,0ba5f881-98ca-463d-b7d4-33f63e9245b3,reconstructed_from_kalshi_api,lane2,,live_v10,YES,,,,,
1440,2026-06-01T15:26:01.362043-04:00,reconstructed_kalshi,kalshi,GOVPARTYLA-27-D,SELL,Market,4.0,0.92,3.68,0.0207,0.0,0.0,0,8216601e-d496-40b0-836d-4585ac277f42,reconstructed_from_kalshi_api,lane2,,live_v10,YES,,,,,
1439,2026-06-01T15:26:11.019551-04:00,reconstructed_kalshi,kalshi,KXNBAGAME-26JUN03NYKSAS-NYK,SELL,Market,51.77,0.64,33.1328,0.835,0.0,0.0,0,a28b8eae-be41-4e62-88a5-dcaf9e999f65,reconstructed_from_kalshi_api,lane2,,live_v10,YES,,,,,
1438,2026-06-01T15:26:23.599759-04:00,reconstructed_kalshi,kalshi,CONTROLS-2028-D,SELL,Market,5.0,0.5,2.5,0.0875,0.0,0.0,0,e17e82bc-984c-4d8f-83b4-4e47808f4cab,reconstructed_from_kalshi_api,lane2,,live_v10,YES,,,,,
1437,2026-06-01T23:01:59.151448-04:00,reconstructed_kalshi,kalshi,KXHIGHTATL-26JUN01-T82,SELL,Limit,422.0,0.01,4.22,0.2925,0.0,0.0,0,c53dd994-8b25-4e28-b1f2-438de4f9a1e7,reconstructed_from_kalshi_api,lane2,,live_v10,NO,,,,,
1436,2026-06-01T23:01:59.910239-04:00,reconstructed_kalshi,kalshi,KXLOWTATL-26JUN01-T67,BUY,Limit,449.0,0.01,4.49,0.3112,0.0,0.0,0,8daeff0f-1139-4e8b-a425-7c42cec03f09,reconstructed_from_kalshi_api,lane2,,live_v10,YES,,,,,
1435,2026-06-01T23:02:27.470179-04:00,reconstructed_kalshi,kalshi,KXHIGHTATL-26JUN01-T82,SELL,Limit,422.0,0.01,4.22,0.2925,0.0,0.0,0,f6b074fa-7f56-4323-9b4b-cd7f87ac0dea,reconstructed_from_kalshi_api,lane2,,live_v10,NO,,,,,
1434,2026-06-01T23:02:27.692550-04:00,reconstructed_kalshi,kalshi,KXLOWTATL-26JUN01-B66.5,BUY,Limit,449.0,0.01,4.49,0.3112,0.0,0.0,0,bc5eb88b-ba25-444e-8bbf-7268039a664d,reconstructed_from_kalshi_api,lane2,,live_v10,YES,,,,,
1433,2026-06-01T23:02:32.981144-04:00,reconstructed_kalshi,kalshi,KXHIGHDEN-26JUN01-B77.5,BUY,Limit,252.0,0.01,2.52,0.1747,0.0,0.0,0,50e25142-c10f-4e16-8d29-c3a6f1e22c5b,reconstructed_from_kalshi_api,lane2,,live_v10,YES,,,,,
1432,2026-06-01T23:12:58.922229-04:00,reconstructed_kalshi,kalshi,KXHIGHLAX-26JUN01-B68.5,BUY,Limit,26.0,0.01,0.26,0.0181,0.0,0.0,0,18a75f8b-3c3c-4b0e-9af9-a9300a40dc1e,reconstructed_from_kalshi_api,lane2,,live_v10,YES,,,,,
1431,2026-06-01T23:13:24.689646-04:00,reconstructed_kalshi,kalshi,KXHIGHTATL-26JUN02-T75,BUY,Limit,13.0,0.02,0.26,0.0179,0.0,0.0,0,79ec264c-97ee-45a7-89bf-33a5074f7e0e,reconstructed_from_kalshi_api,lane2,,live_v10,YES,,,,,
1430,2026-06-01T23:13:25.718592-04:00,reconstructed_kalshi,kalshi,KXHIGHAUS-26JUN02-T90,BUY,Limit,5.0,0.04,0.2,0.0135,0.0,0.0,0,ad84edf1-feaa-4663-b078-d406f188d2d0,reconstructed_from_kalshi_api,lane2,,live_v10,YES,,,,,
1429,2026-06-01T23:13:27.913199-04:00,reconstructed_kalshi,kalshi,KXHIGHNY-26JUN01-T70,BUY,Limit,26.0,0.01,0.26,0.0181,0.0,0.0,0,30906bfc-0203-4fac-8a46-cb5b39edc664,reconstructed_from_kalshi_api,lane2,,live_v10,YES,,,,,
1428,2026-06-01T23:13:28.805357-04:00,reconstructed_kalshi,kalshi,KXHIGHTHOU-26JUN01-B89.5,BUY,Limit,17.0,0.01,0.17,0.0118,0.0,0.0,0,dcde312a-9719-4cff-9d1b-8e405051c810,reconstructed_from_kalshi_api,lane2,,live_v10,YES,,,,,
1427,2026-06-01T23:18:31.742968-04:00,reconstructed_kalshi,kalshi,KXHIGHTATL-26JUN02-B75.5,BUY,Limit,1.0,0.02,0.02,0.0014,0.0,0.0,0,19180a0e-2b7f-4656-a104-b51829c83b15,reconstructed_from_kalshi_api,lane2,,live_v10,YES,,,,,
1426,2026-06-01T23:35:36.789190-04:00,reconstructed_kalshi,kalshi,KXLOWTLV-26JUN01-B71.5,BUY,Limit,1.0,0.01,0.01,0.0007,0.0,0.0,0,2b81ad59-7452-43a2-8fe0-60fe0d9b28f4,reconstructed_from_kalshi_api,lane2,,live_v10,YES,,,,,
1425,2026-06-01T23:35:49.612178-04:00,reconstructed_kalshi,kalshi,KXHIGHTLV-26JUN01-T96,BUY,Limit,1.0,0.01,0.01,0.0007,0.0,0.0,0,8b09e2ec-dde2-49f3-8415-f6f02086fc01,reconstructed_from_kalshi_api,lane2,,live_v10,YES,,,,,
1424,2026-06-01T23:35:49.920800-04:00,reconstructed_kalshi,kalshi,KXHIGHDEN-26JUN01-T77,BUY,Limit,1.0,0.01,0.01,0.0007,0.0,0.0,0,b54f4c0e-aba6-4b01-9af3-5986f757fd1e,reconstructed_from_kalshi_api,lane2,,live_v10,YES,,,,,
1423,2026-06-01T23:35:50.222068-04:00,reconstructed_kalshi,kalshi,KXHIGHAUS-26JUN01-T92,BUY,Limit,1.0,0.01,0.01,0.0007,0.0,0.0,0,c057144c-9b23-4946-8a17-91f52762d14e,reconstructed_from_kalshi_api,lane2,,live_v10,YES,,,,,
1422,2026-06-01T23:35:50.646200-04:00,reconstructed_kalshi,kalshi,KXHIGHTPHX-26JUN01-T100,BUY,Limit,1.0,0.01,0.01,0.0007,0.0,0.0,0,6bd82676-3a69-4c36-90d5-1f14478e5cc6,reconstructed_from_kalshi_api,lane2,,live_v10,YES,,,,,
1421,2026-06-02T00:01:24.406237-04:00,reconstructed_kalshi,kalshi,KXHIGHTPHX-26JUN01-T100,SELL,Limit,1.0,0.01,0.01,0.0007,0.0,0.0,0,dd8eb27e-0bc9-40f3-ae27-34a06cd068d1,reconstructed_from_kalshi_api,lane2,,live_v10,NO,,,,,
1420,2026-06-02T00:03:32.795361-04:00,reconstructed_kalshi,kalshi,KXHIGHTPHX-26JUN01-T100,SELL,Limit,1.0,0.01,0.01,0.0007,0.0,0.0,0,47c96523-f626-4075-bb9d-8488c8d1dcb6,reconstructed_from_kalshi_api,lane2,,live_v10,NO,,,,,
1419,2026-06-02T00:05:38.996621-04:00,reconstructed_kalshi,kalshi,KXHIGHTPHX-26JUN01-T100,SELL,Limit,1.0,0.01,0.01,0.0007,0.0,0.0,0,08bdee67-a9e5-4b6d-9cbf-53535b115e51,reconstructed_from_kalshi_api,lane2,,live_v10,NO,,,,,
1418,2026-06-02T00:08:15.068330-04:00,reconstructed_kalshi,kalshi,KXHIGHTPHX-26JUN01-T100,SELL,Limit,1.0,0.01,0.01,0.0007,0.0,0.0,0,daa4ffb0-41be-46e7-842f-931928fadc44,reconstructed_from_kalshi_api,lane2,,live_v10,NO,,,,,
1417,2026-06-02T00:10:56.267097-04:00,reconstructed_kalshi,kalshi,KXHIGHTPHX-26JUN01-T100,SELL,Limit,1.0,0.01,0.01,0.0007,0.0,0.0,0,f2f22987-bc01-430f-9f66-9752a506a7ca,reconstructed_from_kalshi_api,lane2,,live_v10,NO,,,,,
1416,2026-06-02T13:32:17.967422-04:00,reconstructed_kalshi,kalshi,KXHIGHNY-26JUN02-B75.5,BUY,Limit,33.0,0.2940121212121212,9.7024,0.4257,0.0,0.0,0,db525934-3c23-457e-b6b0-0ab61e7dd582,reconstructed_from_kalshi_api,lane2,,live_v10,YES,,,,,
1415,2026-06-02T13:32:18.666245-04:00,reconstructed_kalshi,kalshi,KXLOWTATL-26JUN02-T66,BUY,Limit,19.0,0.47,8.93,0.3314,0.0,0.0,0,5149fcb6-45c9-4339-8321-63b92021f547,reconstructed_from_kalshi_api,lane2,,live_v10,YES,,,,,
1414,2026-06-02T14:10:16.468558-04:00,reconstructed_kalshi,kalshi,KXHIGHMIA-26JUN03-B86.5,BUY,Limit,42.0,0.21714285714285714,9.12,0.4853,0.0,0.0,0,35044cee-2443-4d5f-a086-7b3b33d13ce4,reconstructed_from_kalshi_api,lane2,,live_v10,YES,,,,,
1413,2026-06-02T14:10:16.737802-04:00,reconstructed_kalshi,kalshi,KXHIGHMIA-26JUN03-B84.5,BUY,Limit,29.0,0.35000000000000003,10.15,0.4619,0.0,0.0,0,c09afd66-5a5b-4391-a3f2-5eeba424df30,reconstructed_from_kalshi_api,lane2,,live_v10,YES,,,,,
1412,2026-06-02T14:12:20.875466-04:00,reconstructed_kalshi,kalshi,KXLOWTPHX-26JUN03-T77,SELL,Limit,23.0,0.93,21.39,0.1049,0.0,0.0,0,41883e6b-2f61-4cd4-b1c3-eab8cdab6256,reconstructed_from_kalshi_api,lane2,,live_v10,NO,,,,,
1411,2026-06-02T14:12:29.456462-04:00,reconstructed_kalshi,kalshi,KXLOWTLV-26JUN03-B74.5,BUY,Limit,10.0,0.544,5.44,0.1219,0.0,0.0,0,f8183c00-b895-4e13-b33c-20d8e9c83d40,reconstructed_from_kalshi_api,lane2,,live_v10,YES,,,,,
1410,2026-06-02T14:40:54.287305-04:00,reconstructed_kalshi,kalshi,KXHIGHTLV-26JUN02-B98.5,BUY,Limit,21.0,0.0,0.0,0.0,0.0,0.0,0,a9847732-f815-4f11-95ff-8216cc426e32,reconstructed_from_kalshi_api,lane2,,live_v10,YES,,,,,
1409,2026-06-02T14:41:15.308273-04:00,reconstructed_kalshi,kalshi,KXHIGHTLV-26JUN02-B98.5,SELL,Limit,21.0,0.8673619047619048,18.2146,0.1692,0.0,0.0,0,f60932d8-fece-43f8-9daa-84722d983393,reconstructed_from_kalshi_api,lane2,,live_v10,YES,,,,,
1408,2026-06-02T14:43:02.976547-04:00,reconstructed_kalshi,kalshi,KXHIGHTLV-26JUN02-B98.5,BUY,Limit,19.0,0.03789473684210526,0.72,0.0414,0.0,0.0,0,84a2ceb4-0bb4-4254-90bb-dfdf13ca6b6b,reconstructed_from_kalshi_api,lane2,,live_v10,YES,,,,,
1407,2026-06-02T14:45:26.966076-04:00,reconstructed_kalshi,kalshi,KXHIGHTLV-26JUN02-B98.5,BUY,Limit,16.0,0.045,0.72,0.0414,0.0,0.0,0,01d0860f-05d2-474b-9541-516920a17d98,reconstructed_from_kalshi_api,lane2,,live_v10,YES,,,,,
1406,2026-06-02T14:47:56.973981-04:00,reconstructed_kalshi,kalshi,KXHIGHTLV-26JUN02-B98.5,BUY,Limit,15.0,0.06333333333333332,0.95,0.0539,0.0,0.0,0,5672dea1-14aa-4889-b464-c2cd0f0a6ae6,reconstructed_from_kalshi_api,lane2,,live_v10,YES,,,,,
1405,2026-06-02T14:50:25.285541-04:00,reconstructed_kalshi,kalshi,KXHIGHTLV-26JUN02-B98.5,BUY,Limit,14.0,0.0,0.0,0.0,0.0,0.0,0,b051eb10-1f2b-4610-8424-04fd9fd1b1da,reconstructed_from_kalshi_api,lane2,,live_v10,YES,,,,,
1404,2026-06-02T14:52:35.279164-04:00,reconstructed_kalshi,kalshi,KXHIGHTLV-26JUN02-B98.5,BUY,Limit,14.0,0.09999999999999999,1.4,0.0784,0.0,0.0,0,97527897-4044-4154-88e4-cc94a3f7e86d,reconstructed_from_kalshi_api,lane2,,live_v10,YES,,,,,
1403,2026-06-02T14:54:40.130806-04:00,reconstructed_kalshi,kalshi,KXHIGHTLV-26JUN02-B98.5,BUY,Limit,12.0,0.21,2.52,0.1397,0.0,0.0,0,b277b3ff-97dc-464e-b9b3-5516d0ec9fe1,reconstructed_from_kalshi_api,lane2,,live_v10,YES,,,,,
1402,2026-06-02T14:56:50.658889-04:00,reconstructed_kalshi,kalshi,KXHIGHTLV-26JUN02-B98.5,BUY,Limit,11.0,0.21,2.31,0.1278,0.0,0.0,0,16ffa4e4-45f9-4519-aed1-ce365954815f,reconstructed_from_kalshi_api,lane2,,live_v10,YES,,,,,
1401,2026-06-02T14:59:00.457375-04:00,reconstructed_kalshi,kalshi,KXHIGHTLV-26JUN02-B98.5,BUY,Limit,9.0,0.21,1.89,0.1048,0.0,0.0,0,f7e4fa2e-7e44-4c87-b794-1ab323a3d049,reconstructed_from_kalshi_api,lane2,,live_v10,YES,,,,,
1400,2026-06-02T14:59:00.729375-04:00,reconstructed_kalshi,kalshi,KXHIGHCHI-26JUN03-T80,BUY,Limit,1.0,0.15,0.15,0.009,0.0,0.0,0,098c6db7-afea-4a1e-b3d2-b6d84e50554a,reconstructed_from_kalshi_api,lane2,,live_v10,YES,,,,,
1399,2026-06-02T15:01:08.052537-04:00,reconstructed_kalshi,kalshi,KXHIGHTLV-26JUN02-B98.5,BUY,Limit,7.0,0.20428571428571426,1.43,0.0798,0.0,0.0,0,8475d070-a466-49fe-84fd-06e80ef87da0,reconstructed_from_kalshi_api,lane2,,live_v10,YES,,,,,
1398,2026-06-02T15:03:18.565780-04:00,reconstructed_kalshi,kalshi,KXHIGHTLV-26JUN02-B98.5,BUY,Limit,6.0,0.17500000000000002,1.05,0.0582,0.0,0.0,0,00ff93e9-31e3-4be5-a4bf-a15419aa6e5f,reconstructed_from_kalshi_api,lane2,,live_v10,YES,,,,,
1397,2026-06-02T15:05:31.001793-04:00,reconstructed_kalshi,kalshi,KXHIGHTLV-26JUN02-B98.5,BUY,Limit,5.0,0.21200000000000002,1.06,0.0586,0.0,0.0,0,3e2b3dfb-f7dc-4591-99c3-fa865089002e,reconstructed_from_kalshi_api,lane2,,live_v10,YES,,,,,
1396,2026-06-02T15:07:39.966816-04:00,reconstructed_kalshi,kalshi,KXHIGHTLV-26JUN02-B98.5,BUY,Limit,5.0,0.16799999999999998,0.84,0.0465,0.0,0.0,0,064c3dfe-6f5c-4a20-982e-99b214b86965,reconstructed_from_kalshi_api,lane2,,live_v10,YES,,,,,
1395,2026-06-02T15:09:39.836375-04:00,reconstructed_kalshi,kalshi,KXHIGHDEN-26JUN02-T79,SELL,Limit,8.0,0.14,1.12,0.0675,0.0,0.0,0,650e531c-32eb-4957-8b25-0fddced630e8,reconstructed_from_kalshi_api,lane2,,live_v10,YES,,,,,
1394,2026-06-02T23:30:11.589437-04:00,reconstructed_kalshi,kalshi,KXLOWTATL-26JUN02-B65.5,BUY,Limit,85.0,0.31,26.35,1.2728,0.0,0.0,0,12d25b3b-e0ec-4066-b726-e2fa24132776,reconstructed_from_kalshi_api,lane2,,live_v10,YES,,,,,
1393,2026-06-02T23:30:13.261307-04:00,reconstructed_kalshi,kalshi,KXHIGHNY-26JUN03-T83,BUY,Limit,15.0,0.186,2.79,0.159,0.0,0.0,0,3d2cc67c-33bf-4f3b-8b71-8e31c9b42db1,reconstructed_from_kalshi_api,lane2,,live_v10,YES,,,,,
1392,2026-06-02T23:46:27.180069-04:00,reconstructed_kalshi,kalshi,KXHIGHNY-26JUN02-B75.5,SELL,Limit,33.0,0.01,0.33,0.0229,0.0,0.0,0,188fb0fa-5111-44c3-b4da-ab38b71a9644,reconstructed_from_kalshi_api,lane2,,live_v10,YES,,,,,
1391,2026-06-02T23:48:54.057209-04:00,reconstructed_kalshi,kalshi,KXHIGHNY-26JUN03-T83,SELL,Limit,15.0,0.21600000000000003,3.24,0.1779,0.0,0.0,0,7a135ae3-5a24-4d35-b443-370513c78085,reconstructed_from_kalshi_api,lane2,,live_v10,NO,,,,,
1390,2026-06-02T23:51:01.097343-04:00,reconstructed_kalshi,kalshi,KXHIGHNY-26JUN03-T83,SELL,Limit,15.0,0.196,2.94,0.1655,0.0,0.0,0,6b0f238f-74db-4784-b26c-2874d141c904,reconstructed_from_kalshi_api,lane2,,live_v10,NO,,,,,
1389,2026-06-02T23:53:10.697556-04:00,reconstructed_kalshi,kalshi,KXHIGHNY-26JUN03-T83,SELL,Limit,15.0,0.196,2.94,0.1655,0.0,0.0,0,844e58c8-7ee7-4b34-ba9b-2b64db1e434c,reconstructed_from_kalshi_api,lane2,,live_v10,NO,,,,,
1388,2026-06-02T23:55:20.289169-04:00,reconstructed_kalshi,kalshi,KXHIGHNY-26JUN03-T83,SELL,Limit,15.0,0.206,3.09,0.1718,0.0,0.0,0,69ab3385-a400-4267-b806-634c6f0fc3c4,reconstructed_from_kalshi_api,lane2,,live_v10,NO,,,,,
1387,2026-06-02T23:57:30.843063-04:00,reconstructed_kalshi,kalshi,KXHIGHNY-26JUN03-T83,SELL,Limit,15.0,0.206,3.09,0.1718,0.0,0.0,0,0dbdd2a0-f307-4ac4-8481-a66302c224b4,reconstructed_from_kalshi_api,lane2,,live_v10,NO,,,,,
1386,2026-06-03T00:00:24.317108-04:00,reconstructed_kalshi,kalshi,KXHIGHNY-26JUN03-T83,SELL,Limit,15.0,0.19,2.85,0.1617,0.0,0.0,0,e2f1cb1e-e49b-4cf1-ab08-f87645cafc75,reconstructed_from_kalshi_api,lane2,,live_v10,NO,,,,,
1385,2026-06-03T00:02:34.875790-04:00,reconstructed_kalshi,kalshi,KXHIGHNY-26JUN03-T83,SELL,Limit,15.0,0.196,2.94,0.1655,0.0,0.0,0,5a06deff-5554-4e0e-aa89-ebee6d6e6ee9,reconstructed_from_kalshi_api,lane2,,live_v10,NO,,,,,
1384,2026-06-03T00:04:53.348752-04:00,reconstructed_kalshi,kalshi,KXHIGHNY-26JUN03-T83,SELL,Limit,15.0,0.24000000000000002,3.6,0.1916,0.0,0.0,0,cf72532b-0b50-4619-9db9-7dd1bd5abe03,reconstructed_from_kalshi_api,lane2,,live_v10,NO,,,,,
1383,2026-06-03T00:07:10.472082-04:00,reconstructed_kalshi,kalshi,KXHIGHNY-26JUN03-T83,SELL,Limit,15.0,0.286,4.29,0.2145,0.0,0.0,0,0c575991-5d48-4a58-b192-d93b3578cc1d,reconstructed_from_kalshi_api,lane2,,live_v10,NO,,,,,
1382,2026-06-03T00:09:19.963120-04:00,reconstructed_kalshi,kalshi,KXHIGHNY-26JUN03-T83,SELL,Limit,15.0,0.3024866666666667,4.5373,0.2216,0.0,0.0,0,e87cf1ac-8de9-4746-af30-cc9bd4ae4f9a,reconstructed_from_kalshi_api,lane2,,live_v10,NO,,,,,
1381,2026-06-03T00:11:23.807258-04:00,reconstructed_kalshi,kalshi,KXHIGHNY-26JUN03-T83,SELL,Limit,15.0,0.33,4.95,0.2322,0.0,0.0,0,af1c19ee-3aca-43fa-a5bb-cbf14195f248,reconstructed_from_kalshi_api,lane2,,live_v10,NO,,,,,
1380,2026-06-03T00:13:34.740132-04:00,reconstructed_kalshi,kalshi,KXHIGHNY-26JUN03-T83,SELL,Limit,15.0,0.33399999999999996,5.01,0.2337,0.0,0.0,0,e7b01f41-b058-46c6-bd06-614f50a4da4f,reconstructed_from_kalshi_api,lane2,,live_v10,NO,,,,,
1379,2026-06-03T00:15:45.146550-04:00,reconstructed_kalshi,kalshi,KXHIGHNY-26JUN03-T83,SELL,Limit,15.0,0.34600000000000003,5.19,0.2378,0.0,0.0,0,0c2c40f7-fb1a-431f-bce6-6204d7c91bd5,reconstructed_from_kalshi_api,lane2,,live_v10,NO,,,,,
1378,2026-06-03T00:17:55.348883-04:00,reconstructed_kalshi,kalshi,KXHIGHNY-26JUN03-T83,SELL,Limit,15.0,0.33,4.95,0.2322,0.0,0.0,0,cf50b97a-69c0-4a32-bb0c-fa4625c5b9a4,reconstructed_from_kalshi_api,lane2,,live_v10,NO,,,,,
1377,2026-06-03T00:20:18.676014-04:00,reconstructed_kalshi,kalshi,KXHIGHNY-26JUN03-T83,SELL,Limit,15.0,0.3426666666666666,5.14,0.2365,0.0,0.0,0,76c1c28b-9fde-4c20-a6b3-eb4b4c82595a,reconstructed_from_kalshi_api,lane2,,live_v10,NO,,,,,
1376,2026-06-03T00:23:07.163347-04:00,reconstructed_kalshi,kalshi,KXHIGHNY-26JUN03-T83,SELL,Limit,15.0,0.34600000000000003,5.19,0.2377,0.0,0.0,0,2ca57f7c-fd35-4500-bb73-84225e378244,reconstructed_from_kalshi_api,lane2,,live_v10,NO,,,,,
1375,2026-06-03T01:03:59.866826-04:00,reconstructed_kalshi,kalshi,KXLOWTPHX-26JUN03-T77,SELL,Limit,23.0,0.32565217391304346,7.49,0.3448,0.0,0.0,0,e5804202-1894-4362-84de-8263a31eff62,reconstructed_from_kalshi_api,lane2,,live_v10,YES,,,,,
1,2026-06-03T01:10:00.230247-04:00,forecast_monitor,kalshi,KXHIGHDEN-26JUN02-T79,SELL,Market,8.0,0.0,0.0,0.0,0.0,0.0,0,12bc5512-a97d-4158-838a-8686a5707549,resolved_or_expired,lane2,0,live_v10,,,,,,
2,2026-06-03T01:21:17.471879-04:00,forecast_monitor,kalshi,KXHIGHDEN-26JUN02-T79,SELL,Market,8.0,0.0,0.0,0.0,0.0,0.0,0,5b3f6e5d-fedf-49da-9d19-ca93320fc7ba,resolved_or_expired,lane2,0,live_v10,,,,,,
1374,2026-06-03T01:38:47.380614-04:00,reconstructed_kalshi,kalshi,KXHIGHDEN-26JUN03-T81,BUY,Limit,1.0,0.23,0.23,0.0124,0.0,0.0,0,764b1ecc-33dc-4b47-821d-b8d4b99330a3,reconstructed_from_kalshi_api,lane2,,live_v10,YES,,,,,
1373,2026-06-03T01:38:51.659258-04:00,reconstructed_kalshi,kalshi,KXHIGHDEN-26JUN03-T81,SELL,Limit,1.0,0.78,0.78,0.0121,0.0,0.0,0,4f7a6d18-1aa8-46b5-ac2e-4c57387de96d,reconstructed_from_kalshi_api,lane2,,live_v10,YES,,,,,
1372,2026-06-03T01:40:55.687172-04:00,reconstructed_kalshi,kalshi,KXHIGHDEN-26JUN03-T81,BUY,Limit,1.0,0.23,0.23,0.0124,0.0,0.0,0,fc99df7e-037f-49f1-bec6-b9a8895dcad6,reconstructed_from_kalshi_api,lane2,,live_v10,YES,,,,,
1371,2026-06-03T01:41:16.822089-04:00,reconstructed_kalshi,kalshi,KXHIGHDEN-26JUN03-T81,SELL,Limit,1.0,0.78,0.78,0.0121,0.0,0.0,0,464aba08-c7a4-4cfc-8b08-2aba14f07e80,reconstructed_from_kalshi_api,lane2,,live_v10,YES,,,,,
1370,2026-06-03T01:44:25.691185-04:00,reconstructed_kalshi,kalshi,KXHIGHDEN-26JUN03-T81,BUY,Limit,1.0,0.23,0.23,0.0124,0.0,0.0,0,3811d333-260c-451c-9038-c63ec444360e,reconstructed_from_kalshi_api,lane2,,live_v10,YES,,,,,
1369,2026-06-03T01:44:31.453466-04:00,reconstructed_kalshi,kalshi,KXHIGHDEN-26JUN03-T81,SELL,Limit,1.0,0.78,0.78,0.0121,0.0,0.0,0,7c150fd6-4a82-49f6-8096-cd778b92efeb,reconstructed_from_kalshi_api,lane2,,live_v10,YES,,,,,
1368,2026-06-03T01:47:16.397076-04:00,reconstructed_kalshi,kalshi,KXHIGHDEN-26JUN03-T81,BUY,Limit,1.0,0.23,0.23,0.0124,0.0,0.0,0,472ddb47-457d-47e8-9058-c475f354e1de,reconstructed_from_kalshi_api,lane2,,live_v10,YES,,,,,
1367,2026-06-03T01:47:21.475436-04:00,reconstructed_kalshi,kalshi,KXHIGHDEN-26JUN03-T81,SELL,Limit,1.0,0.79,0.79,0.0117,0.0,0.0,0,b03a347d-9a34-477d-b8e5-8da8e658d248,reconstructed_from_kalshi_api,lane2,,live_v10,YES,,,,,
1366,2026-06-03T01:51:09.138294-04:00,reconstructed_kalshi,kalshi,KXHIGHNY-26JUN03-T83,SELL,Limit,255.0,0.8510839215686274,217.0264,2.2572,0.0,0.0,0,6e4f523f-e464-4e76-97ca-f508295b7bea,reconstructed_from_kalshi_api,lane2,,live_v10,YES,,,,,
1365,2026-06-03T01:51:12.322444-04:00,reconstructed_kalshi,kalshi,KXHIGHCHI-26JUN03-T80,SELL,Limit,1.0,0.91,0.91,0.0058,0.0,0.0,0,7361e474-3d1f-4469-a9d8-cda0af6aa44c,reconstructed_from_kalshi_api,lane2,,live_v10,YES,,,,,
1364,2026-06-03T01:51:15.256600-04:00,reconstructed_kalshi,kalshi,KXHIGHMIA-26JUN03-B84.5,SELL,Limit,29.0,0.606551724137931,17.59,0.4844,0.0,0.0,0,27af38b7-c091-432b-9577-12d77b809b09,reconstructed_from_kalshi_api,lane2,,live_v10,YES,,,,,
1363,2026-06-03T01:52:25.204632-04:00,reconstructed_kalshi,kalshi,KXHIGHNY-26JUN03-B80.5,BUY,Limit,63.0,0.23,14.49,0.7811,0.0,0.0,0,d9987875-23b3-4402-b8de-f7d95307857c,reconstructed_from_kalshi_api,lane2,,live_v10,YES,,,,,
1362,2026-06-03T02:01:02.118165-04:00,reconstructed_kalshi,kalshi,KXHIGHMIA-26JUN03-B86.5,SELL,Limit,42.0,0.33785714285714286,14.19,0.6577,0.0,0.0,0,8662d945-b630-4818-8bd8-50055d561668,reconstructed_from_kalshi_api,lane2,,live_v10,NO,,,,,
1361,2026-06-03T02:01:04.796289-04:00,reconstructed_kalshi,kalshi,KXLOWTHOU-26JUN03-T75,BUY,Limit,31.0,0.025806451612903226,0.8,0.0336,0.0,0.0,0,6943cdda-9ec3-4946-baed-768943acd625,reconstructed_from_kalshi_api,lane2,,live_v10,YES,,,,,
1360,2026-06-03T02:03:06.387600-04:00,reconstructed_kalshi,kalshi,KXHIGHMIA-26JUN03-B86.5,SELL,Limit,42.0,0.3773809523809524,15.85,0.6909,0.0,0.0,0,ef8fb06d-ebac-49f3-9207-6bf11f2cdaef,reconstructed_from_kalshi_api,lane2,,live_v10,NO,,,,,
1359,2026-06-03T02:03:08.522190-04:00,reconstructed_kalshi,kalshi,KXLOWTHOU-26JUN03-T75,BUY,Limit,16.0,0.031875,0.51,0.0175,0.0,0.0,0,4c2abc2a-e0ce-41dd-8a53-e8bc258bc07f,reconstructed_from_kalshi_api,lane2,,live_v10,YES,,,,,
1358,2026-06-03T02:05:12.892704-04:00,reconstructed_kalshi,kalshi,KXHIGHMIA-26JUN03-B86.5,SELL,Limit,42.0,0.3940476190476191,16.55,0.7018,0.0,0.0,0,a5b382d2-7441-4615-9729-78fd4ba0a183,reconstructed_from_kalshi_api,lane2,,live_v10,NO,,,,,
1357,2026-06-03T02:05:26.842092-04:00,reconstructed_kalshi,kalshi,KXLOWTHOU-26JUN03-T75,BUY,Limit,8.0,0.0,0.0,0.0,0.0,0.0,0,08bb5da1-0704-44d3-9ddc-ab19b54ffedd,reconstructed_from_kalshi_api,lane2,,live_v10,YES,,,,,
1356,2026-06-03T02:07:29.663726-04:00,reconstructed_kalshi,kalshi,KXLOWTHOU-26JUN03-T75,BUY,Limit,3.0,0.57,1.71,0.0515,0.0,0.0,0,6a35ea6f-d239-42f0-8399-197fdccff3fd,reconstructed_from_kalshi_api,lane2,,live_v10,YES,,,,,
1355,2026-06-03T02:09:32.528288-04:00,reconstructed_kalshi,kalshi,KXLOWTHOU-26JUN03-T75,BUY,Limit,1.0,0.57,0.57,0.0172,0.0,0.0,0,e19345fa-55bf-496c-acc6-e0aa686afe66,reconstructed_from_kalshi_api,lane2,,live_v10,YES,,,,,
1354,2026-06-03T02:10:09.156119-04:00,reconstructed_kalshi,kalshi,KXLOWTHOU-26JUN03-T75,SELL,Limit,1.0,0.9,0.9,0.0063,0.0,0.0,0,63a245ce-3c72-423f-a3c9-f24f0d3d6512,reconstructed_from_kalshi_api,lane2,,live_v10,YES,,,,,
1353,2026-06-03T02:12:29.536167-04:00,reconstructed_kalshi,kalshi,KXLOWTHOU-26JUN03-T75,BUY,Limit,1.0,0.48,0.48,0.0175,0.0,0.0,0,4cc601c4-903c-4347-8cc9-74926b5b5cca,reconstructed_from_kalshi_api,lane2,,live_v10,YES,,,,,
1352,2026-06-03T02:12:36.799739-04:00,reconstructed_kalshi,kalshi,KXLOWTHOU-26JUN03-T75,SELL,Limit,1.0,0.95,0.95,0.0034,0.0,0.0,0,790dd72f-0589-4121-92a6-9c0817cbec6f,reconstructed_from_kalshi_api,lane2,,live_v10,YES,,,,,
1351,2026-06-03T02:15:31.553785-04:00,reconstructed_kalshi,kalshi,KXLOWTHOU-26JUN03-T75,BUY,Limit,1.0,0.39,0.39,0.0167,0.0,0.0,0,6c6ff9b4-b4d4-4510-a089-b803a4e069be,reconstructed_from_kalshi_api,lane2,,live_v10,YES,,,,,
1350,2026-06-03T02:15:39.813987-04:00,reconstructed_kalshi,kalshi,KXLOWTHOU-26JUN03-T75,SELL,Limit,1.0,0.95,0.95,0.0034,0.0,0.0,0,658125f4-69fb-417c-8f1f-620326641c9c,reconstructed_from_kalshi_api,lane2,,live_v10,YES,,,,,
1349,2026-06-03T02:19:21.052052-04:00,reconstructed_kalshi,kalshi,KXLOWTHOU-26JUN03-T75,SELL,Limit,58.0,0.9732068965517241,56.446,0.1056,0.0,0.0,0,13652c94-94a9-44f1-a21d-ef6be1542013,reconstructed_from_kalshi_api,lane2,,live_v10,YES,,,,,
1348,2026-06-03T02:20:51.172898-04:00,reconstructed_kalshi,kalshi,KXLOWTHOU-26JUN03-T75,BUY,Limit,2.0,0.39,0.78,0.0334,0.0,0.0,0,5b0b44e9-5165-409b-89a7-4fe96293f0c9,reconstructed_from_kalshi_api,lane2,,live_v10,YES,,,,,
1347,2026-06-03T02:21:02.003257-04:00,reconstructed_kalshi,kalshi,KXLOWTHOU-26JUN03-T75,SELL,Limit,2.0,0.98,1.96,0.0028,0.0,0.0,0,7ccf0fa2-fac6-4477-99c9-f3ddef0a1c5b,reconstructed_from_kalshi_api,lane2,,live_v10,YES,,,,,
1346,2026-06-03T02:22:54.040738-04:00,reconstructed_kalshi,kalshi,KXLOWTHOU-26JUN03-T75,BUY,Limit,2.0,0.39,0.78,0.0334,0.0,0.0,0,4f30f78f-0dc4-4048-b12d-02f4896da3f1,reconstructed_from_kalshi_api,lane2,,live_v10,YES,,,,,
1345,2026-06-03T02:22:54.135874-04:00,reconstructed_kalshi,kalshi,KXHIGHDEN-26JUN03-T81,BUY,Limit,1.0,0.18,0.18,0.0104,0.0,0.0,0,c00522cf-fcb0-4ad9-a0fc-71b3803ca9d3,reconstructed_from_kalshi_api,lane2,,live_v10,YES,,,,,
1344,2026-06-03T02:23:16.670798-04:00,reconstructed_kalshi,kalshi,KXLOWTHOU-26JUN03-T75,SELL,Limit,2.0,0.98,1.96,0.0028,0.0,0.0,0,9a47275b-b366-4eec-8685-0b10f1a309a4,reconstructed_from_kalshi_api,lane2,,live_v10,YES,,,,,
1343,2026-06-03T02:25:17.315890-04:00,reconstructed_kalshi,kalshi,KXLOWTHOU-26JUN03-T75,BUY,Limit,2.0,0.39,0.78,0.0334,0.0,0.0,0,a7d84da8-4196-422a-a7f2-9b5f2f78dcce,reconstructed_from_kalshi_api,lane2,,live_v10,YES,,,,,
1342,2026-06-03T02:25:26.949377-04:00,reconstructed_kalshi,kalshi,KXLOWTHOU-26JUN03-T75,SELL,Limit,2.0,0.98,1.96,0.0028,0.0,0.0,0,9bd68f34-6d38-47df-a972-30ef412326d5,reconstructed_from_kalshi_api,lane2,,live_v10,YES,,,,,
1341,2026-06-03T02:27:20.192191-04:00,reconstructed_kalshi,kalshi,KXLOWTHOU-26JUN03-T75,BUY,Limit,1.0,0.39,0.39,0.0167,0.0,0.0,0,0cb7f4d9-407e-4e3d-8ee4-65c0a04142e1,reconstructed_from_kalshi_api,lane2,,live_v10,YES,,,,,
1340,2026-06-03T02:27:38.844639-04:00,reconstructed_kalshi,kalshi,KXLOWTHOU-26JUN03-T75,SELL,Limit,1.0,0.98,0.98,0.0014,0.0,0.0,0,440f7e30-cbeb-4dc3-8e29-10f7b52f5c5a,reconstructed_from_kalshi_api,lane2,,live_v10,YES,,,,,
1339,2026-06-03T02:29:23.734799-04:00,reconstructed_kalshi,kalshi,KXLOWTHOU-26JUN03-T75,BUY,Limit,1.0,0.39,0.39,0.0167,0.0,0.0,0,a97b5640-34bc-4bcb-9b2c-84b7dbdc19a6,reconstructed_from_kalshi_api,lane2,,live_v10,YES,,,,,
1338,2026-06-03T02:29:54.170299-04:00,reconstructed_kalshi,kalshi,KXLOWTHOU-26JUN03-T75,SELL,Limit,1.0,0.98,0.98,0.0014,0.0,0.0,0,03dea7cd-799e-43e1-b011-30c0ff55bddf,reconstructed_from_kalshi_api,lane2,,live_v10,YES,,,,,
1337,2026-06-03T02:31:49.505337-04:00,reconstructed_kalshi,kalshi,KXLOWTHOU-26JUN03-T75,BUY,Limit,1.0,0.39,0.39,0.0167,0.0,0.0,0,697885fd-f506-4bad-b8fc-5dc30b83445a,reconstructed_from_kalshi_api,lane2,,live_v10,YES,,,,,
1336,2026-06-03T02:31:52.979380-04:00,reconstructed_kalshi,kalshi,KXLOWTHOU-26JUN03-T75,SELL,Limit,1.0,0.98,0.98,0.0014,0.0,0.0,0,d6908eca-23e9-48dc-b086-a62c9d0e383e,reconstructed_from_kalshi_api,lane2,,live_v10,YES,,,,,
1335,2026-06-03T02:33:52.870876-04:00,reconstructed_kalshi,kalshi,KXLOWTHOU-26JUN03-T75,BUY,Limit,1.0,0.5,0.5,0.0175,0.0,0.0,0,d9248455-a8d2-4317-b87f-a0095fa05f83,reconstructed_from_kalshi_api,lane2,,live_v10,YES,,,,,
1334,2026-06-03T02:34:03.607135-04:00,reconstructed_kalshi,kalshi,KXLOWTHOU-26JUN03-T75,SELL,Limit,1.0,0.92,0.92,0.0052,0.0,0.0,0,61ef3e3a-2932-4c53-8d21-1f57471e6531,reconstructed_from_kalshi_api,lane2,,live_v10,YES,,,,,
1333,2026-06-03T08:50:12.784725-04:00,reconstructed_kalshi,kalshi,KXLOWTPHX-26JUN03-T77,SELL,Limit,1.0,0.01,0.01,0.0007,0.0,0.0,0,bbfea80a-67e4-4639-a082-d55dcb94c79c,reconstructed_from_kalshi_api,lane2,,live_v10,YES,,,,,
1332,2026-06-03T08:50:45.223534-04:00,reconstructed_kalshi,kalshi,KXLOWTPHX-26JUN03-T77,SELL,Limit,2.0,0.01,0.02,0.0014,0.0,0.0,0,1c39980f-93d6-4326-a11b-480af832524a,reconstructed_from_kalshi_api,lane2,,live_v10,YES,,,,,
1331,2026-06-04T19:48:28.578384-04:00,reconstructed_kalshi,kalshi,KXHIGHLAX-26JUN05-B69.5,BUY,Limit,43.0,0.16,6.88,0.4047,0.0,0.0,0,ece99835-5b30-48bc-ac59-356e8cbd2f7e,reconstructed_from_kalshi_api,lane2,,live_v10,YES,,,,,
1330,2026-06-04T23:33:42.942376-04:00,reconstructed_kalshi,kalshi,KXHIGHLAX-26JUN05-B69.5,SELL,Limit,43.0,0.78,33.54,0.5167,0.0,0.0,0,b7c206cc-1a87-4b77-8f22-3a02e85c5f60,reconstructed_from_kalshi_api,lane2,,live_v10,YES,,,,,
1329,2026-06-05T00:14:53.885843-04:00,reconstructed_kalshi,kalshi,KXLOWTLV-26JUN05-T78,BUY,Limit,26.0,0.29,7.54,0.3748,0.0,0.0,0,e30d802b-f627-411e-9f64-64a6f53e69e7,reconstructed_from_kalshi_api,lane2,,live_v10,NO,,,,,
1328,2026-06-05T00:51:16.667627-04:00,reconstructed_kalshi,kalshi,KXLOWTPHX-26JUN05-T80,BUY,Limit,7.0,0.74,5.18,0.0943,0.0,0.0,0,46681041-a527-4a38-ac26-8f4067c4f24c,reconstructed_from_kalshi_api,lane2,,live_v10,YES,,,,,
1327,2026-06-05T07:02:44.924034-04:00,reconstructed_kalshi,kalshi,KXLOWTPHX-26JUN05-T80,SELL,Limit,7.0,0.12,0.84,0.0518,0.0,0.0,0,087857b5-f4c0-4ead-be3f-4f5316cc246f,reconstructed_from_kalshi_api,lane2,,live_v10,YES,,,,,
1326,2026-06-05T09:01:42.820091-04:00,reconstructed_kalshi,kalshi,KXLOWTATL-26JUN05-T62,BUY,Limit,18.0,0.15000000000000002,2.7,0.1608,0.0,0.0,0,9e18ceb0-a8ea-4bb2-8106-aa89d0ad904c,reconstructed_from_kalshi_api,lane2,,live_v10,NO,,,,,
1325,2026-06-05T09:18:13.133919-04:00,reconstructed_kalshi,kalshi,KXHIGHNY-26JUN05-B89.5,BUY,Limit,7.0,0.27999999999999997,1.96,0.0988,0.0,0.0,0,e148e42a-085a-448f-9cb8-53d89b03d648,reconstructed_from_kalshi_api,lane2,,live_v10,NO,,,,,
1324,2026-06-05T09:18:14.232729-04:00,reconstructed_kalshi,kalshi,KXHIGHNY-26JUN05-B89.5,SELL,Limit,7.0,0.7300000000000001,5.11,0.0966,0.0,0.0,0,3ccbf699-bdf5-4123-bf26-51ddbe31bf78,reconstructed_from_kalshi_api,lane2,,live_v10,NO,,,,,
1323,2026-06-05T09:40:03.842451-04:00,reconstructed_kalshi,kalshi,KXLOWTLV-26JUN05-B77.5,BUY,Limit,30.0,0.01,0.3,0.0208,0.0,0.0,0,e867dadc-d0ae-42b1-9829-76a52cd77968,reconstructed_from_kalshi_api,lane2,,live_v10,YES,,,,,
1322,2026-06-05T10:07:52.259023-04:00,reconstructed_kalshi,kalshi,KXHIGHLAX-26JUN05-B73.5,BUY,Limit,3.0,0.6699999999999999,2.01,0.0465,0.0,0.0,0,e29eac96-05de-4c0d-ba7a-c9f417d68a1e,reconstructed_from_kalshi_api,lane2,,live_v10,NO,,,,,
1321,2026-06-05T10:07:53.483488-04:00,reconstructed_kalshi,kalshi,KXHIGHLAX-26JUN05-B73.5,SELL,Limit,3.0,0.34,1.02,0.0472,0.0,0.0,0,d7ba12c3-1d56-4bdb-a4d1-ecae2e9b8198,reconstructed_from_kalshi_api,lane2,,live_v10,NO,,,,,
1320,2026-06-05T10:42:13.184790-04:00,reconstructed_kalshi,kalshi,KXHIGHTPHX-26JUN06-B106.5,BUY,Limit,16.0,0.4,6.4,0.2688,0.0,0.0,0,536f5378-f276-419b-8b5b-b94b49a65f4e,reconstructed_from_kalshi_api,lane2,,live_v10,NO,,,,,
1319,2026-06-05T10:53:37.512306-04:00,reconstructed_kalshi,kalshi,KXHIGHDEN-26JUN06-B90.5,BUY,Limit,23.0,0.17,3.91,0.2273,0.0,0.0,0,142b0454-33c8-4f57-a06f-bbbeaeb35351,reconstructed_from_kalshi_api,lane2,,live_v10,YES,,,,,
1318,2026-06-05T10:53:38.586993-04:00,reconstructed_kalshi,kalshi,KXHIGHDEN-26JUN06-B90.5,SELL,Limit,23.0,0.84,19.32,0.2164,0.0,0.0,0,005a25aa-b93f-4f2b-a58c-f69c7fdd96ed,reconstructed_from_kalshi_api,lane2,,live_v10,YES,,,,,
1317,2026-06-05T11:10:41.842490-04:00,reconstructed_kalshi,kalshi,KXLOWTPHX-26JUN06-T79,BUY,Limit,5.0,0.79,3.95,0.0582,0.0,0.0,0,4621dd3b-b79e-4577-aee5-5777d17c1bfe,reconstructed_from_kalshi_api,lane2,,live_v10,YES,,,,,
1316,2026-06-05T15:59:20.405412-04:00,reconstructed_kalshi,kalshi,KXLOWTPHX-26JUN06-T79,SELL,Limit,5.0,0.1584,0.792,0.0467,0.0,0.0,0,18b98be1-d654-4d44-8faa-69bf701030c0,reconstructed_from_kalshi_api,lane2,,live_v10,YES,,,,,
1315,2026-06-05T18:47:09.088270-04:00,reconstructed_kalshi,kalshi,KXLOWTATL-26JUN05-B61.5,BUY,Limit,29.0,0.009999999999999998,0.29,0.0201,0.0,0.0,0,75702d9a-0fd6-494f-9ef3-911011e92994,reconstructed_from_kalshi_api,lane2,,live_v10,YES,,,,,
1314,2026-06-05T18:47:13.690965-04:00,reconstructed_kalshi,kalshi,KXHIGHTHOU-26JUN05-T85,BUY,Limit,29.0,0.009999999999999998,0.29,0.0201,0.0,0.0,0,500e8a79-9cb0-49eb-91ac-35bc4d952d05,reconstructed_from_kalshi_api,lane2,,live_v10,YES,,,,,
1313,2026-06-05T18:52:52.642211-04:00,reconstructed_kalshi,kalshi,KXHIGHLAX-26JUN05-B69.5,BUY,Limit,33.0,0.12878787878787878,4.25,0.2592,0.0,0.0,0,cf5049ac-ab0d-4556-a5c7-4d2990c1198c,reconstructed_from_kalshi_api,lane2,,live_v10,NO,,,,,
1312,2026-06-05T19:04:19.485569-04:00,reconstructed_kalshi,kalshi,KXHIGHNY-26JUN06-B89.5,BUY,Limit,10.0,0.65,6.5,0.1593,0.0,0.0,0,73a105c0-3b4f-47e7-b0b3-f7457bdca1ef,reconstructed_from_kalshi_api,lane2,,live_v10,NO,,,,,
1311,2026-06-05T23:15:25.269160-04:00,reconstructed_kalshi,kalshi,KXHIGHDEN-26JUN06-B94.5,BUY,Limit,2.0,0.75,1.5,0.0263,0.0,0.0,0,bda4d12f-f242-4914-a552-eb12fc0abb4a,reconstructed_from_kalshi_api,lane2,,live_v10,NO,,,,,
1310,2026-06-05T23:15:28.523002-04:00,reconstructed_kalshi,kalshi,KXHIGHMIA-26JUN06-B85.5,BUY,Limit,5.0,0.36,1.8,0.0807,0.0,0.0,0,fefc258d-b570-48bc-acba-33614a606bc8,reconstructed_from_kalshi_api,lane2,,live_v10,YES,,,,,
1309,2026-06-05T23:15:29.584830-04:00,reconstructed_kalshi,kalshi,KXHIGHMIA-26JUN06-B85.5,SELL,Limit,5.0,0.65,3.25,0.0797,0.0,0.0,0,ebe2b06a-7407-4b33-9251-373739799847,reconstructed_from_kalshi_api,lane2,,live_v10,YES,,,,,
1308,2026-06-05T23:21:08.602799-04:00,reconstructed_kalshi,kalshi,KXHIGHDEN-26JUN06-B94.5,SELL,Limit,2.0,0.26,0.52,0.027,0.0,0.0,0,1b7575d8-e2e3-45c5-8cf3-33ddd26dd6ee,reconstructed_from_kalshi_api,lane2,,live_v10,NO,,,,,
1307,2026-06-06T10:22:13.972146-04:00,reconstructed_kalshi,kalshi,KXLOWTPHX-26JUN06-T79,BUY,Limit,5.0,0.15,0.75,0.0447,0.0,0.0,0,62d0abe8-0b9b-456c-b08a-105093a65b4b,reconstructed_from_kalshi_api,lane2,,live_v10,NO,,,,,
1306,2026-06-06T10:44:54.165625-04:00,reconstructed_kalshi,kalshi,KXHIGHTLV-26JUN06-B101.5,BUY,Limit,11.0,0.25,2.75,0.1444,0.0,0.0,0,df6e0537-688c-4733-9d3e-0546ccacd42b,reconstructed_from_kalshi_api,lane2,,live_v10,NO,,,,,
1305,2026-06-06T13:23:10.353255-04:00,reconstructed_kalshi,kalshi,KXLOWTHOU-26JUN06-B76.5,BUY,Limit,50.0,0.16,8.0,0.4704,0.0,0.0,0,1e0bdb00-8e79-4146-bf60-cb7691747272,reconstructed_from_kalshi_api,lane2,,live_v10,NO,,,,,
1304,2026-06-06T13:23:21.834199-04:00,reconstructed_kalshi,kalshi,KXLOWTHOU-26JUN07-T78,BUY,Limit,8.0,0.61,4.88,0.1333,0.0,0.0,0,a9d5ca37-9a0c-4374-b3bc-d762b2fc34ba,reconstructed_from_kalshi_api,lane2,,live_v10,NO,,,,,
1303,2026-06-06T13:28:56.657207-04:00,reconstructed_kalshi,kalshi,KXLOWTATL-26JUN07-T70,BUY,Limit,14.0,0.6799999999999999,9.52,0.2133,0.0,0.0,0,ddfd13e0-a640-4713-b647-32585de10723,reconstructed_from_kalshi_api,lane2,,live_v10,NO,,,,,
1302,2026-06-06T13:44:38.279815-04:00,reconstructed_kalshi,kalshi,KXHIGHCHI-26JUN06-B87.5,BUY,Limit,7.0,0.55,3.85,0.1213,0.0,0.0,0,83bf5746-ae17-455f-b79f-3c4d69a2fd63,reconstructed_from_kalshi_api,lane2,,live_v10,NO,,,,,
1301,2026-06-06T13:50:16.922318-04:00,reconstructed_kalshi,kalshi,KXHIGHMIA-26JUN06-B87.5,BUY,Limit,1.0,0.15,0.15,0.009,0.0,0.0,0,3f76460b-6976-46e3-8d91-28f9949671d4,reconstructed_from_kalshi_api,lane2,,live_v10,NO,,,,,
1300,2026-06-06T14:55:03.362057-04:00,reconstructed_kalshi,kalshi,KXHIGHLAX-26JUN06-T72,BUY,Limit,1.0,0.17,0.17,0.01,0.0,0.0,0,05725b0a-4c9c-4b82-b888-accf48eebab9,reconstructed_from_kalshi_api,lane2,,live_v10,YES,,,,,
1299,2026-06-06T15:06:10.125877-04:00,reconstructed_kalshi,kalshi,KXHIGHLAX-26JUN06-B71.5,BUY,Limit,4.0,0.16,0.64,0.0377,0.0,0.0,0,c0f87dc8-2965-455f-b75c-7f57c115146b,reconstructed_from_kalshi_api,lane2,,live_v10,NO,,,,,
1298,2026-06-06T15:11:39.158559-04:00,reconstructed_kalshi,kalshi,KXHIGHAUS-26JUN06-T91,BUY,Limit,9.0,0.22999999999999998,2.07,0.1116,0.0,0.0,0,ec47a9f1-ac91-4d8b-a1ad-7b7a76da5125,reconstructed_from_kalshi_api,lane2,,live_v10,YES,,,,,
1297,2026-06-06T15:11:40.158606-04:00,reconstructed_kalshi,kalshi,KXHIGHAUS-26JUN06-T91,SELL,Limit,9.0,0.79,7.11,0.1046,0.0,0.0,0,8177b563-cc4c-452c-9391-16c1e0435602,reconstructed_from_kalshi_api,lane2,,live_v10,YES,,,,,
1296,2026-06-06T15:45:47.175723-04:00,reconstructed_kalshi,kalshi,KXHIGHNY-26JUN06-B89.5,SELL,Limit,10.0,0.16,1.6,0.0942,0.0,0.0,0,c7df6ca0-872b-4fbd-a6c6-c364891bf104,reconstructed_from_kalshi_api,lane2,,live_v10,NO,,,,,
1295,2026-06-06T17:19:47.371698-04:00,reconstructed_kalshi,kalshi,KXHIGHLAX-26JUN06-T72,SELL,Limit,1.0,0.4,0.4,0.0168,0.0,0.0,0,d64f4e61-2031-4ea7-a545-bd75064ba694,reconstructed_from_kalshi_api,lane2,,live_v10,YES,,,,,
1294,2026-06-06T17:25:35.398209-04:00,reconstructed_kalshi,kalshi,KXHIGHLAX-26JUN06-B71.5,SELL,Limit,4.0,0.01,0.04,0.0028,0.0,0.0,0,e454912f-ff9d-4547-886d-e289adfa584b,reconstructed_from_kalshi_api,lane2,,live_v10,NO,,,,,
1293,2026-06-06T17:25:37.592754-04:00,reconstructed_kalshi,kalshi,KXHIGHTPHX-26JUN06-B106.5,SELL,Limit,1.0,0.28,0.28,0.0142,0.0,0.0,0,61b1c308-8723-4aed-8fc8-3e6e373928ca,reconstructed_from_kalshi_api,lane2,,live_v10,NO,,,,,
1292,2026-06-06T17:31:31.846221-04:00,reconstructed_kalshi,kalshi,KXHIGHTPHX-26JUN06-B106.5,SELL,Limit,15.0,0.18000000000000002,2.7,0.155,0.0,0.0,0,2ef7371f-9691-4ce4-b906-af4fa22b18f4,reconstructed_from_kalshi_api,lane2,,live_v10,NO,,,,,
1291,2026-06-06T22:29:43.521494-04:00,reconstructed_kalshi,kalshi,KXLOWTHOU-26JUN07-T78,SELL,Limit,1.0,0.42,0.42,0.0171,0.0,0.0,0,44c5dda7-239e-4bbb-a68f-34a307f1cb43,reconstructed_from_kalshi_api,lane2,,live_v10,NO,,,,,
1290,2026-06-06T22:35:37.779771-04:00,reconstructed_kalshi,kalshi,KXLOWTHOU-26JUN07-T78,SELL,Limit,7.0,0.39999999999999997,2.8,0.1176,0.0,0.0,0,461c9ffb-fb8d-4718-8a5e-f840e4778503,reconstructed_from_kalshi_api,lane2,,live_v10,NO,,,,,
1289,2026-06-06T22:57:19.751010-04:00,reconstructed_kalshi,kalshi,KXLOWTNOLA-26JUN06-B75.5,BUY,Limit,20.0,0.16999999999999998,3.4,0.1977,0.0,0.0,0,416292d1-050d-413d-8a20-1c2f1d61b98f,reconstructed_from_kalshi_api,lane2,,live_v10,NO,,,,,
1288,2026-06-06T23:03:34.054059-04:00,reconstructed_kalshi,kalshi,KXLOWTDEN-26JUN07-B58.5,BUY,Limit,9.0,0.75,6.75,0.1182,0.0,0.0,0,d3177211-0e2e-4f4a-9827-b297c8637916,reconstructed_from_kalshi_api,lane2,,live_v10,NO,,,,,
1287,2026-06-06T23:09:52.379094-04:00,reconstructed_kalshi,kalshi,KXHIGHTDC-26JUN07-B92.5,BUY,Limit,8.0,0.5,4.0,0.14,0.0,0.0,0,12496896-69ef-4259-ae7f-cb6d72271b85,reconstructed_from_kalshi_api,lane2,,live_v10,NO,,,,,
1286,2026-06-06T23:16:04.568070-04:00,reconstructed_kalshi,kalshi,KXLOWTDC-26JUN07-B70.5,BUY,Limit,1.0,0.58,0.58,0.0171,0.0,0.0,0,5de37311-f500-43b3-bc45-5c9ea943b4ea,reconstructed_from_kalshi_api,lane2,,live_v10,NO,,,,,
1285,2026-06-06T23:22:21.913529-04:00,reconstructed_kalshi,kalshi,KXHIGHTATL-26JUN07-B83.5,BUY,Limit,7.0,0.71,4.97,0.1009,0.0,0.0,0,50f79248-7af5-4480-9f78-d23cb4439c27,reconstructed_from_kalshi_api,lane2,,live_v10,NO,,,,,
1284,2026-06-06T23:28:38.967068-04:00,reconstructed_kalshi,kalshi,KXHIGHDEN-26JUN07-B90.5,BUY,Limit,7.0,0.6900000000000001,4.83,0.1049,0.0,0.0,0,fde367a3-e717-48a7-be38-1e04732f86d8,reconstructed_from_kalshi_api,lane2,,live_v10,NO,,,,,
1283,2026-06-06T23:34:52.475001-04:00,reconstructed_kalshi,kalshi,KXHIGHTOKC-26JUN07-B88.5,BUY,Limit,8.0,0.58,4.64,0.1365,0.0,0.0,0,d583845b-15db-47fa-917f-eb4cb797ac72,reconstructed_from_kalshi_api,lane2,,live_v10,NO,,,,,
1282,2026-06-06T23:41:08.115084-04:00,reconstructed_kalshi,kalshi,KXHIGHTNOLA-26JUN07-B87.5,BUY,Limit,1.0,0.63,0.63,0.0164,0.0,0.0,0,81b85590-ea91-4bcd-8778-cf304f4f4216,reconstructed_from_kalshi_api,lane2,,live_v10,NO,,,,,
1281,2026-06-06T23:47:24.680147-04:00,reconstructed_kalshi,kalshi,KXHIGHPHIL-26JUN07-B88.5,BUY,Limit,5.0,0.64,3.2,0.0807,0.0,0.0,0,ec2d1c5f-b4da-45f8-ab21-13e8c6027ad7,reconstructed_from_kalshi_api,lane2,,live_v10,NO,,,,,
1280,2026-06-07T01:05:23.826549-04:00,reconstructed_kalshi,kalshi,KXHIGHTNOLA-26JUN07-B87.5,SELL,Limit,1.0,0.24,0.24,0.0128,0.0,0.0,0,377b79de-2511-4920-b380-db32cc2cd917,reconstructed_from_kalshi_api,lane2,,live_v10,NO,,,,,
1279,2026-06-07T01:11:28.310765-04:00,reconstructed_kalshi,kalshi,KXLOWTSATX-26JUN07-B74.5,BUY,Limit,1.0,0.57,0.57,0.0172,0.0,0.0,0,2ffce95d-ccf7-42c6-933e-f31eaa857d6f,reconstructed_from_kalshi_api,lane2,,live_v10,NO,,,,,
1278,2026-06-07T04:53:05.041388-04:00,reconstructed_kalshi,kalshi,KXHIGHTOKC-26JUN07-B88.5,SELL,Limit,8.0,0.23,1.84,0.0992,0.0,0.0,0,68bf118d-e728-48c9-a233-b3d369119beb,reconstructed_from_kalshi_api,lane2,,live_v10,NO,,,,,
1277,2026-06-07T04:58:58.102309-04:00,reconstructed_kalshi,kalshi,KXHIGHTSATX-26JUN07-B91.5,BUY,Limit,2.0,0.59,1.18,0.034,0.0,0.0,0,6f9412bc-8a45-492a-810b-97d20f5cf88d,reconstructed_from_kalshi_api,lane2,,live_v10,NO,,,,,
1276,2026-06-07T05:04:48.498305-04:00,reconstructed_kalshi,kalshi,KXHIGHTDC-26JUN07-B92.5,SELL,Limit,2.0,0.28,0.56,0.0284,0.0,0.0,0,2baa20fd-9a59-4851-8470-221408b58d26,reconstructed_from_kalshi_api,lane2,,live_v10,NO,,,,,
1275,2026-06-07T05:56:55.797874-04:00,reconstructed_kalshi,kalshi,KXHIGHTDC-26JUN07-B92.5,SELL,Limit,1.0,0.28,0.28,0.0142,0.0,0.0,0,9abec16b-bcc8-45d8-966e-4abc310b915f,reconstructed_from_kalshi_api,lane2,,live_v10,NO,,,,,
1274,2026-06-07T06:08:33.205091-04:00,reconstructed_kalshi,kalshi,KXHIGHTDC-26JUN07-B92.5,SELL,Limit,5.0,0.27999999999999997,1.4,0.0706,0.0,0.0,0,5a7793f0-7d6d-47dc-bd7b-0b4a71048e03,reconstructed_from_kalshi_api,lane2,,live_v10,NO,,,,,
1273,2026-06-07T06:14:20.221342-04:00,reconstructed_kalshi,kalshi,KXLOWTDAL-26JUN07-B69.5,BUY,Limit,38.0,0.16,6.08,0.3576,0.0,0.0,0,62c5540e-9f4b-4ce4-893c-ee98a75fdcca,reconstructed_from_kalshi_api,lane2,,live_v10,NO,,,,,
1272,2026-06-07T07:37:00.033051-04:00,reconstructed_kalshi,kalshi,KXHIGHTNOLA-26JUN07-B89.5,BUY,Limit,11.0,0.7000000000000001,7.7,0.1617,0.0,0.0,0,0548273d-5704-4f4b-9cd5-c2e5fb648b86,reconstructed_from_kalshi_api,lane2,,live_v10,NO,,,,,
1271,2026-06-07T07:43:00.494170-04:00,reconstructed_kalshi,kalshi,KXLOWTBOS-26JUN07-T63,BUY,Limit,11.0,0.73,8.03,0.1518,0.0,0.0,0,4d859b63-049b-43c3-b2e6-7be9bd858d1f,reconstructed_from_kalshi_api,lane2,,live_v10,NO,,,,,
1270,2026-06-07T07:49:01.319688-04:00,reconstructed_kalshi,kalshi,KXHIGHTSEA-26JUN07-B65.5,BUY,Limit,1.0,0.6,0.6,0.0168,0.0,0.0,0,472972e5-b8d8-4f78-9a03-71fef388b5cf,reconstructed_from_kalshi_api,lane2,,live_v10,NO,,,,,
1269,2026-06-07T08:06:38.279874-04:00,reconstructed_kalshi,kalshi,KXLOWTPHIL-26JUN07-B68.5,BUY,Limit,2.0,0.15,0.3,0.0179,0.0,0.0,0,11782007-0810-4840-92d4-a7d2bc698f5d,reconstructed_from_kalshi_api,lane2,,live_v10,NO,,,,,
1268,2026-06-07T08:12:41.558948-04:00,reconstructed_kalshi,kalshi,KXHIGHTHOU-26JUN07-B86.5,BUY,Limit,6.0,0.57,3.42,0.1031,0.0,0.0,0,d22b2292-67d8-41f9-ab50-93ec46392c0b,reconstructed_from_kalshi_api,lane2,,live_v10,NO,,,,,
1267,2026-06-07T08:36:01.744595-04:00,reconstructed_kalshi,kalshi,KXLOWTSATX-26JUN07-B74.5,SELL,Limit,1.0,0.06,0.06,0.004,0.0,0.0,0,1688cd38-4153-4d4e-a1c8-2374ad0401de,reconstructed_from_kalshi_api,lane2,,live_v10,NO,,,,,
1266,2026-06-07T08:41:59.914374-04:00,reconstructed_kalshi,kalshi,KXHIGHCHI-26JUN07-B81.5,BUY,Limit,2.0,0.51,1.02,0.035,0.0,0.0,0,17d1a99c-7f45-4582-8b14-26bf6ee19c37,reconstructed_from_kalshi_api,lane2,,live_v10,NO,,,,,
1265,2026-06-07T09:51:57.841345-04:00,reconstructed_kalshi,kalshi,KXHIGHTATL-26JUN07-B83.5,SELL,Limit,7.0,0.29,2.03,0.1009,0.0,0.0,0,a38b131a-2c7d-40c7-aff0-7aa56e596ad3,reconstructed_from_kalshi_api,lane2,,live_v10,NO,,,,,
1264,2026-06-07T09:57:55.586620-04:00,reconstructed_kalshi,kalshi,KXHIGHTMIN-26JUN07-B86.5,BUY,Limit,9.0,0.47000000000000003,4.23,0.157,0.0,0.0,0,598218b5-dc85-47fc-a283-53eeb24befe6,reconstructed_from_kalshi_api,lane2,,live_v10,NO,,,,,
1263,2026-06-07T10:42:45.118234-04:00,reconstructed_kalshi,kalshi,KXHIGHDEN-26JUN07-B90.5,SELL,Limit,7.0,0.19,1.33,0.0755,0.0,0.0,0,2ebdafb8-6c87-4993-be8e-5bf72e5341ee,reconstructed_from_kalshi_api,lane2,,live_v10,NO,,,,,
1262,2026-06-07T10:49:06.642670-04:00,reconstructed_kalshi,kalshi,KXHIGHTPHX-26JUN08-B104.5,BUY,Limit,14.0,0.38,5.32,0.2309,0.0,0.0,0,d10d6852-61c3-4469-af33-c98d4d68cf56,reconstructed_from_kalshi_api,lane2,,live_v10,NO,,,,,
1261,2026-06-07T10:55:26.524320-04:00,reconstructed_kalshi,kalshi,KXHIGHTHOU-26JUN07-B86.5,SELL,Limit,4.0,0.38,1.52,0.066,0.0,0.0,0,3f238f0d-1242-439b-b65a-70fb8b695f3f,reconstructed_from_kalshi_api,lane2,,live_v10,NO,,,,,
1260,2026-06-07T11:27:23.339791-04:00,reconstructed_kalshi,kalshi,KXLOWTLAX-26JUN08-T60,BUY,Limit,12.0,0.39999999999999997,4.8,0.2016,0.0,0.0,0,bc1a0399-18ce-4af9-9bad-039b6988a988,reconstructed_from_kalshi_api,lane2,,live_v10,NO,,,,,
1259,2026-06-07T11:52:42.237012-04:00,reconstructed_kalshi,kalshi,KXLOWTDC-26JUN07-B70.5,SELL,Limit,1.0,0.29,0.29,0.0145,0.0,0.0,0,2160955b-8136-49af-9a92-7f727e534518,reconstructed_from_kalshi_api,lane2,,live_v10,NO,,,,,
1258,2026-06-07T11:58:52.532805-04:00,reconstructed_kalshi,kalshi,KXLOWTSATX-26JUN07-T77,BUY,Limit,3.0,0.17,0.51,0.0297,0.0,0.0,0,b19e5e6b-01c1-4a51-8048-09a1131b73ed,reconstructed_from_kalshi_api,lane2,,live_v10,NO,,,,,
1257,2026-06-07T12:05:19.009505-04:00,reconstructed_kalshi,kalshi,KXHIGHCHI-26JUN07-B81.5,SELL,Limit,2.0,0.28,0.56,0.0283,0.0,0.0,0,e7333c1b-1e7c-4ec8-96e2-0bddc3845e27,reconstructed_from_kalshi_api,lane2,,live_v10,NO,,,,,
1256,2026-06-07T12:11:37.708131-04:00,reconstructed_kalshi,kalshi,KXLOWTSFO-26JUN07-B50.5,BUY,Limit,10.0,0.16999999999999998,1.7,0.0988,0.0,0.0,0,9692648b-e82d-4d9c-bde5-8d8a1d3618d0,reconstructed_from_kalshi_api,lane2,,live_v10,NO,,,,,
1255,2026-06-07T13:14:07.660110-04:00,reconstructed_kalshi,kalshi,KXRAINNYC-26JUN07-T0,BUY,Limit,13.0,0.33999999999999997,4.42,0.2043,0.0,0.0,0,c942e0ab-381c-46ed-8441-cda078a4818b,reconstructed_from_kalshi_api,lane2,,live_v10,NO,,,,,
1254,2026-06-07T13:32:53.877872-04:00,reconstructed_kalshi,kalshi,KXHIGHTHOU-26JUN07-B86.5,SELL,Limit,2.0,0.39,0.78,0.0334,0.0,0.0,0,0bdc6dd4-5194-4e3a-9202-e6499ab8b51c,reconstructed_from_kalshi_api,lane2,,live_v10,NO,,,,,
1253,2026-06-07T14:11:38.344973-04:00,reconstructed_kalshi,kalshi,KXHIGHTMIN-26JUN07-B86.5,SELL,Limit,9.0,0.30000000000000004,2.7,0.1323,0.0,0.0,0,8ae5fa8b-db23-420d-bc89-ed4e0f36092a,reconstructed_from_kalshi_api,lane2,,live_v10,NO,,,,,
1252,2026-06-07T14:55:54.714469-04:00,reconstructed_kalshi,kalshi,KXHIGHPHIL-26JUN07-B88.5,SELL,Limit,5.0,0.18,0.9,0.0517,0.0,0.0,0,202e0e60-39af-4e0e-bc96-daa0edf30ad0,reconstructed_from_kalshi_api,lane2,,live_v10,NO,,,,,
1251,2026-06-07T16:29:53.846771-04:00,reconstructed_kalshi,kalshi,KXLOWTBOS-26JUN07-T63,SELL,Limit,11.0,0.12000000000000001,1.32,0.0814,0.0,0.0,0,9de0e6bc-88ee-4790-aee9-4a86838dfd40,reconstructed_from_kalshi_api,lane2,,live_v10,NO,,,,,
1250,2026-06-07T16:42:17.293933-04:00,reconstructed_kalshi,kalshi,KXHIGHTNOLA-26JUN07-B89.5,SELL,Limit,11.0,0.16,1.76,0.1036,0.0,0.0,0,13bb4380-a371-4060-a850-fac6576d1cea,reconstructed_from_kalshi_api,lane2,,live_v10,NO,,,,,
1249,2026-06-07T18:59:46.001958-04:00,reconstructed_kalshi,kalshi,KXHIGHTSATX-26JUN07-B91.5,SELL,Limit,1.0,0.15,0.15,0.009,0.0,0.0,0,a197b7b2-934b-4f25-84b2-ef19080cb2cb,reconstructed_from_kalshi_api,lane2,,live_v10,NO,,,,,
1248,2026-06-07T19:12:03.787018-04:00,reconstructed_kalshi,kalshi,KXHIGHTSATX-26JUN07-B91.5,SELL,Limit,1.0,0.12,0.12,0.0074,0.0,0.0,0,aa48a39a-905c-49c6-81d0-d62e26f370f8,reconstructed_from_kalshi_api,lane2,,live_v10,NO,,,,,
1247,2026-06-07T19:45:54.729508-04:00,reconstructed_kalshi,kalshi,KXLOWTPHX-26JUN08-T77,BUY,Limit,7.0,0.16,1.12,0.0659,0.0,0.0,0,f85f2e59-9389-437c-a663-d205b9469a75,reconstructed_from_kalshi_api,lane2,,live_v10,NO,,,,,
1246,2026-06-07T19:52:11.813888-04:00,reconstructed_kalshi,kalshi,KXLOWTNOLA-26JUN07-B77.5,BUY,Limit,41.0,0.16,6.56,0.3858,0.0,0.0,0,1f332d5f-178b-450b-8d52-b584b17bab83,reconstructed_from_kalshi_api,lane2,,live_v10,NO,,,,,
1245,2026-06-07T19:58:41.755686-04:00,reconstructed_kalshi,kalshi,KXRAINNYC-26JUN08-T0,BUY,Limit,102.0,0.09999999999999999,10.2,0.6426,0.0,0.0,0,d815b010-4ebb-413f-b4d2-04c055c804c7,reconstructed_from_kalshi_api,lane2,,live_v10,YES,,,,,
1244,2026-06-07T20:05:13.028091-04:00,reconstructed_kalshi,kalshi,KXHIGHLAX-26JUN08-B73.5,BUY,Limit,9.0,0.7200000000000001,6.48,0.1271,0.0,0.0,0,ed625a99-8901-4a03-97e4-b6ffa9f69312,reconstructed_from_kalshi_api,lane2,,live_v10,NO,,,,,
1243,2026-06-07T20:11:44.862667-04:00,reconstructed_kalshi,kalshi,KXHIGHTDC-26JUN08-T82,BUY,Limit,12.0,0.65,7.8,0.1911,0.0,0.0,0,1585162a-c9b9-478a-8f7e-482b0e0a84e6,reconstructed_from_kalshi_api,lane2,,live_v10,NO,,,,,
1242,2026-06-07T20:18:01.413488-04:00,reconstructed_kalshi,kalshi,KXLOWTSEA-26JUN07-B47.5,BUY,Limit,24.0,0.17,4.08,0.2372,0.0,0.0,0,552871ec-6a1b-4601-b75a-085077d4f057,reconstructed_from_kalshi_api,lane2,,live_v10,NO,,,,,
1241,2026-06-07T20:24:17.852878-04:00,reconstructed_kalshi,kalshi,KXLOWTNYC-26JUN07-B65.5,BUY,Limit,43.0,0.15,6.45,0.3838,0.0,0.0,0,3e2845a8-eb05-4896-8b2d-fe7ae497ee87,reconstructed_from_kalshi_api,lane2,,live_v10,NO,,,,,
1240,2026-06-07T20:30:49.833637-04:00,reconstructed_kalshi,kalshi,KXHIGHDEN-26JUN08-B84.5,BUY,Limit,10.0,0.67,6.7,0.1548,0.0,0.0,0,7ba0e116-f431-4ca7-81eb-39b288ecb724,reconstructed_from_kalshi_api,lane2,,live_v10,NO,,,,,
1239,2026-06-07T20:37:21.557706-04:00,reconstructed_kalshi,kalshi,KXHIGHAUS-26JUN08-B92.5,BUY,Limit,7.0,0.7699999999999999,5.39,0.0868,0.0,0.0,0,4815b84e-b045-4d05-b59c-40b73308267e,reconstructed_from_kalshi_api,lane2,,live_v10,NO,,,,,
1238,2026-06-07T20:43:47.148827-04:00,reconstructed_kalshi,kalshi,KXHIGHTSFO-26JUN08-B66.5,BUY,Limit,8.0,0.55,4.4,0.1386,0.0,0.0,0,877c9c02-66ae-4cce-b973-9e5f70ac2472,reconstructed_from_kalshi_api,lane2,,live_v10,NO,,,,,
1237,2026-06-07T20:50:18.169218-04:00,reconstructed_kalshi,kalshi,KXHIGHTNOLA-26JUN08-B90.5,BUY,Limit,6.0,0.7999999999999999,4.8,0.0672,0.0,0.0,0,c3215e5a-e646-4754-8446-474a0e72072e,reconstructed_from_kalshi_api,lane2,,live_v10,NO,,,,,
1236,2026-06-07T20:56:44.311761-04:00,reconstructed_kalshi,kalshi,KXHIGHCHI-26JUN08-T80,BUY,Limit,6.0,0.81,4.86,0.0647,0.0,0.0,0,b172a866-ec88-4f17-9e9f-8fd9a642fe26,reconstructed_from_kalshi_api,lane2,,live_v10,NO,,,,,
1235,2026-06-07T21:03:21.967258-04:00,reconstructed_kalshi,kalshi,KXHIGHPHIL-26JUN08-B82.5,BUY,Limit,8.0,0.69,5.52,0.1198,0.0,0.0,0,02baa76b-aa10-46fc-ba8e-6c20985bdbf1,reconstructed_from_kalshi_api,lane2,,live_v10,NO,,,,,
1234,2026-06-07T21:09:51.247154-04:00,reconstructed_kalshi,kalshi,KXHIGHTLV-26JUN08-B98.5,BUY,Limit,8.0,0.51,4.08,0.14,0.0,0.0,0,1a96f897-2f0a-4c7a-a015-10eb20ad6c61,reconstructed_from_kalshi_api,lane2,,live_v10,NO,,,,,
1233,2026-06-07T21:16:20.400689-04:00,reconstructed_kalshi,kalshi,KXLOWTCHI-26JUN08-B67.5,BUY,Limit,8.0,0.53,4.24,0.1397,0.0,0.0,0,beb5d399-f146-4ed0-928f-45d20d422d8b,reconstructed_from_kalshi_api,lane2,,live_v10,NO,,,,,
1232,2026-06-07T21:46:49.061834-04:00,reconstructed_kalshi,kalshi,KXHIGHCHI-26JUN08-T80,SELL,Limit,6.0,0.12,0.72,0.0444,0.0,0.0,0,9ff81ab8-6b4e-44fd-878d-dc35a356b23b,reconstructed_from_kalshi_api,lane2,,live_v10,NO,,,,,
1231,2026-06-07T21:53:11.454540-04:00,reconstructed_kalshi,kalshi,KXHIGHTMIN-26JUN08-B83.5,BUY,Limit,9.0,0.69,6.21,0.1348,0.0,0.0,0,92069522-12ed-42fc-a068-769f58d4e4a7,reconstructed_from_kalshi_api,lane2,,live_v10,NO,,,,,
1230,2026-06-07T22:16:45.588881-04:00,reconstructed_kalshi,kalshi,KXHIGHTNOLA-26JUN08-B90.5,SELL,Limit,6.0,0.18000000000000002,1.08,0.062,0.0,0.0,0,bfcfd44a-6821-4f7d-888e-0ffc574cf119,reconstructed_from_kalshi_api,lane2,,live_v10,NO,,,,,
1229,2026-06-07T22:23:09.394225-04:00,reconstructed_kalshi,kalshi,KXLOWTMIA-26JUN08-B78.5,BUY,Limit,7.0,0.5700000000000001,3.99,0.1201,0.0,0.0,0,6cab55a3-80ab-41c6-931e-c33707761ce3,reconstructed_from_kalshi_api,lane2,,live_v10,NO,,,,,
1228,2026-06-08T00:22:30.206267-04:00,reconstructed_kalshi,kalshi,KXHIGHDEN-26JUN08-B84.5,SELL,Limit,5.0,0.26,1.3,0.0674,0.0,0.0,0,cae63864-8433-45dc-949e-64ac02225bb8,reconstructed_from_kalshi_api,lane2,,live_v10,NO,,,,,
1227,2026-06-08T00:52:59.017167-04:00,reconstructed_kalshi,kalshi,KXHIGHDEN-26JUN08-B84.5,SELL,Limit,5.0,0.27,1.35,0.069,0.0,0.0,0,52e1d551-baa3-4060-a0f9-1c3d797f11b4,reconstructed_from_kalshi_api,lane2,,live_v10,NO,,,,,
1226,2026-06-08T00:59:38.112668-04:00,reconstructed_kalshi,kalshi,KXHIGHTATL-26JUN08-T83,BUY,Limit,10.0,0.79,7.9,0.1162,0.0,0.0,0,2aec27fb-8cb8-46c2-893e-239cd2fb8fd6,reconstructed_from_kalshi_api,lane2,,live_v10,NO,,,,,
1225,2026-06-08T03:58:41.592291-04:00,reconstructed_kalshi,kalshi,KXLOWTCHI-26JUN08-B67.5,SELL,Limit,8.0,0.01,0.08,0.0056,0.0,0.0,0,8ae262c8-a726-4b0c-bb24-c7ed43681fca,reconstructed_from_kalshi_api,lane2,,live_v10,NO,,,,,
1224,2026-06-08T04:04:41.224442-04:00,reconstructed_kalshi,kalshi,KXHIGHTNOLA-26JUN08-B88.5,BUY,Limit,5.0,0.61,3.05,0.0833,0.0,0.0,0,cbaba003-e29d-4ad8-818e-ca036a762243,reconstructed_from_kalshi_api,lane2,,live_v10,NO,,,,,
1223,2026-06-08T07:33:03.524500-04:00,reconstructed_kalshi,kalshi,KXHIGHTSEA-26JUN08-B61.5,BUY,Limit,1.0,0.62,0.62,0.0165,0.0,0.0,0,e05f14ea-72e5-4736-ba40-64263403a6c3,reconstructed_from_kalshi_api,lane2,,live_v10,NO,,,,,
1222,2026-06-08T07:39:00.462118-04:00,reconstructed_kalshi,kalshi,KXHIGHTSATX-26JUN08-B88.5,BUY,Limit,1.0,0.61,0.61,0.0167,0.0,0.0,0,6e07e042-0da1-4446-982f-d3ed4eb2c76e,reconstructed_from_kalshi_api,lane2,,live_v10,NO,,,,,
1221,2026-06-08T07:45:03.267042-04:00,reconstructed_kalshi,kalshi,KXLOWTDEN-26JUN08-B56.5,BUY,Limit,3.0,0.85,2.55,0.0268,0.0,0.0,0,6035fb60-9cc5-4224-9a30-298e74ad07f6,reconstructed_from_kalshi_api,lane2,,live_v10,NO,,,,,
1220,2026-06-08T07:45:06.339993-04:00,reconstructed_kalshi,kalshi,KXHIGHTATL-26JUN08-T83,SELL,Limit,10.0,0.12,1.2,0.074,0.0,0.0,0,e3649ead-a526-44dd-a8a7-d29897806b74,reconstructed_from_kalshi_api,lane2,,live_v10,NO,,,,,
1219,2026-06-08T07:45:07.934900-04:00,reconstructed_kalshi,kalshi,KXHIGHTDC-26JUN08-T82,SELL,Limit,12.0,0.12,1.44,0.0888,0.0,0.0,0,f769ccc0-3297-4b04-8156-2e1538558764,reconstructed_from_kalshi_api,lane2,,live_v10,NO,,,,,
1218,2026-06-08T07:51:07.753157-04:00,reconstructed_kalshi,kalshi,KXHIGHNY-26JUN08-B74.5,BUY,Limit,10.0,0.47000000000000003,4.7,0.1744,0.0,0.0,0,6c77f5b9-0d47-499b-a25c-5641c6702368,reconstructed_from_kalshi_api,lane2,,live_v10,NO,,,,,
1217,2026-06-08T07:57:08.254020-04:00,reconstructed_kalshi,kalshi,KXHIGHTBOS-26JUN08-B72.5,BUY,Limit,1.0,0.78,0.78,0.0121,0.0,0.0,0,3d07881f-abd6-4908-a703-d4c46b3140eb,reconstructed_from_kalshi_api,lane2,,live_v10,NO,,,,,
1216,2026-06-08T08:03:06.081473-04:00,reconstructed_kalshi,kalshi,KXHIGHTOKC-26JUN08-B93.5,BUY,Limit,8.0,0.62,4.96,0.132,0.0,0.0,0,737a40d4-edf0-46b7-b6f2-322ee89767c9,reconstructed_from_kalshi_api,lane2,,live_v10,NO,,,,,
1215,2026-06-08T08:09:06.448892-04:00,reconstructed_kalshi,kalshi,KXHIGHDEN-26JUN08-T84,BUY,Limit,6.0,0.37999999999999995,2.28,0.099,0.0,0.0,0,45450f81-cf84-406f-9029-8f074ec66dfc,reconstructed_from_kalshi_api,lane2,,live_v10,NO,,,,,
1214,2026-06-08T08:15:07.334373-04:00,reconstructed_kalshi,kalshi,KXHIGHMIA-26JUN08-B92.5,BUY,Limit,4.0,0.87,3.48,0.0317,0.0,0.0,0,bab49c29-c0db-4a74-98bd-13d1f3728fa9,reconstructed_from_kalshi_api,lane2,,live_v10,NO,,,,,
1213,2026-06-08T08:15:09.260682-04:00,reconstructed_kalshi,kalshi,KXHIGHMIA-26JUN08-B92.5,SELL,Limit,1.0,0.14,0.14,0.0085,0.0,0.0,0,e6d21cbe-7cf5-47b5-9a09-b0c0ab686449,reconstructed_from_kalshi_api,lane2,,live_v10,NO,,,,,
1212,2026-06-08T08:21:09.692012-04:00,reconstructed_kalshi,kalshi,KXHIGHTHOU-26JUN08-B87.5,BUY,Limit,4.0,0.67,2.68,0.062,0.0,0.0,0,ff550d23-36f4-4ff5-b260-aa0c87526e97,reconstructed_from_kalshi_api,lane2,,live_v10,NO,,,,,
1211,2026-06-08T08:21:11.639225-04:00,reconstructed_kalshi,kalshi,KXHIGHMIA-26JUN08-B92.5,SELL,Limit,1.0,0.14,0.14,0.0085,0.0,0.0,0,bea1a8b4-38dc-4fe1-9637-7aa5d5691322,reconstructed_from_kalshi_api,lane2,,live_v10,NO,,,,,
1210,2026-06-08T08:27:11.378214-04:00,reconstructed_kalshi,kalshi,KXHIGHTDC-26JUN08-B82.5,BUY,Limit,5.0,0.5900000000000001,2.95,0.0847,0.0,0.0,0,4b4d872e-865c-467f-b3c7-6b546ca6f034,reconstructed_from_kalshi_api,lane2,,live_v10,NO,,,,,
1209,2026-06-08T08:27:13.391414-04:00,reconstructed_kalshi,kalshi,KXHIGHMIA-26JUN08-B92.5,SELL,Limit,1.0,0.14,0.14,0.0085,0.0,0.0,0,f653e34b-eab7-448d-8b54-e622de12aba7,reconstructed_from_kalshi_api,lane2,,live_v10,NO,,,,,
1208,2026-06-08T08:33:10.394028-04:00,reconstructed_kalshi,kalshi,KXHIGHTATL-26JUN08-B82.5,BUY,Limit,2.0,0.7,1.4,0.0294,0.0,0.0,0,b28049bf-7a63-4f52-b037-b39cadc76065,reconstructed_from_kalshi_api,lane2,,live_v10,NO,,,,,
1207,2026-06-08T08:39:11.565889-04:00,reconstructed_kalshi,kalshi,KXHIGHTDAL-26JUN08-B92.5,BUY,Limit,13.0,0.61,7.93,0.2165,0.0,0.0,0,a8114672-2aeb-4e0a-bf12-4dab28e5de33,reconstructed_from_kalshi_api,lane2,,live_v10,NO,,,,,
1206,2026-06-08T08:45:44.425619-04:00,reconstructed_kalshi,kalshi,KXHIGHDEN-26JUN08-T84,SELL,Limit,2.0,0.71,1.42,0.0289,0.0,0.0,0,1dcd3113-6907-4dcf-925a-4a7e54d0e2d9,reconstructed_from_kalshi_api,lane2,,live_v10,NO,,,,,
1205,2026-06-08T08:51:41.141260-04:00,reconstructed_kalshi,kalshi,KXHIGHDEN-26JUN08-T84,SELL,Limit,4.0,0.72,2.88,0.0565,0.0,0.0,0,bbfbc3c6-df61-452d-9563-00be483d8a3f,reconstructed_from_kalshi_api,lane2,,live_v10,NO,,,,,
1204,2026-06-08T08:51:42.286613-04:00,reconstructed_kalshi,kalshi,KXLOWTDEN-26JUN08-B56.5,SELL,Limit,3.0,0.09999999999999999,0.3,0.0189,0.0,0.0,0,6e2b111f-22a6-4cdf-b1ad-0f865f5d2d05,reconstructed_from_kalshi_api,lane2,,live_v10,NO,,,,,
1203,2026-06-08T08:57:37.029146-04:00,reconstructed_kalshi,kalshi,KXLOWTPHIL-26JUN08-T58,BUY,Limit,2.0,0.17,0.34,0.0198,0.0,0.0,0,ab81fe63-a8dd-4590-bf63-a6c78a593707,reconstructed_from_kalshi_api,lane2,,live_v10,YES,,,,,
1202,2026-06-08T08:57:38.826717-04:00,reconstructed_kalshi,kalshi,KXLOWTPHIL-26JUN08-T58,SELL,Limit,2.0,0.92,1.84,0.0104,0.0,0.0,0,ff97b948-3427-4757-9fc7-526594a0d87c,reconstructed_from_kalshi_api,lane2,,live_v10,YES,,,,,
1201,2026-06-08T09:03:34.497871-04:00,reconstructed_kalshi,kalshi,KXLOWTDC-26JUN08-B63.5,BUY,Limit,5.0,0.6599999999999999,3.3,0.0786,0.0,0.0,0,726051b3-fe8b-4c4a-ab3a-322edebfdb54,reconstructed_from_kalshi_api,lane2,,live_v10,NO,,,,,
1200,2026-06-08T09:09:34.027267-04:00,reconstructed_kalshi,kalshi,KXLOWTPHIL-26JUN08-B64.5,BUY,Limit,1.0,0.8,0.8,0.0112,0.0,0.0,0,0f3485ff-ec95-4672-8283-68d8848c5772,reconstructed_from_kalshi_api,lane2,,live_v10,NO,,,,,
1199,2026-06-08T09:15:35.020181-04:00,reconstructed_kalshi,kalshi,KXHIGHTBOS-26JUN08-B72.5,SELL,Limit,1.0,0.16,0.16,0.0095,0.0,0.0,0,41aaa32e-c8a0-4610-85d4-995911a78537,reconstructed_from_kalshi_api,lane2,,live_v10,NO,,,,,
1198,2026-06-08T09:21:30.029349-04:00,reconstructed_kalshi,kalshi,KXLOWTDEN-26JUN08-B58.5,BUY,Limit,3.0,0.7400000000000001,2.22,0.0405,0.0,0.0,0,3d35c099-a1c8-45d9-b863-246be09dab22,reconstructed_from_kalshi_api,lane2,,live_v10,NO,,,,,
1197,2026-06-08T09:33:22.338899-04:00,reconstructed_kalshi,kalshi,KXHIGHLAX-26JUN08-B73.5,SELL,Limit,9.0,0.14,1.26,0.0759,0.0,0.0,0,43bf3f61-a35e-49f5-9953-9dfcbd38b30c,reconstructed_from_kalshi_api,lane2,,live_v10,NO,,,,,
1196,2026-06-08T09:39:18.320083-04:00,reconstructed_kalshi,kalshi,KXHIGHTBOS-26JUN08-B74.5,BUY,Limit,3.0,0.53,1.59,0.0524,0.0,0.0,0,7e75e31b-8260-4557-bc7a-230c34f99c8d,reconstructed_from_kalshi_api,lane2,,live_v10,NO,,,,,
1195,2026-06-08T09:39:20.422174-04:00,reconstructed_kalshi,kalshi,KXLOWTPHIL-26JUN08-B64.5,SELL,Limit,1.0,0.15,0.15,0.009,0.0,0.0,0,1a4ab07e-2830-4536-88a4-51ebae3f4826,reconstructed_from_kalshi_api,lane2,,live_v10,NO,,,,,
1194,2026-06-08T09:45:16.817810-04:00,reconstructed_kalshi,kalshi,KXLOWTPHIL-26JUN08-B64.5,BUY,Limit,5.0,0.77,3.85,0.062,0.0,0.0,0,23efcb20-d953-43d9-9a9b-fd339fcd7100,reconstructed_from_kalshi_api,lane2,,live_v10,NO,,,,,
1193,2026-06-08T10:03:30.076298-04:00,reconstructed_kalshi,kalshi,KXLOWTPHIL-26JUN08-B64.5,SELL,Limit,5.0,0.15,0.75,0.0447,0.0,0.0,0,4ff10138-ea28-491a-8431-3fa811ae4c89,reconstructed_from_kalshi_api,lane2,,live_v10,NO,,,,,
1192,2026-06-08T10:09:56.995776-04:00,reconstructed_kalshi,kalshi,KXLOWTNOLA-26JUN08-B76.5,BUY,Limit,2.0,0.16,0.32,0.0189,0.0,0.0,0,8628fabb-be3a-4cf9-ba25-7ff9870645a2,reconstructed_from_kalshi_api,lane2,,live_v10,NO,,,,,
1191,2026-06-08T10:10:00.356964-04:00,reconstructed_kalshi,kalshi,KXHIGHNY-26JUN08-B74.5,SELL,Limit,10.0,0.3,3.0,0.147,0.0,0.0,0,6a1353e9-9e3e-45ac-bcec-bc40ebda9739,reconstructed_from_kalshi_api,lane2,,live_v10,NO,,,,,
1190,2026-06-08T10:16:32.314955-04:00,reconstructed_kalshi,kalshi,KXHIGHLAX-26JUN08-B73.5,BUY,Limit,9.0,0.7,6.3,0.1324,0.0,0.0,0,ab3db969-089a-4264-b52e-54c6b07c24d1,reconstructed_from_kalshi_api,lane2,,live_v10,NO,,,,,
1189,2026-06-08T10:36:01.047498-04:00,reconstructed_kalshi,kalshi,KXHIGHPHIL-26JUN08-B82.5,SELL,Limit,8.0,0.29,2.32,0.1154,0.0,0.0,0,180bc5b7-2794-4b71-8e98-c14d26e05c71,reconstructed_from_kalshi_api,lane2,,live_v10,NO,,,,,
1188,2026-06-08T10:42:29.128640-04:00,reconstructed_kalshi,kalshi,KXLOWTOKC-26JUN09-B71.5,BUY,Limit,8.0,0.69,5.52,0.1198,0.0,0.0,0,e1cc5a03-1075-4e08-a163-c483b6317bbc,reconstructed_from_kalshi_api,lane2,,live_v10,NO,,,,,
1187,2026-06-08T10:49:05.423651-04:00,reconstructed_kalshi,kalshi,KXLOWTSEA-26JUN09-B51.5,BUY,Limit,7.0,0.5599999999999999,3.92,0.1208,0.0,0.0,0,b2829dfc-fe87-4894-bab9-f99a84ea77bf,reconstructed_from_kalshi_api,lane2,,live_v10,NO,,,,,
1186,2026-06-08T10:49:09.854577-04:00,reconstructed_kalshi,kalshi,KXLOWTMIA-26JUN08-B78.5,SELL,Limit,3.0,0.25,0.75,0.0394,0.0,0.0,0,c02e791e-b7fa-4029-8883-b11ebe8b42a2,reconstructed_from_kalshi_api,lane2,,live_v10,NO,,,,,
1185,2026-06-08T10:55:09.118057-04:00,reconstructed_kalshi,kalshi,KXLOWTMIA-26JUN08-B78.5,SELL,Limit,1.0,0.29,0.29,0.0145,0.0,0.0,0,18f06dd1-ad6f-40d6-b554-b98307cd3447,reconstructed_from_kalshi_api,lane2,,live_v10,NO,,,,,
1184,2026-06-08T11:01:25.827000-04:00,reconstructed_kalshi,kalshi,KXHIGHMIA-26JUN08-B92.5,SELL,Limit,1.0,0.14,0.14,0.0085,0.0,0.0,0,93aee9f0-394e-4b36-8c79-c80a701d956f,reconstructed_from_kalshi_api,lane2,,live_v10,NO,,,,,
1183,2026-06-08T11:01:27.204663-04:00,reconstructed_kalshi,kalshi,KXHIGHTMIN-26JUN08-B83.5,SELL,Limit,9.0,0.38,3.42,0.1485,0.0,0.0,0,e5c830c2-7668-4b26-b550-0602488a4411,reconstructed_from_kalshi_api,lane2,,live_v10,NO,,,,,
1182,2026-06-08T11:14:07.255802-04:00,reconstructed_kalshi,kalshi,KXLOWTMIA-26JUN08-B78.5,SELL,Limit,3.0,0.3,0.9,0.0441,0.0,0.0,0,3919cc9e-a9b2-43d0-83d1-2ed9737ef3d4,reconstructed_from_kalshi_api,lane2,,live_v10,NO,,,,,
1181,2026-06-08T12:11:23.477698-04:00,reconstructed_kalshi,kalshi,KXLOWTDEN-26JUN08-B58.5,SELL,Limit,3.0,0.18999999999999997,0.57,0.0324,0.0,0.0,0,62f2acb1-4d40-4f02-8884-3782cf22aebb,reconstructed_from_kalshi_api,lane2,,live_v10,NO,,,,,
1180,2026-06-08T12:17:46.011562-04:00,reconstructed_kalshi,kalshi,KXHIGHTSFO-26JUN08-B66.5,SELL,Limit,8.0,0.3,2.4,0.1176,0.0,0.0,0,8eceecbd-0426-46ec-9f65-65297ee9fddb,reconstructed_from_kalshi_api,lane2,,live_v10,NO,,,,,
1179,2026-06-08T13:02:13.573982-04:00,reconstructed_kalshi,kalshi,KXHIGHTDC-26JUN08-B82.5,SELL,Limit,4.0,0.3,1.2,0.0588,0.0,0.0,0,0c90b00b-c5df-4197-8ed6-bdae19a53bfc,reconstructed_from_kalshi_api,lane2,,live_v10,NO,,,,,
1178,2026-06-08T13:08:32.932977-04:00,reconstructed_kalshi,kalshi,KXHIGHTHOU-26JUN08-B87.5,SELL,Limit,4.0,0.29,1.16,0.0577,0.0,0.0,0,b95ccf7a-5a2f-4ec8-bca2-afc8b5b79ff2,reconstructed_from_kalshi_api,lane2,,live_v10,NO,,,,,
1177,2026-06-08T13:14:46.226533-04:00,reconstructed_kalshi,kalshi,KXHIGHTDC-26JUN08-B82.5,SELL,Limit,1.0,0.25,0.25,0.0132,0.0,0.0,0,31b666f6-c0a7-4380-94d3-d488e5d4992e,reconstructed_from_kalshi_api,lane2,,live_v10,NO,,,,,
1176,2026-06-08T13:46:18.635491-04:00,reconstructed_kalshi,kalshi,KXHIGHTSATX-26JUN08-B88.5,SELL,Limit,1.0,0.27,0.27,0.0138,0.0,0.0,0,cfe260e5-383d-4aaa-b642-460a4e4c9270,reconstructed_from_kalshi_api,lane2,,live_v10,NO,,,,,
1175,2026-06-08T13:52:34.233703-04:00,reconstructed_kalshi,kalshi,KXHIGHAUS-26JUN08-B92.5,SELL,Limit,7.0,0.25,1.75,0.092,0.0,0.0,0,9b4f3318-8c95-4db3-8946-7cc2d0325089,reconstructed_from_kalshi_api,lane2,,live_v10,NO,,,,,
1174,2026-06-08T14:55:19.450644-04:00,reconstructed_kalshi,kalshi,KXHIGHTOKC-26JUN08-B93.5,SELL,Limit,8.0,0.15,1.2,0.0714,0.0,0.0,0,a28646d6-0ccc-413a-a1d8-eecb1da1879f,reconstructed_from_kalshi_api,lane2,,live_v10,NO,,,,,
1173,2026-06-08T15:01:36.729937-04:00,reconstructed_kalshi,kalshi,KXHIGHTSEA-26JUN08-B61.5,SELL,Limit,1.0,0.12,0.12,0.0074,0.0,0.0,0,172c30a7-15fd-4bc4-80db-fab573af5a50,reconstructed_from_kalshi_api,lane2,,live_v10,NO,,,,,
1172,2026-06-08T15:14:15.869292-04:00,reconstructed_kalshi,kalshi,KXHIGHTLV-26JUN08-B98.5,SELL,Limit,4.0,0.21,0.84,0.0465,0.0,0.0,0,1aed1a66-fd48-412f-93f5-9062fe99ee8d,reconstructed_from_kalshi_api,lane2,,live_v10,NO,,,,,
1171,2026-06-08T15:15:34.814698-04:00,reconstructed_kalshi,kalshi,KXHIGHTLV-26JUN08-B98.5,SELL,Limit,4.0,0.19,0.76,0.0431,0.0,0.0,0,8c88b931-8bff-4f90-bc4b-89c62a813fd7,reconstructed_from_kalshi_api,lane2,,live_v10,NO,,,,,
1170,2026-06-08T15:21:30.971369-04:00,reconstructed_kalshi,kalshi,KXHIGHLAX-26JUN08-B73.5,SELL,Limit,4.0,0.23,0.92,0.0496,0.0,0.0,0,86bf4710-6814-49b6-9558-fae873614400,reconstructed_from_kalshi_api,lane2,,live_v10,NO,,,,,
1169,2026-06-08T15:27:40.282546-04:00,reconstructed_kalshi,kalshi,KXHIGHLAX-26JUN08-B73.5,SELL,Limit,2.0,0.19,0.38,0.0216,0.0,0.0,0,d9f42550-4c79-4c04-b66b-e9dc949fe07d,reconstructed_from_kalshi_api,lane2,,live_v10,NO,,,,,
1168,2026-06-08T15:33:51.367254-04:00,reconstructed_kalshi,kalshi,KXHIGHTNOLA-26JUN08-B88.5,SELL,Limit,5.0,0.15,0.75,0.0447,0.0,0.0,0,6347705f-5cea-4ae2-8c2f-e1b13017ae7e,reconstructed_from_kalshi_api,lane2,,live_v10,NO,,,,,
1167,2026-06-08T15:40:04.698762-04:00,reconstructed_kalshi,kalshi,KXHIGHLAX-26JUN08-B73.5,SELL,Limit,3.0,0.19999999999999998,0.6,0.0336,0.0,0.0,0,c8bb18d5-0cb9-4873-8944-5a4862fd587c,reconstructed_from_kalshi_api,lane2,,live_v10,NO,,,,,
1166,2026-06-08T15:40:06.061574-04:00,reconstructed_kalshi,kalshi,KXHIGHTDAL-26JUN08-B92.5,SELL,Limit,8.0,0.35,2.8,0.1274,0.0,0.0,0,6490e66b-506b-460e-a2a9-76a9bda9b198,reconstructed_from_kalshi_api,lane2,,live_v10,NO,,,,,
1165,2026-06-08T15:43:07.514361-04:00,reconstructed_kalshi,kalshi,KXHIGHTDAL-26JUN08-B92.5,SELL,Limit,5.0,0.36,1.8,0.0807,0.0,0.0,0,7019e302-ce5e-4f96-b6c4-41011ff1a567,reconstructed_from_kalshi_api,lane2,,live_v10,NO,,,,,
1164,2026-06-08T15:49:19.759427-04:00,reconstructed_kalshi,kalshi,KXLOWTLV-26JUN09-T73,BUY,Limit,10.0,0.1,1.0,0.063,0.0,0.0,0,9e7b323e-f42b-43e0-bf1a-1a8f386c1a13,reconstructed_from_kalshi_api,lane2,,live_v10,NO,,,,,
1163,2026-06-08T15:55:36.059080-04:00,reconstructed_kalshi,kalshi,KXLOWTHOU-26JUN08-B79.5,BUY,Limit,2.0,0.13,0.26,0.0159,0.0,0.0,0,2dd7b2fa-6b61-4cad-bcc0-e87a02a96545,reconstructed_from_kalshi_api,lane2,,live_v10,NO,,,,,
1162,2026-06-08T16:01:57.117142-04:00,reconstructed_kalshi,kalshi,KXLOWTCHI-26JUN08-B65.5,BUY,Limit,142.0,0.03,4.26,0.2894,0.0,0.0,0,dd0c8941-2437-4130-80f4-7262565f87ff,reconstructed_from_kalshi_api,lane2,,live_v10,NO,,,,,
1161,2026-06-08T16:08:11.932864-04:00,reconstructed_kalshi,kalshi,KXHIGHTOKC-26JUN08-B95.5,BUY,Limit,14.0,0.15,2.1,0.125,0.0,0.0,0,eeee51a6-7039-48ce-863f-2b9f7fdc199f,reconstructed_from_kalshi_api,lane2,,live_v10,NO,,,,,
1160,2026-06-08T16:14:29.630757-04:00,reconstructed_kalshi,kalshi,KXHIGHTNOLA-26JUN08-B86.5,BUY,Limit,1.0,0.13,0.13,0.008,0.0,0.0,0,1a058cc4-3317-4b5e-ad0d-425a35f9d98f,reconstructed_from_kalshi_api,lane2,,live_v10,NO,,,,,
1159,2026-06-08T16:20:53.082088-04:00,reconstructed_kalshi,kalshi,KXHIGHTDAL-26JUN08-B94.5,BUY,Limit,12.0,0.09999999999999999,1.2,0.0756,0.0,0.0,0,13b6e055-d0de-41ea-a904-ab4d7c19d406,reconstructed_from_kalshi_api,lane2,,live_v10,NO,,,,,
1158,2026-06-08T16:27:10.302102-04:00,reconstructed_kalshi,kalshi,KXLOWTMIA-26JUN08-T79,BUY,Limit,1.0,0.16,0.16,0.0095,0.0,0.0,0,0a8cec4d-6252-47dd-9d95-b552401f3b34,reconstructed_from_kalshi_api,lane2,,live_v10,NO,,,,,
1157,2026-06-08T16:33:24.928541-04:00,reconstructed_kalshi,kalshi,KXHIGHTHOU-26JUN08-B89.5,BUY,Limit,32.0,0.09,2.88,0.1835,0.0,0.0,0,48dbf5fb-3e5d-4508-8888-bee7d7e8ecdc,reconstructed_from_kalshi_api,lane2,,live_v10,NO,,,,,
1156,2026-06-08T17:41:45.259527-04:00,reconstructed_kalshi,kalshi,KXHIGHTPHX-26JUN08-B104.5,SELL,Limit,14.0,0.29,4.06,0.2019,0.0,0.0,0,af172422-a6e0-43a3-999e-0996dbc55d80,reconstructed_from_kalshi_api,lane2,,live_v10,NO,,,,,
1155,2026-06-08T20:37:08.329040-04:00,reconstructed_kalshi,kalshi,KXLOWTATL-26JUN08-B70.5,BUY,Limit,24.0,0.15,3.6,0.2142,0.0,0.0,0,f70600d2-69f4-48e6-83f5-3525f2e61d7b,reconstructed_from_kalshi_api,lane2,,live_v10,NO,,,,,
1154,2026-06-08T20:43:35.330274-04:00,reconstructed_kalshi,kalshi,KXLOWTAUS-26JUN09-T76,BUY,Limit,13.0,0.33999999999999997,4.42,0.2043,0.0,0.0,0,48ade9bd-5cc6-4ce8-8d66-f800c21252fc,reconstructed_from_kalshi_api,lane2,,live_v10,YES,,,,,
1153,2026-06-08T20:50:03.285356-04:00,reconstructed_kalshi,kalshi,KXLOWTSATX-26JUN09-T76,BUY,Limit,6.0,0.17,1.02,0.0593,0.0,0.0,0,9ae89ce4-6379-444e-bb67-b3b3bb6d2407,reconstructed_from_kalshi_api,lane2,,live_v10,YES,,,,,
1152,2026-06-08T20:50:05.416703-04:00,reconstructed_kalshi,kalshi,KXLOWTSATX-26JUN09-T76,SELL,Limit,3.0,0.89,2.67,0.0206,0.0,0.0,0,1ec60bc3-dea9-476e-9f32-94a8327d2503,reconstructed_from_kalshi_api,lane2,,live_v10,YES,,,,,
1151,2026-06-08T20:56:27.737462-04:00,reconstructed_kalshi,kalshi,KXLOWTOKC-26JUN09-B75.5,BUY,Limit,6.0,0.18999999999999997,1.14,0.0647,0.0,0.0,0,6f3acdee-124f-4a3f-bf21-9271968f6f34,reconstructed_from_kalshi_api,lane2,,live_v10,YES,,,,,
1150,2026-06-08T20:56:29.661666-04:00,reconstructed_kalshi,kalshi,KXLOWTOKC-26JUN09-B75.5,SELL,Limit,1.0,0.83,0.83,0.0099,0.0,0.0,0,cf43b64b-c616-4814-b682-c617b5eb2243,reconstructed_from_kalshi_api,lane2,,live_v10,YES,,,,,
1149,2026-06-08T21:03:00.598640-04:00,reconstructed_kalshi,kalshi,KXHIGHTHOU-26JUN09-B88.5,BUY,Limit,11.0,0.16,1.76,0.1037,0.0,0.0,0,b1ef6a39-86bb-43b7-8d35-7c56140fee3b,reconstructed_from_kalshi_api,lane2,,live_v10,YES,,,,,
1148,2026-06-08T21:03:06.656993-04:00,reconstructed_kalshi,kalshi,KXHIGHTHOU-26JUN09-B88.5,SELL,Limit,9.0,0.8500000000000001,7.65,0.0804,0.0,0.0,0,33dc89a6-d15e-41d4-8421-449c6f8d4108,reconstructed_from_kalshi_api,lane2,,live_v10,YES,,,,,
1147,2026-06-08T21:09:33.314144-04:00,reconstructed_kalshi,kalshi,KXLOWTSEA-26JUN09-B49.5,BUY,Limit,6.0,0.21,1.26,0.0697,0.0,0.0,0,fe9fb27d-a721-431d-ab3b-f2c88300e10e,reconstructed_from_kalshi_api,lane2,,live_v10,YES,,,,,
1146,2026-06-08T21:09:37.820786-04:00,reconstructed_kalshi,kalshi,KXLOWTSEA-26JUN09-B49.5,SELL,Limit,6.0,0.8300000000000001,4.98,0.0593,0.0,0.0,0,fe250b97-6765-4be6-9814-1bc612acf775,reconstructed_from_kalshi_api,lane2,,live_v10,YES,,,,,
1145,2026-06-08T21:16:10.400499-04:00,reconstructed_kalshi,kalshi,KXLOWTSEA-26JUN09-B49.5,BUY,Limit,13.0,0.2,2.6,0.1456,0.0,0.0,0,3615d7fa-2f30-418e-a3d0-f7464ecc49b1,reconstructed_from_kalshi_api,lane2,,live_v10,YES,,,,,
1144,2026-06-08T21:16:15.417945-04:00,reconstructed_kalshi,kalshi,KXLOWTSEA-26JUN09-B49.5,SELL,Limit,10.0,0.8300000000000001,8.3,0.0989,0.0,0.0,0,d19589a3-4782-450e-8939-89a5c8612983,reconstructed_from_kalshi_api,lane2,,live_v10,YES,,,,,
1143,2026-06-08T21:22:37.281127-04:00,reconstructed_kalshi,kalshi,KXHIGHAUS-26JUN09-B90.5,BUY,Limit,6.0,0.15,0.9,0.0536,0.0,0.0,0,a7c038a7-6a32-4c9b-90cd-fc879130bfa9,reconstructed_from_kalshi_api,lane2,,live_v10,YES,,,,,
1142,2026-06-08T21:22:42.381731-04:00,reconstructed_kalshi,kalshi,KXHIGHAUS-26JUN09-B90.5,SELL,Limit,6.0,0.87,5.22,0.0476,0.0,0.0,0,8756eb94-51a7-4975-be75-409b4eb54a59,reconstructed_from_kalshi_api,lane2,,live_v10,YES,,,,,
1141,2026-06-08T21:22:43.796926-04:00,reconstructed_kalshi,kalshi,KXLOWTOKC-26JUN09-B75.5,SELL,Limit,5.0,0.8300000000000001,4.15,0.0494,0.0,0.0,0,c23f6bdf-6bac-480a-93fa-5875a57c24c6,reconstructed_from_kalshi_api,lane2,,live_v10,YES,,,,,
1140,2026-06-08T21:29:16.093066-04:00,reconstructed_kalshi,kalshi,KXLOWTOKC-26JUN09-T76,BUY,Limit,6.0,0.16,0.96,0.0565,0.0,0.0,0,596c8d38-8350-4171-9700-c94d48ab1910,reconstructed_from_kalshi_api,lane2,,live_v10,YES,,,,,
1139,2026-06-08T21:29:18.179023-04:00,reconstructed_kalshi,kalshi,KXLOWTOKC-26JUN09-T76,SELL,Limit,6.0,0.9,5.4,0.0378,0.0,0.0,0,73828e2d-d2b1-4b91-aeac-4090e2a9faff,reconstructed_from_kalshi_api,lane2,,live_v10,YES,,,,,
1138,2026-06-08T21:35:49.633445-04:00,reconstructed_kalshi,kalshi,KXLOWTSFO-26JUN09-B54.5,BUY,Limit,11.0,0.21,2.31,0.1278,0.0,0.0,0,4a9b00d2-b88b-4f53-bf47-41493e40d047,reconstructed_from_kalshi_api,lane2,,live_v10,YES,,,,,
1137,2026-06-08T21:35:51.429981-04:00,reconstructed_kalshi,kalshi,KXLOWTSFO-26JUN09-B54.5,SELL,Limit,5.0,0.79,3.95,0.0581,0.0,0.0,0,f3d0c3c3-0ce2-41e0-af53-d3b0351898c1,reconstructed_from_kalshi_api,lane2,,live_v10,YES,,,,,
1136,2026-06-08T21:35:52.505181-04:00,reconstructed_kalshi,kalshi,KXHIGHTHOU-26JUN09-B88.5,SELL,Limit,2.0,0.85,1.7,0.018,0.0,0.0,0,59d2152e-84e2-475b-ab3f-99ca690e88de,reconstructed_from_kalshi_api,lane2,,live_v10,YES,,,,,
1135,2026-06-08T21:42:21.349520-04:00,reconstructed_kalshi,kalshi,KXHIGHTHOU-26JUN09-B88.5,BUY,Limit,11.0,0.16,1.76,0.1036,0.0,0.0,0,42f29815-a68e-46cf-93b5-eebf873acfcb,reconstructed_from_kalshi_api,lane2,,live_v10,YES,,,,,
1134,2026-06-08T21:42:23.160301-04:00,reconstructed_kalshi,kalshi,KXHIGHTHOU-26JUN09-B88.5,SELL,Limit,7.0,0.86,6.02,0.059,0.0,0.0,0,9db75ccc-2255-48ec-b87a-0746e13cf647,reconstructed_from_kalshi_api,lane2,,live_v10,YES,,,,,
1133,2026-06-08T21:42:24.197911-04:00,reconstructed_kalshi,kalshi,KXLOWTSEA-26JUN09-B49.5,SELL,Limit,1.0,0.83,0.83,0.0099,0.0,0.0,0,9f28532a-73a7-49c4-8950-8e09e83ecb5b,reconstructed_from_kalshi_api,lane2,,live_v10,YES,,,,,
1132,2026-06-08T21:48:52.930107-04:00,reconstructed_kalshi,kalshi,KXLOWTAUS-26JUN08-T77,BUY,Limit,3.0,0.43,1.29,0.0515,0.0,0.0,0,26440102-d528-42f0-a393-4f085555689b,reconstructed_from_kalshi_api,lane2,,live_v10,NO,,,,,
1131,2026-06-08T21:48:54.908820-04:00,reconstructed_kalshi,kalshi,KXLOWTSEA-26JUN09-B49.5,SELL,Limit,2.0,0.84,1.68,0.0189,0.0,0.0,0,63b77fab-c218-4973-88f1-4ac2097dfc9e,reconstructed_from_kalshi_api,lane2,,live_v10,YES,,,,,
1130,2026-06-08T21:48:55.947439-04:00,reconstructed_kalshi,kalshi,KXLOWTSFO-26JUN09-B54.5,SELL,Limit,6.0,0.79,4.74,0.0697,0.0,0.0,0,99380666-3340-4fcf-8449-858309e03fb0,reconstructed_from_kalshi_api,lane2,,live_v10,YES,,,,,
1129,2026-06-08T21:50:58.637607-04:00,reconstructed_kalshi,kalshi,KXHIGHTHOU-26JUN09-B88.5,SELL,Limit,4.0,0.87,3.48,0.0317,0.0,0.0,0,2010b044-c2eb-4d7c-b3bd-a97f655b779b,reconstructed_from_kalshi_api,lane2,,live_v10,YES,,,,,
1128,2026-06-08T21:56:35.886089-04:00,reconstructed_kalshi,kalshi,KXLOWTAUS-26JUN08-T77,SELL,Limit,2.0,0.45,0.9,0.0347,0.0,0.0,0,dc416d31-ab45-469c-b528-0aa434e704da,reconstructed_from_kalshi_api,lane2,,live_v10,NO,,,,,
1127,2026-06-08T21:56:36.889328-04:00,reconstructed_kalshi,kalshi,KXLOWTAUS-26JUN09-T76,SELL,Limit,4.0,0.67,2.68,0.062,0.0,0.0,0,d44a451a-c889-4724-ad51-33d3ea0cc490,reconstructed_from_kalshi_api,lane2,,live_v10,YES,,,,,
1126,2026-06-08T22:02:36.135036-04:00,reconstructed_kalshi,kalshi,KXLOWTPHIL-26JUN08-T58,BUY,Limit,24.0,0.32,7.68,0.3656,0.0,0.0,0,0b3618b6-77e9-4f9e-b7f2-1098f4ec98ca,reconstructed_from_kalshi_api,lane2,,live_v10,YES,,,,,
1125,2026-06-08T22:02:37.932280-04:00,reconstructed_kalshi,kalshi,KXLOWTPHIL-26JUN08-T58,SELL,Limit,24.0,0.91,21.84,0.1376,0.0,0.0,0,97ee6c03-20a2-4e33-816f-14d47025c628,reconstructed_from_kalshi_api,lane2,,live_v10,YES,,,,,
1124,2026-06-08T22:02:39.426568-04:00,reconstructed_kalshi,kalshi,KXLOWTSATX-26JUN09-T76,SELL,Limit,3.0,0.87,2.61,0.0238,0.0,0.0,0,0694c8ba-3df5-4b98-a343-f36476e0dc3a,reconstructed_from_kalshi_api,lane2,,live_v10,YES,,,,,
1123,2026-06-08T22:06:56.582900-04:00,reconstructed_kalshi,kalshi,KXLOWTAUS-26JUN08-T77,SELL,Limit,1.0,0.46,0.46,0.0174,0.0,0.0,0,16408f64-e7da-4507-95e2-152fe6f1470d,reconstructed_from_kalshi_api,lane2,,live_v10,NO,,,,,
1122,2026-06-08T22:12:47.164009-04:00,reconstructed_kalshi,kalshi,KXLOWTPHIL-26JUN08-T58,BUY,Limit,1.0,0.17,0.17,0.0099,0.0,0.0,0,175d15a4-b5f3-483a-8537-055c673a3cc8,reconstructed_from_kalshi_api,lane2,,live_v10,YES,,,,,
1121,2026-06-08T22:12:48.836054-04:00,reconstructed_kalshi,kalshi,KXLOWTPHIL-26JUN08-T58,SELL,Limit,1.0,0.92,0.92,0.0052,0.0,0.0,0,18212fed-d6e3-47d3-a817-e11ff3a6a0a8,reconstructed_from_kalshi_api,lane2,,live_v10,YES,,,,,
1120,2026-06-08T22:18:44.367907-04:00,reconstructed_kalshi,kalshi,KXLOWTOKC-26JUN09-T76,BUY,Limit,6.0,0.17,1.02,0.0593,0.0,0.0,0,b9f5cd03-12fe-4c49-965c-fc9586591f93,reconstructed_from_kalshi_api,lane2,,live_v10,YES,,,,,
1119,2026-06-08T22:18:46.287910-04:00,reconstructed_kalshi,kalshi,KXLOWTOKC-26JUN09-T76,SELL,Limit,6.0,0.89,5.34,0.0412,0.0,0.0,0,33224227-1650-4abc-922d-f84598954ba8,reconstructed_from_kalshi_api,lane2,,live_v10,YES,,,,,
1118,2026-06-08T23:38:34.195989-04:00,reconstructed_kalshi,kalshi,KXLOWTAUS-26JUN09-T76,SELL,Limit,9.0,0.74,6.66,0.1213,0.0,0.0,0,f9d12584-a3fc-4122-a940-8e5673d32273,reconstructed_from_kalshi_api,lane2,,live_v10,YES,,,,,
1117,2026-06-09T00:04:59.887163-04:00,reconstructed_kalshi,kalshi,KXLOWTDC-26JUN08-B63.5,SELL,Limit,5.0,0.25,1.25,0.0657,0.0,0.0,0,91ba2240-2b36-4766-b8ed-99eed22b0328,reconstructed_from_kalshi_api,lane2,,live_v10,NO,,,,,
3,2026-06-09T00:33:00.795484-04:00,forced_real,kalshi,KXLOWTATL-26JUN09-T64,BUY,Limit,1.0,0.01,0.01,0.0007,0.0,0.0,0,c2918d1e-25ee-42e1-b071-ba34db8a5117,forced_real_temp_hourly_trade,lane2,,live_v10,YES,,,,,
4,2026-06-09T00:33:03.364962-04:00,forced_real,kalshi,KXHIGHAUS-26JUN09-T90,BUY,Limit,1.0,0.07,0.07,0.0046,0.0,0.0,0,86d09437-9269-4883-aaa2-f4be3ff3abb5,forced_real_temp_daily_trade,lane2,,live_v10,YES,,,,,
1116,2026-06-09T00:38:53.003139-04:00,reconstructed_kalshi,kalshi,KXHIGHAUS-26JUN09-T90,SELL,Limit,1.0,0.95,0.95,0.0034,0.0,0.0,0,57ec6aed-073a-4f96-9351-88fdb92ead8e,reconstructed_from_kalshi_api,lane2,,live_v10,YES,,,,,
1115,2026-06-09T02:26:27.184332-04:00,reconstructed_kalshi,kalshi,KXLOWTATL-26JUN09-T64,BUY,Limit,1.0,0.01,0.01,0.0007,0.0,0.0,0,a9ba40e1-141c-42db-8281-eb9b411d93f1,reconstructed_from_kalshi_api,lane2,,live_v10,YES,,,,,
1114,2026-06-09T07:43:35.656561-04:00,reconstructed_kalshi,kalshi,KXLOWTSEA-26JUN09-B51.5,SELL,Limit,1.0,0.24,0.24,0.0128,0.0,0.0,0,1d9a3cd6-ab3b-41c9-b902-86defca90a1d,reconstructed_from_kalshi_api,lane2,,live_v10,NO,,,,,
1113,2026-06-09T07:49:38.909920-04:00,reconstructed_kalshi,kalshi,KXLOWTSEA-26JUN09-B51.5,SELL,Limit,1.0,0.25,0.25,0.0132,0.0,0.0,0,64d3d6c3-c0ae-4c51-8d71-bb958b862b94,reconstructed_from_kalshi_api,lane2,,live_v10,NO,,,,,
1112,2026-06-09T08:01:57.405288-04:00,reconstructed_kalshi,kalshi,KXRAINNYC-26JUN09-T0,BUY,Limit,81.0,0.13,10.53,0.6414,0.0,0.0,0,56217233-18ac-4c16-ad83-ca328ee4b5a0,reconstructed_from_kalshi_api,lane2,,live_v10,YES,,,,,
1111,2026-06-09T08:32:50.079754-04:00,reconstructed_kalshi,kalshi,KXLOWTOKC-26JUN09-B71.5,SELL,Limit,6.0,0.13999999999999999,0.84,0.0508,0.0,0.0,0,bc174a5e-a1ba-41cc-a4e3-46d1f63a552a,reconstructed_from_kalshi_api,lane2,,live_v10,NO,,,,,
1110,2026-06-09T08:38:53.891524-04:00,reconstructed_kalshi,kalshi,KXLOWTOKC-26JUN09-B71.5,SELL,Limit,2.0,0.15,0.3,0.0179,0.0,0.0,0,05ce2faa-7afb-4546-8a66-72a7318f1d54,reconstructed_from_kalshi_api,lane2,,live_v10,NO,,,,,
1109,2026-06-09T10:59:14.284588-04:00,reconstructed_kalshi,kalshi,KXLOWTNOLA-26JUN09-B77.5,BUY,Limit,20.0,0.12,2.4,0.1479,0.0,0.0,0,e379086f-136f-4df9-922b-4e664ebdd5aa,reconstructed_from_kalshi_api,lane2,,live_v10,NO,,,,,
1108,2026-06-09T11:05:47.420270-04:00,reconstructed_kalshi,kalshi,KXHIGHLAX-26JUN10-T78,BUY,Limit,110.0,0.08,8.8,0.5669,0.0,0.0,0,69cd482d-4f92-46a1-94a6-77c94434098f,reconstructed_from_kalshi_api,lane2,,live_v10,YES,,,,,
1107,2026-06-09T11:12:17.799602-04:00,reconstructed_kalshi,kalshi,KXLOWTHOU-26JUN09-B77.5,BUY,Limit,6.0,0.09000000000000001,0.54,0.0345,0.0,0.0,0,dd566777-f98b-4423-9b68-d302da6b2453,reconstructed_from_kalshi_api,lane2,,live_v10,NO,,,,,
1106,2026-06-09T11:18:48.835126-04:00,reconstructed_kalshi,kalshi,KXHIGHTSFO-26JUN10-T78,BUY,Limit,8.0,0.1,0.8,0.0504,0.0,0.0,0,30472c76-f266-4705-a8f3-5dd44c0e2fb8,reconstructed_from_kalshi_api,lane2,,live_v10,YES,,,,,
1105,2026-06-09T11:25:22.296951-04:00,reconstructed_kalshi,kalshi,KXLOWTMIN-26JUN09-T68,BUY,Limit,6.0,0.13,0.78,0.0477,0.0,0.0,0,e9f30676-fe01-4892-9ae3-9c91c63a1e5c,reconstructed_from_kalshi_api,lane2,,live_v10,NO,,,,,
1104,2026-06-09T11:31:55.978664-04:00,reconstructed_kalshi,kalshi,KXLOWTPHX-26JUN10-T77,BUY,Limit,6.0,0.17,1.02,0.0593,0.0,0.0,0,523a5b31-dd87-406b-902e-c19e671aa8fd,reconstructed_from_kalshi_api,lane2,,live_v10,NO,,,,,
1103,2026-06-09T11:38:31.196132-04:00,reconstructed_kalshi,kalshi,KXLOWTDC-26JUN10-T71,BUY,Limit,4.0,0.38,1.52,0.066,0.0,0.0,0,3c51c76e-98e8-47e2-94e4-d6fa95354489,reconstructed_from_kalshi_api,lane2,,live_v10,YES,,,,,
1102,2026-06-09T11:46:18.306080-04:00,reconstructed_kalshi,kalshi,KXLOWTAUS-26JUN09-B75.5,BUY,Limit,4.0,0.16,0.64,0.0377,0.0,0.0,0,89e0d500-d86f-4302-8c46-2cd4c469c5b4,reconstructed_from_kalshi_api,lane2,,live_v10,NO,,,,,
1101,2026-06-09T11:52:50.105563-04:00,reconstructed_kalshi,kalshi,KXLOWTCHI-26JUN09-B71.5,BUY,Limit,3.0,0.11,0.33,0.0206,0.0,0.0,0,12080437-6ccb-45f6-a342-d9e8617ee3a1,reconstructed_from_kalshi_api,lane2,,live_v10,NO,,,,,
1100,2026-06-09T11:59:25.273339-04:00,reconstructed_kalshi,kalshi,KXHIGHTDAL-26JUN09-B90.5,BUY,Limit,11.0,0.07,0.77,0.0502,0.0,0.0,0,be128dc8-12a8-4b7a-a0b9-700ab1013563,reconstructed_from_kalshi_api,lane2,,live_v10,YES,,,,,
1099,2026-06-09T11:59:57.186874-04:00,reconstructed_kalshi,kalshi,KXHIGHTDAL-26JUN09-B90.5,SELL,Limit,6.0,0.93,5.58,0.0274,0.0,0.0,0,b3819f8a-ff6b-43a2-b158-19195ccc1450,reconstructed_from_kalshi_api,lane2,,live_v10,YES,,,,,
1098,2026-06-09T12:07:02.430841-04:00,reconstructed_kalshi,kalshi,KXHIGHTDAL-26JUN09-B90.5,SELL,Limit,5.0,0.95,4.75,0.0167,0.0,0.0,0,3862af8c-074d-4ee7-91b2-6409c2f394d9,reconstructed_from_kalshi_api,lane2,,live_v10,YES,,,,,
1097,2026-06-09T12:13:06.210918-04:00,reconstructed_kalshi,kalshi,KXHIGHTPHX-26JUN09-T103,BUY,Limit,7.0,0.06999999999999999,0.49,0.0319,0.0,0.0,0,d97cd586-dfd5-4ac5-bac6-e00954f2b6e4,reconstructed_from_kalshi_api,lane2,,live_v10,YES,,,,,
1096,2026-06-09T12:13:38.224495-04:00,reconstructed_kalshi,kalshi,KXHIGHTPHX-26JUN09-T103,SELL,Limit,7.0,0.9500000000000001,6.65,0.0233,0.0,0.0,0,293a0edf-eddb-446b-be09-780c5c1e3a3d,reconstructed_from_kalshi_api,lane2,,live_v10,YES,,,,,
1095,2026-06-09T12:19:45.214506-04:00,reconstructed_kalshi,kalshi,KXLOWTOKC-26JUN10-T77,BUY,Limit,6.0,0.13999999999999999,0.84,0.0506,0.0,0.0,0,6740542b-7011-4c4e-990b-4de4ec958bff,reconstructed_from_kalshi_api,lane2,,live_v10,YES,,,,,
1094,2026-06-09T12:20:17.209049-04:00,reconstructed_kalshi,kalshi,KXLOWTOKC-26JUN10-T77,SELL,Limit,6.0,0.93,5.58,0.0274,0.0,0.0,0,526e9862-f23a-4363-b432-818da27a66b0,reconstructed_from_kalshi_api,lane2,,live_v10,YES,,,,,
1093,2026-06-09T12:26:32.217255-04:00,reconstructed_kalshi,kalshi,KXLOWTLV-26JUN10-B73.5,BUY,Limit,4.0,0.1,0.4,0.0252,0.0,0.0,0,a2ec9678-fbbf-4456-b44d-3372c5c88bd3,reconstructed_from_kalshi_api,lane2,,live_v10,YES,,,,,
1092,2026-06-09T12:27:04.239012-04:00,reconstructed_kalshi,kalshi,KXLOWTLV-26JUN10-B73.5,SELL,Limit,4.0,0.94,3.76,0.0158,0.0,0.0,0,6543e510-1f25-4a64-a891-5ab15e0f17d7,reconstructed_from_kalshi_api,lane2,,live_v10,YES,,,,,
1091,2026-06-09T12:33:09.848381-04:00,reconstructed_kalshi,kalshi,KXLOWTOKC-26JUN10-T77,BUY,Limit,6.0,0.09999999999999999,0.6,0.0378,0.0,0.0,0,6d0ccc22-84de-4e33-89b4-8ca5610a523f,reconstructed_from_kalshi_api,lane2,,live_v10,YES,,,,,
1090,2026-06-09T12:33:41.756238-04:00,reconstructed_kalshi,kalshi,KXLOWTOKC-26JUN10-T77,SELL,Limit,6.0,0.93,5.58,0.0274,0.0,0.0,0,bd9496e5-ba07-44db-9cae-34bcf1364cb2,reconstructed_from_kalshi_api,lane2,,live_v10,YES,,,,,
1089,2026-06-09T12:37:48.724118-04:00,reconstructed_kalshi,kalshi,KXLOWTOKC-26JUN10-T77,BUY,Limit,6.0,0.11,0.66,0.0412,0.0,0.0,0,4fe3b614-4bc9-4eda-985e-075fee42849a,reconstructed_from_kalshi_api,lane2,,live_v10,YES,,,,,
1088,2026-06-09T12:38:20.558441-04:00,reconstructed_kalshi,kalshi,KXLOWTOKC-26JUN10-T77,SELL,Limit,6.0,0.94,5.64,0.0237,0.0,0.0,0,4d050878-aa23-403e-b06d-f378f0168c0b,reconstructed_from_kalshi_api,lane2,,live_v10,YES,,,,,
1087,2026-06-09T12:44:31.707147-04:00,reconstructed_kalshi,kalshi,KXHIGHTDAL-26JUN09-B90.5,BUY,Limit,165.0,0.09,14.85,0.946,0.0,0.0,0,609ffdd1-6b36-4dd7-8afc-dfacb33f52af,reconstructed_from_kalshi_api,lane2,,live_v10,YES,,,,,
1086,2026-06-09T12:45:03.835727-04:00,reconstructed_kalshi,kalshi,KXHIGHTDAL-26JUN09-B90.5,SELL,Limit,165.0,0.92,151.8,0.8501,0.0,0.0,0,af0563c7-f6af-457b-ade0-a045b09bb1e1,reconstructed_from_kalshi_api,lane2,,live_v10,YES,,,,,
1085,2026-06-09T12:51:15.498839-04:00,reconstructed_kalshi,kalshi,KXLOWTOKC-26JUN10-T77,BUY,Limit,6.0,0.11,0.66,0.0412,0.0,0.0,0,f6ab591f-cd14-44ff-a939-d7066dfc0e6b,reconstructed_from_kalshi_api,lane2,,live_v10,YES,,,,,
1084,2026-06-09T12:51:47.386565-04:00,reconstructed_kalshi,kalshi,KXLOWTOKC-26JUN10-T77,SELL,Limit,6.0,0.94,5.64,0.0237,0.0,0.0,0,debc53c9-b432-4bed-b9d3-2abe166bdd0d,reconstructed_from_kalshi_api,lane2,,live_v10,YES,,,,,
1083,2026-06-09T12:57:56.982649-04:00,reconstructed_kalshi,kalshi,KXHIGHMIA-26JUN09-B89.5,BUY,Limit,46.0,0.13,5.98,0.3643,0.0,0.0,0,d3fd12ab-1f86-43d1-a202-f94e8aee83d6,reconstructed_from_kalshi_api,lane2,,live_v10,NO,,,,,
1082,2026-06-09T13:04:40.829315-04:00,reconstructed_kalshi,kalshi,KXLOWTNYC-26JUN10-T65,BUY,Limit,7.0,0.37,2.59,0.1143,0.0,0.0,0,c238e599-1eb0-43cc-bd40-2418f0f544c0,reconstructed_from_kalshi_api,lane2,,live_v10,NO,,,,,
1081,2026-06-09T13:11:27.133747-04:00,reconstructed_kalshi,kalshi,KXHIGHTPHX-26JUN09-T103,BUY,Limit,6.0,0.08,0.48,0.031,0.0,0.0,0,d568fb95-2c9e-4e26-a956-23c580a82b23,reconstructed_from_kalshi_api,lane2,,live_v10,YES,,,,,
1080,2026-06-09T13:18:07.859437-04:00,reconstructed_kalshi,kalshi,KXHIGHNY-26JUN09-B78.5,BUY,Limit,7.0,0.09,0.63,0.0402,0.0,0.0,0,906c1651-8042-4d10-a38d-c050ac747e88,reconstructed_from_kalshi_api,lane2,,live_v10,NO,,,,,
1079,2026-06-09T13:19:55.602896-04:00,reconstructed_kalshi,kalshi,KXHIGHNY-26JUN09-B80.5,BUY,Limit,38.0,0.09,3.42,0.218,0.0,0.0,0,088b43b9-235c-46bd-b2be-1ae4626c3309,reconstructed_from_kalshi_api,lane2,,live_v10,YES,,,,,
1078,2026-06-09T13:20:27.751867-04:00,reconstructed_kalshi,kalshi,KXHIGHNY-26JUN09-B80.5,SELL,Limit,38.0,0.96,36.48,0.1023,0.0,0.0,0,b5848915-b410-4b5b-899b-12d5bd8b3387,reconstructed_from_kalshi_api,lane2,,live_v10,YES,,,,,
1077,2026-06-09T13:26:36.640827-04:00,reconstructed_kalshi,kalshi,KXLOWTOKC-26JUN10-T77,BUY,Limit,100.0,0.14,14.0,0.8428,0.0,0.0,0,829aa36c-4288-424e-a22f-40c307ee85f2,reconstructed_from_kalshi_api,lane2,,live_v10,YES,,,,,
1076,2026-06-09T13:27:08.522765-04:00,reconstructed_kalshi,kalshi,KXLOWTOKC-26JUN10-T77,SELL,Limit,6.0,0.98,5.88,0.0083,0.0,0.0,0,374287f3-2f5b-4518-83a3-6aa5fe2de211,reconstructed_from_kalshi_api,lane2,,live_v10,YES,,,,,
1075,2026-06-09T13:33:16.970307-04:00,reconstructed_kalshi,kalshi,KXHIGHNY-26JUN09-B80.5,BUY,Limit,89.0,0.14,12.46,0.7503,0.0,0.0,0,d2511179-1b5e-4b38-86a9-72b0815707b4,reconstructed_from_kalshi_api,lane2,,live_v10,YES,,,,,
1074,2026-06-09T13:33:48.914466-04:00,reconstructed_kalshi,kalshi,KXHIGHNY-26JUN09-B80.5,SELL,Limit,18.0,0.87,15.66,0.1426,0.0,0.0,0,1ef23f85-5767-4dec-a156-586dc2d6318e,reconstructed_from_kalshi_api,lane2,,live_v10,YES,,,,,
1073,2026-06-09T13:39:57.175737-04:00,reconstructed_kalshi,kalshi,KXLOWTDAL-26JUN09-B76.5,BUY,Limit,2.0,0.17,0.34,0.0198,0.0,0.0,0,cf34c74e-618a-4431-91f2-e214da09b092,reconstructed_from_kalshi_api,lane2,,live_v10,NO,,,,,
1072,2026-06-09T13:39:58.237614-04:00,reconstructed_kalshi,kalshi,KXHIGHTDAL-26JUN09-B90.5,BUY,Limit,1.0,0.09,0.09,0.0058,0.0,0.0,0,f26f0c57-a0ae-450d-90cf-7effc50b07f2,reconstructed_from_kalshi_api,lane2,,live_v10,YES,,,,,
1071,2026-06-09T13:40:30.130181-04:00,reconstructed_kalshi,kalshi,KXHIGHTDAL-26JUN09-B90.5,SELL,Limit,1.0,0.92,0.92,0.0052,0.0,0.0,0,1ef26db2-ec91-4b73-9ace-a2e211f65489,reconstructed_from_kalshi_api,lane2,,live_v10,YES,,,,,
1070,2026-06-09T13:40:31.471428-04:00,reconstructed_kalshi,kalshi,KXHIGHTPHX-26JUN09-T103,SELL,Limit,4.0,0.94,3.76,0.0158,0.0,0.0,0,b606e439-7aca-4177-808e-9d98c7ab99a0,reconstructed_from_kalshi_api,lane2,,live_v10,YES,,,,,
1069,2026-06-09T13:46:36.041208-04:00,reconstructed_kalshi,kalshi,KXLOWTDAL-26JUN09-B74.5,BUY,Limit,3.0,0.09999999999999999,0.3,0.0189,0.0,0.0,0,aeff739e-eaa3-434b-94d4-7e1b359a1a82,reconstructed_from_kalshi_api,lane2,,live_v10,YES,,,,,
1068,2026-06-09T13:47:07.894765-04:00,reconstructed_kalshi,kalshi,KXLOWTDAL-26JUN09-B74.5,SELL,Limit,1.0,0.97,0.97,0.0021,0.0,0.0,0,a267a892-8ba7-49f8-ac39-49ae3d5bc29d,reconstructed_from_kalshi_api,lane2,,live_v10,YES,,,,,
1067,2026-06-09T13:47:09.121087-04:00,reconstructed_kalshi,kalshi,KXHIGHNY-26JUN09-B80.5,SELL,Limit,23.0,0.8700000000000001,20.01,0.1822,0.0,0.0,0,0ac6ee0d-c081-473e-a627-9c7d8cfabbd1,reconstructed_from_kalshi_api,lane2,,live_v10,YES,,,,,
1066,2026-06-09T13:53:15.715949-04:00,reconstructed_kalshi,kalshi,KXLOWTSEA-26JUN09-B49.5,BUY,Limit,9.0,0.13,1.17,0.0713,0.0,0.0,0,96cc9725-200a-4145-a05e-cf56553cea0c,reconstructed_from_kalshi_api,lane2,,live_v10,YES,,,,,
1065,2026-06-09T13:53:47.834624-04:00,reconstructed_kalshi,kalshi,KXLOWTSEA-26JUN09-B49.5,SELL,Limit,8.0,0.89,7.12,0.0549,0.0,0.0,0,bd31b67f-800d-443b-8175-db70ac67b8c9,reconstructed_from_kalshi_api,lane2,,live_v10,YES,,,,,
1064,2026-06-09T13:53:49.020353-04:00,reconstructed_kalshi,kalshi,KXLOWTDAL-26JUN09-B74.5,SELL,Limit,2.0,0.94,1.88,0.0079,0.0,0.0,0,8a4920b2-c263-4bc6-8de1-1a11b16b8f2f,reconstructed_from_kalshi_api,lane2,,live_v10,YES,,,,,
1063,2026-06-09T13:59:53.507494-04:00,reconstructed_kalshi,kalshi,KXLOWTSATX-26JUN09-B75.5,BUY,Limit,7.0,0.16,1.12,0.0659,0.0,0.0,0,721ad3e9-23ae-47b2-a193-9609c7661225,reconstructed_from_kalshi_api,lane2,,live_v10,YES,,,,,
1062,2026-06-09T14:00:25.695902-04:00,reconstructed_kalshi,kalshi,KXLOWTSATX-26JUN09-B75.5,SELL,Limit,1.0,0.85,0.85,0.009,0.0,0.0,0,8a831e5b-7192-4a01-8237-ed2735c5eed6,reconstructed_from_kalshi_api,lane2,,live_v10,YES,,,,,
1061,2026-06-09T14:00:27.143225-04:00,reconstructed_kalshi,kalshi,KXHIGHNY-26JUN09-B80.5,SELL,Limit,36.0,0.9600000000000001,34.56,0.0969,0.0,0.0,0,b053f952-21d7-48a1-87e0-57bc96021369,reconstructed_from_kalshi_api,lane2,,live_v10,YES,,,,,
1060,2026-06-09T14:06:33.607510-04:00,reconstructed_kalshi,kalshi,KXHIGHTDAL-26JUN09-B90.5,BUY,Limit,125.0,0.1,12.5,0.7875,0.0,0.0,0,32138b93-b223-47bf-8a2d-f681b2b21d6d,reconstructed_from_kalshi_api,lane2,,live_v10,YES,,,,,
1059,2026-06-09T14:07:05.561610-04:00,reconstructed_kalshi,kalshi,KXHIGHTDAL-26JUN09-B90.5,SELL,Limit,1.0,0.92,0.92,0.0052,0.0,0.0,0,c5d4d2be-9466-4de2-b619-6a9d961adcf1,reconstructed_from_kalshi_api,lane2,,live_v10,YES,,,,,
1058,2026-06-09T14:07:07.046064-04:00,reconstructed_kalshi,kalshi,KXLOWTSEA-26JUN09-B49.5,SELL,Limit,1.0,0.9,0.9,0.0063,0.0,0.0,0,bdb32242-caf8-4113-b3d0-b2cd6417656d,reconstructed_from_kalshi_api,lane2,,live_v10,YES,,,,,
1057,2026-06-09T14:13:13.335702-04:00,reconstructed_kalshi,kalshi,KXLOWTDAL-26JUN09-B74.5,BUY,Limit,14.0,0.09,1.26,0.0804,0.0,0.0,0,1967c654-e17a-43fc-b156-44f8b87e82a8,reconstructed_from_kalshi_api,lane2,,live_v10,YES,,,,,
1056,2026-06-09T14:13:46.419441-04:00,reconstructed_kalshi,kalshi,KXHIGHTDAL-26JUN09-B90.5,SELL,Limit,59.0,0.9299999999999999,54.87,0.2689,0.0,0.0,0,040a9b1b-3be7-47aa-8e2f-51c6b9acfad1,reconstructed_from_kalshi_api,lane2,,live_v10,YES,,,,,
1055,2026-06-09T14:13:47.456074-04:00,reconstructed_kalshi,kalshi,KXLOWTSATX-26JUN09-B75.5,SELL,Limit,6.0,0.93,5.58,0.0274,0.0,0.0,0,2410ab24-5544-4b2f-9b81-c1e4813a0c7a,reconstructed_from_kalshi_api,lane2,,live_v10,YES,,,,,
1054,2026-06-09T14:19:57.254789-04:00,reconstructed_kalshi,kalshi,KXLOWTLV-26JUN10-B73.5,BUY,Limit,4.0,0.1,0.4,0.0252,0.0,0.0,0,90660338-3802-468f-aa46-92aa46d63011,reconstructed_from_kalshi_api,lane2,,live_v10,YES,,,,,
1053,2026-06-09T14:20:29.062406-04:00,reconstructed_kalshi,kalshi,KXLOWTLV-26JUN10-B73.5,SELL,Limit,4.0,0.94,3.76,0.0158,0.0,0.0,0,4eb4535c-1e47-4084-8435-bf2413206024,reconstructed_from_kalshi_api,lane2,,live_v10,YES,,,,,
1052,2026-06-09T14:20:30.678829-04:00,reconstructed_kalshi,kalshi,KXHIGHNY-26JUN09-B80.5,SELL,Limit,12.0,0.9,10.8,0.0756,0.0,0.0,0,bccd0418-f731-4bfb-a7b9-4581779f9e57,reconstructed_from_kalshi_api,lane2,,live_v10,YES,,,,,
1051,2026-06-09T14:26:39.310764-04:00,reconstructed_kalshi,kalshi,KXLOWTCHI-26JUN09-B69.5,BUY,Limit,2.0,0.11,0.22,0.0138,0.0,0.0,0,742cc409-28e2-4e52-b5a6-b40cf6d80fdf,reconstructed_from_kalshi_api,lane2,,live_v10,YES,,,,,
1050,2026-06-09T14:27:11.257886-04:00,reconstructed_kalshi,kalshi,KXLOWTCHI-26JUN09-B69.5,SELL,Limit,2.0,0.89,1.78,0.0138,0.0,0.0,0,430e6fcb-ea6f-4449-ac61-4c9720547e43,reconstructed_from_kalshi_api,lane2,,live_v10,YES,,,,,
1049,2026-06-09T14:27:13.249803-04:00,reconstructed_kalshi,kalshi,KXLOWTOKC-26JUN10-T77,SELL,Limit,41.0,0.98,40.18,0.0563,0.0,0.0,0,4bf26011-fec3-4090-848e-8d33bb0b7f8c,reconstructed_from_kalshi_api,lane2,,live_v10,YES,,,,,
1048,2026-06-09T14:33:23.964081-04:00,reconstructed_kalshi,kalshi,KXLOWTLV-26JUN10-B73.5,BUY,Limit,4.0,0.09,0.36,0.023,0.0,0.0,0,5546c733-902a-45dd-8690-f1ab830c7aec,reconstructed_from_kalshi_api,lane2,,live_v10,YES,,,,,
1047,2026-06-09T14:33:55.801709-04:00,reconstructed_kalshi,kalshi,KXLOWTLV-26JUN10-B73.5,SELL,Limit,4.0,0.95,3.8,0.0133,0.0,0.0,0,2502c04d-0d88-451a-a000-d352c8c9fbd1,reconstructed_from_kalshi_api,lane2,,live_v10,YES,,,,,
1046,2026-06-09T14:33:57.005645-04:00,reconstructed_kalshi,kalshi,KXHIGHTDAL-26JUN09-B90.5,SELL,Limit,1.0,0.92,0.92,0.0052,0.0,0.0,0,1f19d558-03be-40d4-a53b-807e95d81d4f,reconstructed_from_kalshi_api,lane2,,live_v10,YES,,,,,
1045,2026-06-09T14:40:10.514224-04:00,reconstructed_kalshi,kalshi,KXLOWTCHI-26JUN09-B69.5,BUY,Limit,3.0,0.09000000000000001,0.27,0.0172,0.0,0.0,0,d1d50b33-5e3d-4043-8055-0476f6bfe0a1,reconstructed_from_kalshi_api,lane2,,live_v10,YES,,,,,
1044,2026-06-09T14:40:42.412785-04:00,reconstructed_kalshi,kalshi,KXLOWTCHI-26JUN09-B69.5,SELL,Limit,3.0,0.93,2.79,0.0137,0.0,0.0,0,39a2ed24-7224-4197-bb17-f5aab22dfe01,reconstructed_from_kalshi_api,lane2,,live_v10,YES,,,,,
1043,2026-06-09T14:46:52.437346-04:00,reconstructed_kalshi,kalshi,KXLOWTDEN-26JUN09-B55.5,BUY,Limit,2.0,0.11,0.22,0.0138,0.0,0.0,0,4d9c2134-18ff-4397-968a-b9c56140aeba,reconstructed_from_kalshi_api,lane2,,live_v10,NO,,,,,
1042,2026-06-09T14:47:24.910693-04:00,reconstructed_kalshi,kalshi,KXHIGHTDAL-26JUN09-B90.5,SELL,Limit,26.0,0.95,24.7,0.0865,0.0,0.0,0,6fdb087f-0b7b-4bfe-82af-0d10205d9868,reconstructed_from_kalshi_api,lane2,,live_v10,YES,,,,,
1041,2026-06-09T14:53:32.071785-04:00,reconstructed_kalshi,kalshi,KXHIGHNY-26JUN09-B80.5,BUY,Limit,74.0,0.032432432432432434,2.4,0.1008,0.0,0.0,0,3097a1ce-a876-4ea3-ba97-12cedede083b,reconstructed_from_kalshi_api,lane2,,live_v10,YES,,,,,
1040,2026-06-09T14:54:04.114737-04:00,reconstructed_kalshi,kalshi,KXHIGHNY-26JUN09-B80.5,SELL,Limit,6.0,0.53,3.18,0.1047,0.0,0.0,0,36ac0595-9ad3-47cc-94b5-f40b1e80aa7f,reconstructed_from_kalshi_api,lane2,,live_v10,YES,,,,,
1039,2026-06-09T14:54:05.228108-04:00,reconstructed_kalshi,kalshi,KXHIGHTPHX-26JUN09-T103,SELL,Limit,2.0,0.95,1.9,0.0067,0.0,0.0,0,6ed0accb-71a3-4400-aca9-54c705155af9,reconstructed_from_kalshi_api,lane2,,live_v10,YES,,,,,
1038,2026-06-09T15:00:17.801505-04:00,reconstructed_kalshi,kalshi,KXLOWTCHI-26JUN09-B69.5,BUY,Limit,1.0,0.09,0.09,0.0058,0.0,0.0,0,5900d6aa-8c84-49e0-9c6a-37e0a7fe9552,reconstructed_from_kalshi_api,lane2,,live_v10,YES,,,,,
1037,2026-06-09T15:00:50.228910-04:00,reconstructed_kalshi,kalshi,KXLOWTCHI-26JUN09-B69.5,SELL,Limit,1.0,0.94,0.94,0.004,0.0,0.0,0,582d6363-712d-4aab-8baf-3e32f53c6166,reconstructed_from_kalshi_api,lane2,,live_v10,YES,,,,,
1036,2026-06-09T15:00:51.307083-04:00,reconstructed_kalshi,kalshi,KXHIGHTDAL-26JUN09-B90.5,SELL,Limit,8.0,0.95,7.6,0.0266,0.0,0.0,0,b4ab0a2e-9dac-49f1-bf13-ce079bb09793,reconstructed_from_kalshi_api,lane2,,live_v10,YES,,,,,
1035,2026-06-09T15:06:59.727584-04:00,reconstructed_kalshi,kalshi,KXHIGHTPHX-26JUN09-T103,BUY,Limit,20.0,0.09,1.8,0.1147,0.0,0.0,0,147211d0-d9d3-40cf-a461-c4c71d130fa7,reconstructed_from_kalshi_api,lane2,,live_v10,YES,,,,,
1034,2026-06-09T15:07:31.707905-04:00,reconstructed_kalshi,kalshi,KXHIGHTPHX-26JUN09-T103,SELL,Limit,8.0,0.93,7.44,0.0365,0.0,0.0,0,02e970ef-e427-43af-ab8b-232a2ab9919b,reconstructed_from_kalshi_api,lane2,,live_v10,YES,,,,,
1033,2026-06-09T15:07:32.771491-04:00,reconstructed_kalshi,kalshi,KXHIGHNY-26JUN09-B80.5,SELL,Limit,68.0,0.7691176470588235,52.3,0.8454,0.0,0.0,0,1ae192e9-fa02-4742-9dba-d12e6f1e741b,reconstructed_from_kalshi_api,lane2,,live_v10,YES,,,,,
1032,2026-06-09T15:13:41.626219-04:00,reconstructed_kalshi,kalshi,KXLOWTCHI-26JUN09-B69.5,BUY,Limit,9.0,0.12000000000000001,1.08,0.0666,0.0,0.0,0,a8352f7e-ec97-4ba2-b9db-8fbf06d5466f,reconstructed_from_kalshi_api,lane2,,live_v10,YES,,,,,
1031,2026-06-09T15:14:13.509670-04:00,reconstructed_kalshi,kalshi,KXLOWTCHI-26JUN09-B69.5,SELL,Limit,3.0,0.9,2.7,0.0189,0.0,0.0,0,244f6fa9-b7bc-4738-a55b-2880a2d5689a,reconstructed_from_kalshi_api,lane2,,live_v10,YES,,,,,
1030,2026-06-09T15:14:14.610693-04:00,reconstructed_kalshi,kalshi,KXHIGHTDAL-26JUN09-B90.5,SELL,Limit,3.0,0.93,2.79,0.0137,0.0,0.0,0,9cf265d3-fa04-4d30-a6d3-07e8c4d4b9e4,reconstructed_from_kalshi_api,lane2,,live_v10,YES,,,,,
1029,2026-06-09T15:20:24.385939-04:00,reconstructed_kalshi,kalshi,KXLOWTLV-26JUN10-B73.5,BUY,Limit,4.0,0.08,0.32,0.0207,0.0,0.0,0,c7c7bb47-616a-4775-ae68-d8cf67592691,reconstructed_from_kalshi_api,lane2,,live_v10,YES,,,,,
1028,2026-06-09T15:20:56.255690-04:00,reconstructed_kalshi,kalshi,KXLOWTLV-26JUN10-B73.5,SELL,Limit,4.0,0.95,3.8,0.0133,0.0,0.0,0,820c0a9b-daeb-4dcf-96a1-c85653b1046d,reconstructed_from_kalshi_api,lane2,,live_v10,YES,,,,,
1027,2026-06-09T15:20:57.606141-04:00,reconstructed_kalshi,kalshi,KXHIGHTPHX-26JUN09-T103,SELL,Limit,3.0,0.96,2.88,0.0082,0.0,0.0,0,cdab0df4-5e00-4edd-9510-ef780d10e6ff,reconstructed_from_kalshi_api,lane2,,live_v10,YES,,,,,
1026,2026-06-09T15:27:02.671176-04:00,reconstructed_kalshi,kalshi,KXHIGHTNOLA-26JUN10-B88.5,BUY,Limit,1.0,0.1,0.1,0.0063,0.0,0.0,0,506b693b-7d83-4c35-aa13-521225060f49,reconstructed_from_kalshi_api,lane2,,live_v10,YES,,,,,
1025,2026-06-09T15:27:34.563894-04:00,reconstructed_kalshi,kalshi,KXHIGHTNOLA-26JUN10-B88.5,SELL,Limit,1.0,0.91,0.91,0.0058,0.0,0.0,0,cdaddbb8-8117-4f97-8d47-18d428dca66d,reconstructed_from_kalshi_api,lane2,,live_v10,YES,,,,,
1024,2026-06-09T15:33:45.882596-04:00,reconstructed_kalshi,kalshi,KXLOWTLV-26JUN10-B73.5,BUY,Limit,4.0,0.08,0.32,0.0207,0.0,0.0,0,60529a8c-e213-41f7-9aa8-23198f9c16f6,reconstructed_from_kalshi_api,lane2,,live_v10,YES,,,,,
1023,2026-06-09T15:34:17.781220-04:00,reconstructed_kalshi,kalshi,KXLOWTLV-26JUN10-B73.5,SELL,Limit,4.0,0.97,3.88,0.0082,0.0,0.0,0,a944d6aa-db12-4f78-a7eb-fd33258a8b76,reconstructed_from_kalshi_api,lane2,,live_v10,YES,,,,,
1022,2026-06-09T15:34:19.046449-04:00,reconstructed_kalshi,kalshi,KXLOWTCHI-26JUN09-B69.5,SELL,Limit,6.0,0.94,5.64,0.0238,0.0,0.0,0,415a77f7-ac47-4256-89d4-bee241c368bb,reconstructed_from_kalshi_api,lane2,,live_v10,YES,,,,,
1021,2026-06-09T15:34:20.210256-04:00,reconstructed_kalshi,kalshi,KXLOWTDAL-26JUN09-B74.5,SELL,Limit,2.0,0.97,1.94,0.0041,0.0,0.0,0,0ad8f197-f7b9-453b-b54c-3720deb8692f,reconstructed_from_kalshi_api,lane2,,live_v10,YES,,,,,
1020,2026-06-09T15:40:30.697647-04:00,reconstructed_kalshi,kalshi,KXHIGHPHIL-26JUN09-T83,BUY,Limit,8.0,0.31,2.48,0.1198,0.0,0.0,0,6e85f6e9-e8cf-4e2c-8917-c097da4eeb31,reconstructed_from_kalshi_api,lane2,,live_v10,NO,,,,,
1019,2026-06-09T15:41:03.545097-04:00,reconstructed_kalshi,kalshi,KXHIGHTPHX-26JUN09-T103,SELL,Limit,8.0,0.97,7.76,0.0163,0.0,0.0,0,91a5c7ce-59f5-4cc8-a79a-3381293c10f4,reconstructed_from_kalshi_api,lane2,,live_v10,YES,,,,,
1018,2026-06-09T15:47:12.598591-04:00,reconstructed_kalshi,kalshi,KXHIGHLAX-26JUN09-B72.5,BUY,Limit,35.0,0.11,3.85,0.2401,0.0,0.0,0,283f6ddd-4cc9-4bae-a367-8212f9593d17,reconstructed_from_kalshi_api,lane2,,live_v10,NO,,,,,
1017,2026-06-09T15:47:46.716081-04:00,reconstructed_kalshi,kalshi,KXHIGHTPHX-26JUN09-T103,SELL,Limit,1.0,0.92,0.92,0.0052,0.0,0.0,0,10f3fed5-bc1d-45a9-9918-2ee1c6baec6f,reconstructed_from_kalshi_api,lane2,,live_v10,YES,,,,,
1016,2026-06-09T15:47:47.855717-04:00,reconstructed_kalshi,kalshi,KXHIGHTDAL-26JUN09-B90.5,SELL,Limit,3.0,0.94,2.82,0.0119,0.0,0.0,0,7ca79ca6-3e51-451f-ac42-eb6c15e4f3e5,reconstructed_from_kalshi_api,lane2,,live_v10,YES,,,,,
1015,2026-06-09T15:54:00.328814-04:00,reconstructed_kalshi,kalshi,KXLOWTOKC-26JUN09-B75.5,BUY,Limit,88.0,0.12000000000000001,10.56,0.6506,0.0,0.0,0,5916b4aa-48e5-4662-966d-ea9436c352bb,reconstructed_from_kalshi_api,lane2,,live_v10,NO,,,,,
1014,2026-06-09T15:54:32.793476-04:00,reconstructed_kalshi,kalshi,KXLOWTDAL-26JUN09-B74.5,SELL,Limit,1.0,0.98,0.98,0.0014,0.0,0.0,0,f9926055-e4e6-412b-ac38-1128232936c2,reconstructed_from_kalshi_api,lane2,,live_v10,YES,,,,,
1013,2026-06-09T16:01:03.792110-04:00,reconstructed_kalshi,kalshi,KXLOWTSEA-26JUN09-B49.5,BUY,Limit,1.0,0.16,0.16,0.0095,0.0,0.0,0,7ed92e80-e3b3-4e84-8377-2d53a5144995,reconstructed_from_kalshi_api,lane2,,live_v10,YES,,,,,
1012,2026-06-09T16:01:35.749271-04:00,reconstructed_kalshi,kalshi,KXLOWTSEA-26JUN09-B49.5,SELL,Limit,1.0,0.9,0.9,0.0063,0.0,0.0,0,785a9ebb-4ab8-465d-a3a8-fa344d1cedac,reconstructed_from_kalshi_api,lane2,,live_v10,YES,,,,,
1011,2026-06-09T16:08:32.480040-04:00,reconstructed_kalshi,kalshi,KXHIGHTHOU-26JUN09-B90.5,BUY,Limit,8.0,0.15,1.2,0.0714,0.0,0.0,0,6fe564ce-b74f-4d6c-a1ba-4a580b7eee3a,reconstructed_from_kalshi_api,lane2,,live_v10,NO,,,,,
1010,2026-06-09T16:09:05.607394-04:00,reconstructed_kalshi,kalshi,KXLOWTDAL-26JUN09-B74.5,SELL,Limit,2.0,0.97,1.94,0.0041,0.0,0.0,0,769455a3-b373-4e07-bae1-7510662f4dfc,reconstructed_from_kalshi_api,lane2,,live_v10,YES,,,,,
1009,2026-06-09T16:09:06.798110-04:00,reconstructed_kalshi,kalshi,KXHIGHPHIL-26JUN09-T83,SELL,Limit,8.0,0.85,6.8,0.0714,0.0,0.0,0,b969144c-9276-4272-ab5c-33d2cd54eeae,reconstructed_from_kalshi_api,lane2,,live_v10,NO,,,,,
1008,2026-06-09T16:09:08.572040-04:00,reconstructed_kalshi,kalshi,KXLOWTDC-26JUN10-T71,SELL,Limit,4.0,0.68,2.72,0.061,0.0,0.0,0,1a3958ed-2248-42e5-8f11-0438e1a8785d,reconstructed_from_kalshi_api,lane2,,live_v10,YES,,,,,
1007,2026-06-09T16:15:26.048883-04:00,reconstructed_kalshi,kalshi,KXLOWTCHI-26JUN09-B69.5,BUY,Limit,3.0,0.12,0.36,0.0222,0.0,0.0,0,d3e0e1d5-ac21-4fc2-97ab-ae1f4228ae1b,reconstructed_from_kalshi_api,lane2,,live_v10,YES,,,,,
1006,2026-06-09T16:15:57.947240-04:00,reconstructed_kalshi,kalshi,KXLOWTCHI-26JUN09-B69.5,SELL,Limit,3.0,0.9,2.7,0.0189,0.0,0.0,0,d3cdeafd-e866-4747-bcfa-7936b0472bad,reconstructed_from_kalshi_api,lane2,,live_v10,YES,,,,,
1005,2026-06-09T16:22:16.885976-04:00,reconstructed_kalshi,kalshi,KXHIGHTATL-26JUN09-B82.5,BUY,Limit,15.0,0.15,2.25,0.1339,0.0,0.0,0,1f54a95a-ebae-4835-a38b-910eca1babc1,reconstructed_from_kalshi_api,lane2,,live_v10,NO,,,,,
1004,2026-06-09T16:22:49.194006-04:00,reconstructed_kalshi,kalshi,KXLOWTDAL-26JUN09-B74.5,SELL,Limit,2.0,0.97,1.94,0.0041,0.0,0.0,0,04f49774-6a5f-4bf8-8cc8-c43a5c791d65,reconstructed_from_kalshi_api,lane2,,live_v10,YES,,,,,
1003,2026-06-09T16:22:50.827942-04:00,reconstructed_kalshi,kalshi,KXLOWTNYC-26JUN10-T65,SELL,Limit,7.0,0.6799999999999999,4.76,0.1067,0.0,0.0,0,61c8f753-2028-4c6d-a10f-d993f93296aa,reconstructed_from_kalshi_api,lane2,,live_v10,NO,,,,,
1002,2026-06-09T16:24:17.065418-04:00,reconstructed_kalshi,kalshi,KXLOWTCHI-26JUN09-B69.5,BUY,Limit,5.0,0.118,0.59,0.0365,0.0,0.0,0,b58dbe12-6120-4b90-98ca-e436768f2ffe,reconstructed_from_kalshi_api,lane2,,live_v10,YES,,,,,
1001,2026-06-09T16:24:20.443495-04:00,reconstructed_kalshi,kalshi,KXLOWTCHI-26JUN09-B69.5,SELL,Limit,5.0,0.9199999999999999,4.6,0.0259,0.0,0.0,0,d67d7a9d-9df9-4053-bf73-5cf922693a30,reconstructed_from_kalshi_api,lane2,,live_v10,YES,,,,,
1000,2026-06-09T16:30:34.709753-04:00,reconstructed_kalshi,kalshi,KXHIGHPHIL-26JUN09-T83,BUY,Limit,83.0,0.1,8.3,0.5229,0.0,0.0,0,0d35239c-78fc-4192-b8e6-514c62673d61,reconstructed_from_kalshi_api,lane2,,live_v10,NO,,,,,
999,2026-06-09T16:30:38.048426-04:00,reconstructed_kalshi,kalshi,KXHIGHPHIL-26JUN09-T83,SELL,Limit,12.0,0.0,0.0,0.0,0.0,0.0,0,a140fe2a-a0aa-4801-bcf5-22d3583791cb,reconstructed_from_kalshi_api,lane2,,live_v10,NO,,,,,
998,2026-06-09T16:36:46.353932-04:00,reconstructed_kalshi,kalshi,KXHIGHTDC-26JUN09-B83.5,BUY,Limit,8.0,0.12,0.96,0.0592,0.0,0.0,0,ec6286c0-cb0e-44ec-aeb9-10d0e821da75,reconstructed_from_kalshi_api,lane2,,live_v10,NO,,,,,
997,2026-06-09T16:36:49.810307-04:00,reconstructed_kalshi,kalshi,KXHIGHPHIL-26JUN09-T83,SELL,Limit,50.0,0.95,47.5,0.1663,0.0,0.0,0,79f27aae-dbec-43ee-bca5-c27a7dfa1846,reconstructed_from_kalshi_api,lane2,,live_v10,NO,,,,,
996,2026-06-09T16:43:00.628994-04:00,reconstructed_kalshi,kalshi,KXHIGHTSFO-26JUN09-B68.5,BUY,Limit,13.0,0.11,1.43,0.0892,0.0,0.0,0,42b7678c-c243-4f2f-a0f7-1d48d5242779,reconstructed_from_kalshi_api,lane2,,live_v10,NO,,,,,
995,2026-06-09T16:43:04.181091-04:00,reconstructed_kalshi,kalshi,KXHIGHPHIL-26JUN09-T83,SELL,Limit,21.0,0.96,20.16,0.0565,0.0,0.0,0,a50c699d-8e49-4b64-ae05-e4ae52e16786,reconstructed_from_kalshi_api,lane2,,live_v10,NO,,,,,
994,2026-06-09T16:49:10.347247-04:00,reconstructed_kalshi,kalshi,KXHIGHTDAL-26JUN09-B92.5,BUY,Limit,3.0,0.13,0.39,0.0238,0.0,0.0,0,f8e2c01c-a6b4-403e-a1a5-ae93b79447fa,reconstructed_from_kalshi_api,lane2,,live_v10,NO,,,,,
993,2026-06-09T16:49:14.332143-04:00,reconstructed_kalshi,kalshi,KXLOWTDAL-26JUN09-B74.5,SELL,Limit,2.0,0.97,1.94,0.0041,0.0,0.0,0,e1fb9959-1369-4900-b944-0f25f0e51299,reconstructed_from_kalshi_api,lane2,,live_v10,YES,,,,,
992,2026-06-09T16:59:16.118110-04:00,reconstructed_kalshi,kalshi,KXLOWTNYC-26JUN10-T65,BUY,Limit,6.0,0.36000000000000004,2.16,0.0968,0.0,0.0,0,cb3003f5-339c-459d-aaa0-bbaac6662b26,reconstructed_from_kalshi_api,lane2,,live_v10,NO,,,,,
991,2026-06-09T17:05:30.634770-04:00,reconstructed_kalshi,kalshi,KXHIGHTSATX-26JUN09-B91.5,BUY,Limit,8.0,0.1,0.8,0.0504,0.0,0.0,0,63aca668-21c1-45ba-ba14-ac4f912c949a,reconstructed_from_kalshi_api,lane2,,live_v10,NO,,,,,
990,2026-06-09T17:11:40.727169-04:00,reconstructed_kalshi,kalshi,KXHIGHTBOS-26JUN09-B85.5,BUY,Limit,1.0,0.12,0.12,0.0074,0.0,0.0,0,54538b01-26a4-47be-b8b9-1a0f6bfe74db,reconstructed_from_kalshi_api,lane2,,live_v10,NO,,,,,
989,2026-06-09T17:11:45.539562-04:00,reconstructed_kalshi,kalshi,KXHIGHTATL-26JUN09-B82.5,SELL,Limit,15.0,0.01,0.15,0.0104,0.0,0.0,0,4539b339-f0d7-42ba-899a-7baade30be7d,reconstructed_from_kalshi_api,lane2,,live_v10,NO,,,,,
988,2026-06-09T17:17:50.189267-04:00,reconstructed_kalshi,kalshi,KXHIGHAUS-26JUN09-B92.5,BUY,Limit,11.0,0.17,1.87,0.1088,0.0,0.0,0,22f7567b-6ba0-4bd5-8187-681768478d18,reconstructed_from_kalshi_api,lane2,,live_v10,NO,,,,,
987,2026-06-09T17:24:03.849873-04:00,reconstructed_kalshi,kalshi,KXLOWTCHI-26JUN09-B69.5,BUY,Limit,3.0,0.09999999999999999,0.3,0.0189,0.0,0.0,0,5db45182-c62f-4326-81cf-5fdd6003be2f,reconstructed_from_kalshi_api,lane2,,live_v10,YES,,,,,
986,2026-06-09T17:24:07.203924-04:00,reconstructed_kalshi,kalshi,KXLOWTCHI-26JUN09-B69.5,SELL,Limit,3.0,0.9500000000000001,2.85,0.01,0.0,0.0,0,282ad97c-b3ce-4e0f-ab3f-0b9cef1f7660,reconstructed_from_kalshi_api,lane2,,live_v10,YES,,,,,
985,2026-06-09T17:30:14.664042-04:00,reconstructed_kalshi,kalshi,KXHIGHTOKC-26JUN09-B95.5,BUY,Limit,100.0,0.09,9.0,0.5733,0.0,0.0,0,38a0ae0c-f3c5-4327-a703-35bf68d95872,reconstructed_from_kalshi_api,lane2,,live_v10,NO,,,,,
984,2026-06-09T17:36:25.749682-04:00,reconstructed_kalshi,kalshi,KXLOWTSATX-26JUN09-T76,BUY,Limit,45.0,0.17,7.65,0.4445,0.0,0.0,0,5d43960d-3108-4fee-a262-b25b0cf08722,reconstructed_from_kalshi_api,lane2,,live_v10,NO,,,,,
983,2026-06-09T17:42:38.613891-04:00,reconstructed_kalshi,kalshi,KXLOWTATL-26JUN09-T71,BUY,Limit,10.0,0.12,1.2,0.074,0.0,0.0,0,fad18a2d-a0ad-4854-b864-e2f18476ba94,reconstructed_from_kalshi_api,lane2,,live_v10,NO,,,,,
982,2026-06-09T17:48:50.475351-04:00,reconstructed_kalshi,kalshi,KXLOWTCHI-26JUN09-B69.5,BUY,Limit,70.0,0.13,9.1,0.5542,0.0,0.0,0,1d97b5b3-f7e1-47fd-8d85-4b368872c9e9,reconstructed_from_kalshi_api,lane2,,live_v10,YES,,,,,
981,2026-06-09T17:48:53.803668-04:00,reconstructed_kalshi,kalshi,KXLOWTCHI-26JUN09-B69.5,SELL,Limit,3.0,0.89,2.67,0.0206,0.0,0.0,0,762aedf0-4564-4e40-9106-dee247bf7867,reconstructed_from_kalshi_api,lane2,,live_v10,YES,,,,,
980,2026-06-09T17:55:08.855954-04:00,reconstructed_kalshi,kalshi,KXHIGHPHIL-26JUN09-T83,BUY,Limit,95.0,0.08,7.6,0.4899,0.0,0.0,0,0a423a3f-9955-4f07-8ed0-9323db80cac4,reconstructed_from_kalshi_api,lane2,,live_v10,NO,,,,,
979,2026-06-09T17:55:12.397877-04:00,reconstructed_kalshi,kalshi,KXHIGHPHIL-26JUN09-T83,SELL,Limit,83.0,0.9600000000000001,79.68,0.2232,0.0,0.0,0,c0bd1144-46ec-4443-88e5-24d8c7356243,reconstructed_from_kalshi_api,lane2,,live_v10,NO,,,,,
978,2026-06-09T18:01:25.901843-04:00,reconstructed_kalshi,kalshi,KXHIGHTNOLA-26JUN10-B88.5,BUY,Limit,4.0,0.12,0.48,0.0296,0.0,0.0,0,ba1a6f5c-34fe-4aaf-9011-d7c1e833932c,reconstructed_from_kalshi_api,lane2,,live_v10,YES,,,,,
977,2026-06-09T18:01:29.277747-04:00,reconstructed_kalshi,kalshi,KXHIGHTNOLA-26JUN10-B88.5,SELL,Limit,4.0,0.94,3.76,0.0158,0.0,0.0,0,ead1113f-3e53-4b71-b0bc-964c2973a3cf,reconstructed_from_kalshi_api,lane2,,live_v10,YES,,,,,
976,2026-06-09T18:07:36.366515-04:00,reconstructed_kalshi,kalshi,KXHIGHTMIN-26JUN09-B88.5,BUY,Limit,25.0,0.16,4.0,0.2353,0.0,0.0,0,a97e40a1-3a37-4b59-a303-d292b2fc50b1,reconstructed_from_kalshi_api,lane2,,live_v10,NO,,,,,
975,2026-06-09T18:07:40.033592-04:00,reconstructed_kalshi,kalshi,KXHIGHPHIL-26JUN09-T83,SELL,Limit,12.0,0.98,11.76,0.0165,0.0,0.0,0,a40e26b5-210c-4d83-8673-c24be5121ec2,reconstructed_from_kalshi_api,lane2,,live_v10,NO,,,,,
974,2026-06-09T18:13:52.536146-04:00,reconstructed_kalshi,kalshi,KXLOWTLV-26JUN10-B73.5,BUY,Limit,88.0,0.08,7.04,0.4534,0.0,0.0,0,a374b5bf-2449-4b9a-af4e-62d3c354ce3d,reconstructed_from_kalshi_api,lane2,,live_v10,YES,,,,,
973,2026-06-09T18:13:55.973651-04:00,reconstructed_kalshi,kalshi,KXLOWTLV-26JUN10-B73.5,SELL,Limit,88.0,0.93,81.84,0.4011,0.0,0.0,0,0c83e2f8-a33a-4384-b9b0-0ba43f866be2,reconstructed_from_kalshi_api,lane2,,live_v10,YES,,,,,
972,2026-06-09T18:21:10.630975-04:00,reconstructed_kalshi,kalshi,KXLOWTCHI-26JUN09-B69.5,SELL,Limit,4.0,0.94,3.76,0.0158,0.0,0.0,0,70807f58-36e2-48a0-96ed-18cd0b4d35ba,reconstructed_from_kalshi_api,lane2,,live_v10,YES,,,,,
971,2026-06-09T18:27:19.345637-04:00,reconstructed_kalshi,kalshi,KXLOWTPHIL-26JUN10-T66,BUY,Limit,19.0,0.29,5.51,0.274,0.0,0.0,0,2708e19b-77ce-4c04-8e86-772886c7b65d,reconstructed_from_kalshi_api,lane2,,live_v10,NO,,,,,
970,2026-06-09T18:27:22.781080-04:00,reconstructed_kalshi,kalshi,KXLOWTPHIL-26JUN10-T66,SELL,Limit,19.0,0.72,13.68,0.2682,0.0,0.0,0,e5eafe6d-7e29-4eff-8e87-8a413a7618c0,reconstructed_from_kalshi_api,lane2,,live_v10,NO,,,,,
969,2026-06-09T18:33:29.925498-04:00,reconstructed_kalshi,kalshi,KXLOWTNOLA-26JUN09-B75.5,BUY,Limit,6.0,0.13,0.78,0.0476,0.0,0.0,0,1b976d77-abe6-49ba-9ad5-6ba0e83bc8a2,reconstructed_from_kalshi_api,lane2,,live_v10,YES,,,,,
968,2026-06-09T18:33:33.320332-04:00,reconstructed_kalshi,kalshi,KXLOWTNOLA-26JUN09-B75.5,SELL,Limit,6.0,0.91,5.46,0.0344,0.0,0.0,0,f1a69da2-2857-46dc-a326-15cf8fbcfc36,reconstructed_from_kalshi_api,lane2,,live_v10,YES,,,,,
967,2026-06-09T18:39:41.798545-04:00,reconstructed_kalshi,kalshi,KXHIGHTPHX-26JUN09-B103.5,BUY,Limit,8.0,0.12,0.96,0.0592,0.0,0.0,0,3de3e2c5-5ccb-4ca0-9f44-020c38840658,reconstructed_from_kalshi_api,lane2,,live_v10,NO,,,,,
966,2026-06-09T18:39:45.432116-04:00,reconstructed_kalshi,kalshi,KXLOWTCHI-26JUN09-B69.5,SELL,Limit,3.0,0.96,2.88,0.0081,0.0,0.0,0,6e4a96a1-0ede-408f-b083-25946ef5d93b,reconstructed_from_kalshi_api,lane2,,live_v10,YES,,,,,
965,2026-06-09T18:45:58.537381-04:00,reconstructed_kalshi,kalshi,KXLOWTPHIL-26JUN10-T66,BUY,Limit,7.0,0.31,2.17,0.1049,0.0,0.0,0,31144dee-5e97-45f3-8f3d-4e65ba51c111,reconstructed_from_kalshi_api,lane2,,live_v10,NO,,,,,
964,2026-06-09T18:46:02.008221-04:00,reconstructed_kalshi,kalshi,KXLOWTPHIL-26JUN10-T66,SELL,Limit,6.0,0.71,4.26,0.0865,0.0,0.0,0,19bf8c43-4197-4f1f-94f0-f4554347d6b0,reconstructed_from_kalshi_api,lane2,,live_v10,NO,,,,,
963,2026-06-09T18:52:11.777674-04:00,reconstructed_kalshi,kalshi,KXLOWTNOLA-26JUN09-B75.5,BUY,Limit,6.0,0.13,0.78,0.0476,0.0,0.0,0,449ecee1-9040-4250-b4fd-ea8b8052b7eb,reconstructed_from_kalshi_api,lane2,,live_v10,YES,,,,,
962,2026-06-09T18:52:15.293251-04:00,reconstructed_kalshi,kalshi,KXLOWTNOLA-26JUN09-B75.5,SELL,Limit,6.0,0.91,5.46,0.0344,0.0,0.0,0,94096ce3-aa8c-438e-864d-9dd6d42c6697,reconstructed_from_kalshi_api,lane2,,live_v10,YES,,,,,
961,2026-06-09T18:52:16.344486-04:00,reconstructed_kalshi,kalshi,KXLOWTCHI-26JUN09-B69.5,SELL,Limit,45.0,0.97,43.65,0.0919,0.0,0.0,0,792c0af8-dcf5-4fc4-8c45-970c8aa3b905,reconstructed_from_kalshi_api,lane2,,live_v10,YES,,,,,
960,2026-06-09T18:58:23.410557-04:00,reconstructed_kalshi,kalshi,KXHIGHTNOLA-26JUN10-B88.5,BUY,Limit,37.0,0.13999999999999999,5.18,0.3119,0.0,0.0,0,acbf4bcb-89a1-4464-81b4-2d1991a4a351,reconstructed_from_kalshi_api,lane2,,live_v10,YES,,,,,
959,2026-06-09T18:58:26.823868-04:00,reconstructed_kalshi,kalshi,KXHIGHTNOLA-26JUN10-B88.5,SELL,Limit,6.0,0.88,5.28,0.0444,0.0,0.0,0,37bcecb3-5c9a-441a-85dd-a57c73fd864a,reconstructed_from_kalshi_api,lane2,,live_v10,YES,,,,,
958,2026-06-09T18:58:28.005128-04:00,reconstructed_kalshi,kalshi,KXLOWTPHIL-26JUN10-T66,SELL,Limit,1.0,0.71,0.71,0.0145,0.0,0.0,0,92c8a0e4-1cee-4f8d-9dc4-4126f4c17d31,reconstructed_from_kalshi_api,lane2,,live_v10,NO,,,,,
957,2026-06-09T19:04:34.924212-04:00,reconstructed_kalshi,kalshi,KXLOWTSATX-26JUN10-B73.5,BUY,Limit,6.0,0.11,0.66,0.0412,0.0,0.0,0,4ff29d6c-2d95-4f2c-b7aa-3b446900f0ce,reconstructed_from_kalshi_api,lane2,,live_v10,YES,,,,,
956,2026-06-09T19:04:38.389975-04:00,reconstructed_kalshi,kalshi,KXLOWTSATX-26JUN10-B73.5,SELL,Limit,6.0,0.88,5.28,0.0444,0.0,0.0,0,24d4b290-5393-498c-919d-9d670acfaafe,reconstructed_from_kalshi_api,lane2,,live_v10,YES,,,,,
955,2026-06-09T19:10:51.680152-04:00,reconstructed_kalshi,kalshi,KXLOWTPHIL-26JUN10-T66,BUY,Limit,4.0,0.33,1.32,0.062,0.0,0.0,0,43ce0c2e-3c29-42fd-b39d-98467ffe161d,reconstructed_from_kalshi_api,lane2,,live_v10,NO,,,,,
954,2026-06-09T19:10:55.281840-04:00,reconstructed_kalshi,kalshi,KXLOWTPHIL-26JUN10-T66,SELL,Limit,4.0,0.7,2.8,0.0588,0.0,0.0,0,5653ea12-fe5a-4a2f-aeba-6591d78167db,reconstructed_from_kalshi_api,lane2,,live_v10,NO,,,,,
953,2026-06-09T19:17:09.451830-04:00,reconstructed_kalshi,kalshi,KXLOWTSATX-26JUN09-B75.5,BUY,Limit,9.0,0.11,0.99,0.0618,0.0,0.0,0,5219f0bc-a6a0-443a-8838-62a212f252cd,reconstructed_from_kalshi_api,lane2,,live_v10,YES,,,,,
952,2026-06-09T19:17:13.121467-04:00,reconstructed_kalshi,kalshi,KXLOWTSATX-26JUN09-B75.5,SELL,Limit,9.0,0.9400000000000001,8.46,0.0356,0.0,0.0,0,6ce2de55-87c3-4c01-aae3-cb674872422d,reconstructed_from_kalshi_api,lane2,,live_v10,YES,,,,,
951,2026-06-09T19:17:14.397495-04:00,reconstructed_kalshi,kalshi,KXLOWTCHI-26JUN09-B69.5,SELL,Limit,15.0,0.98,14.7,0.0206,0.0,0.0,0,81ef3b5c-427d-4887-91a3-24d6413b40dd,reconstructed_from_kalshi_api,lane2,,live_v10,YES,,,,,
950,2026-06-09T19:23:23.876401-04:00,reconstructed_kalshi,kalshi,KXLOWTPHIL-26JUN10-T66,BUY,Limit,1.0,0.35,0.35,0.016,0.0,0.0,0,5cca5d28-5c69-473f-af56-09e744930fd0,reconstructed_from_kalshi_api,lane2,,live_v10,NO,,,,,
949,2026-06-09T19:23:27.319157-04:00,reconstructed_kalshi,kalshi,KXLOWTPHIL-26JUN10-T66,SELL,Limit,1.0,0.69,0.69,0.015,0.0,0.0,0,4a9d272d-3586-4e6e-8183-6b39e0188a8f,reconstructed_from_kalshi_api,lane2,,live_v10,NO,,,,,
948,2026-06-09T19:29:37.769645-04:00,reconstructed_kalshi,kalshi,KXLOWTCHI-26JUN10-B69.5,BUY,Limit,37.0,0.13999999999999999,5.18,0.3119,0.0,0.0,0,540c658a-4f7e-49bb-bbf4-72c5766b1208,reconstructed_from_kalshi_api,lane2,,live_v10,YES,,,,,
947,2026-06-09T19:29:41.199549-04:00,reconstructed_kalshi,kalshi,KXLOWTCHI-26JUN10-B69.5,SELL,Limit,1.0,0.87,0.87,0.008,0.0,0.0,0,2ed865ce-e95c-49a6-ac45-54a87e47e547,reconstructed_from_kalshi_api,lane2,,live_v10,YES,,,,,
946,2026-06-09T19:35:55.338891-04:00,reconstructed_kalshi,kalshi,KXLOWTPHIL-26JUN10-T66,BUY,Limit,2.0,0.33,0.66,0.031,0.0,0.0,0,6b0da5f5-16e7-4296-9516-2732fb231c17,reconstructed_from_kalshi_api,lane2,,live_v10,NO,,,,,
945,2026-06-09T19:35:58.696529-04:00,reconstructed_kalshi,kalshi,KXLOWTPHIL-26JUN10-T66,SELL,Limit,2.0,0.69,1.38,0.0301,0.0,0.0,0,af33061f-3b48-4fed-82d5-aa5a7cc861e3,reconstructed_from_kalshi_api,lane2,,live_v10,NO,,,,,
944,2026-06-09T19:35:59.782021-04:00,reconstructed_kalshi,kalshi,KXHIGHTNOLA-26JUN10-B88.5,SELL,Limit,4.0,0.89,3.56,0.0275,0.0,0.0,0,113fe27c-3f1a-4c3b-afcf-b491ec2f39e9,reconstructed_from_kalshi_api,lane2,,live_v10,YES,,,,,
943,2026-06-09T19:42:07.017604-04:00,reconstructed_kalshi,kalshi,KXLOWTSATX-26JUN09-B75.5,BUY,Limit,4.0,0.12,0.48,0.0296,0.0,0.0,0,45dbb26b-cda6-4437-9ab7-5765477d895f,reconstructed_from_kalshi_api,lane2,,live_v10,YES,,,,,
942,2026-06-09T19:42:10.449041-04:00,reconstructed_kalshi,kalshi,KXLOWTSATX-26JUN09-B75.5,SELL,Limit,4.0,0.94,3.76,0.0158,0.0,0.0,0,8c4dc134-6c36-4a4c-815e-fd9cbb5066d5,reconstructed_from_kalshi_api,lane2,,live_v10,YES,,,,,
941,2026-06-09T19:42:11.639735-04:00,reconstructed_kalshi,kalshi,KXLOWTCHI-26JUN10-B69.5,SELL,Limit,4.0,0.9,3.6,0.0252,0.0,0.0,0,04650658-bb39-49b0-9df9-b70680b16042,reconstructed_from_kalshi_api,lane2,,live_v10,YES,,,,,
940,2026-06-09T19:48:20.014807-04:00,reconstructed_kalshi,kalshi,KXRAINNYC-26JUN10-T0,BUY,Limit,2.0,0.13,0.26,0.0159,0.0,0.0,0,0a5dc6dc-2473-4d39-b5b6-c3fb477e32fd,reconstructed_from_kalshi_api,lane2,,live_v10,NO,,,,,
939,2026-06-09T19:48:23.506321-04:00,reconstructed_kalshi,kalshi,KXRAINNYC-26JUN10-T0,SELL,Limit,1.0,0.91,0.91,0.0058,0.0,0.0,0,cae48a04-2d32-4bba-89ac-e9671f471b4e,reconstructed_from_kalshi_api,lane2,,live_v10,NO,,,,,
938,2026-06-09T19:48:24.570376-04:00,reconstructed_kalshi,kalshi,KXHIGHTNOLA-26JUN10-B88.5,SELL,Limit,27.0,0.87,23.49,0.2138,0.0,0.0,0,9ad0e35f-9b46-4607-b40a-099f0a83e903,reconstructed_from_kalshi_api,lane2,,live_v10,YES,,,,,
937,2026-06-09T19:54:34.293442-04:00,reconstructed_kalshi,kalshi,KXLOWTSEA-26JUN09-B49.5,BUY,Limit,1.0,0.4,0.4,0.0168,0.0,0.0,0,475bb2d4-3ecb-4b77-a9a3-95bbf70747af,reconstructed_from_kalshi_api,lane2,,live_v10,YES,,,,,
936,2026-06-09T19:54:37.768321-04:00,reconstructed_kalshi,kalshi,KXLOWTSEA-26JUN09-B49.5,SELL,Limit,1.0,0.92,0.92,0.0052,0.0,0.0,0,f61dc5cd-0206-47c5-baa3-3d6bf63bf2d7,reconstructed_from_kalshi_api,lane2,,live_v10,YES,,,,,
935,2026-06-09T20:01:04.980487-04:00,reconstructed_kalshi,kalshi,KXHIGHTLV-26JUN09-B97.5,BUY,Limit,22.0,0.13,2.86,0.1745,0.0,0.0,0,b92d612e-a3e1-4e51-8bb7-c6223b936135,reconstructed_from_kalshi_api,lane2,,live_v10,NO,,,,,
934,2026-06-09T20:01:09.270616-04:00,reconstructed_kalshi,kalshi,KXLOWTCHI-26JUN10-B69.5,SELL,Limit,32.0,0.91,29.12,0.1835,0.0,0.0,0,eb4c1a81-eddb-4228-a84a-893506dc473a,reconstructed_from_kalshi_api,lane2,,live_v10,YES,,,,,
933,2026-06-09T20:07:26.750041-04:00,reconstructed_kalshi,kalshi,KXLOWTNOLA-26JUN09-B75.5,BUY,Limit,1.0,0.09,0.09,0.0058,0.0,0.0,0,f132d005-0fe8-42d2-9604-a4df1e29949e,reconstructed_from_kalshi_api,lane2,,live_v10,YES,,,,,
932,2026-06-09T20:07:30.378546-04:00,reconstructed_kalshi,kalshi,KXLOWTNOLA-26JUN09-B75.5,SELL,Limit,1.0,0.95,0.95,0.0034,0.0,0.0,0,89431f89-33b3-4e0d-a9fa-156a564c5646,reconstructed_from_kalshi_api,lane2,,live_v10,YES,,,,,
931,2026-06-09T20:13:43.932674-04:00,reconstructed_kalshi,kalshi,KXLOWTCHI-26JUN10-B69.5,BUY,Limit,43.0,0.09,3.87,0.2466,0.0,0.0,0,9ae569ba-74f9-4a41-870d-26850773c16c,reconstructed_from_kalshi_api,lane2,,live_v10,YES,,,,,
930,2026-06-09T20:13:47.327899-04:00,reconstructed_kalshi,kalshi,KXLOWTCHI-26JUN10-B69.5,SELL,Limit,19.0,0.93,17.67,0.0867,0.0,0.0,0,9dbdfe9b-6130-4f4d-87db-fc163f9a3fc7,reconstructed_from_kalshi_api,lane2,,live_v10,YES,,,,,
929,2026-06-09T20:19:59.256060-04:00,reconstructed_kalshi,kalshi,KXLOWTNOLA-26JUN09-B75.5,BUY,Limit,6.0,0.11,0.66,0.0412,0.0,0.0,0,5a93209a-0af2-4309-988c-f0bb617d7e06,reconstructed_from_kalshi_api,lane2,,live_v10,YES,,,,,
928,2026-06-09T20:20:03.015882-04:00,reconstructed_kalshi,kalshi,KXLOWTNOLA-26JUN09-B75.5,SELL,Limit,6.0,0.94,5.64,0.0237,0.0,0.0,0,3a0d27ad-cf65-40e7-9c9b-0097c5338def,reconstructed_from_kalshi_api,lane2,,live_v10,YES,,,,,
927,2026-06-09T20:20:04.577781-04:00,reconstructed_kalshi,kalshi,KXRAINNYC-26JUN10-T0,SELL,Limit,1.0,0.93,0.93,0.0046,0.0,0.0,0,d0e0ea17-3294-454a-9c10-c86409999656,reconstructed_from_kalshi_api,lane2,,live_v10,NO,,,,,
926,2026-06-09T20:26:17.992636-04:00,reconstructed_kalshi,kalshi,KXHIGHTSEA-26JUN10-B62.5,BUY,Limit,3.0,0.11,0.33,0.0207,0.0,0.0,0,e65bf0a9-5d6a-48cd-ad3d-5b399bf28d25,reconstructed_from_kalshi_api,lane2,,live_v10,YES,,,,,
925,2026-06-09T20:26:21.537456-04:00,reconstructed_kalshi,kalshi,KXHIGHTSEA-26JUN10-B62.5,SELL,Limit,3.0,0.91,2.73,0.0172,0.0,0.0,0,96566781-ebaf-4fd3-85d4-3a7e07fa69e9,reconstructed_from_kalshi_api,lane2,,live_v10,YES,,,,,
924,2026-06-09T20:32:33.103712-04:00,reconstructed_kalshi,kalshi,KXRAINNYC-26JUN10-T0,BUY,Limit,11.0,0.17,1.87,0.1087,0.0,0.0,0,39a03e2c-9e44-48bf-8f8e-67c1767ed39e,reconstructed_from_kalshi_api,lane2,,live_v10,NO,,,,,
923,2026-06-09T20:32:36.479110-04:00,reconstructed_kalshi,kalshi,KXRAINNYC-26JUN10-T0,SELL,Limit,1.0,0.93,0.93,0.0046,0.0,0.0,0,4fe5b6db-7e81-4ae7-8db2-ab2c954ee435,reconstructed_from_kalshi_api,lane2,,live_v10,NO,,,,,
922,2026-06-09T20:38:47.461490-04:00,reconstructed_kalshi,kalshi,KXLOWTSATX-26JUN09-B75.5,BUY,Limit,6.0,0.09999999999999999,0.6,0.0378,0.0,0.0,0,9d325eca-bc7c-4154-a034-84f05b8ee0ba,reconstructed_from_kalshi_api,lane2,,live_v10,YES,,,,,
921,2026-06-09T20:38:50.915355-04:00,reconstructed_kalshi,kalshi,KXLOWTSATX-26JUN09-B75.5,SELL,Limit,6.0,0.94,5.64,0.0237,0.0,0.0,0,f69ca786-d5af-4989-a60a-a2c77a935435,reconstructed_from_kalshi_api,lane2,,live_v10,YES,,,,,
920,2026-06-09T20:38:52.100826-04:00,reconstructed_kalshi,kalshi,KXLOWTCHI-26JUN10-B69.5,SELL,Limit,20.0,0.9400000000000001,18.8,0.079,0.0,0.0,0,8e4ce69b-6705-40db-946b-3a151e2be74a,reconstructed_from_kalshi_api,lane2,,live_v10,YES,,,,,
919,2026-06-09T20:44:58.066955-04:00,reconstructed_kalshi,kalshi,KXHIGHTNOLA-26JUN10-B88.5,BUY,Limit,9.0,0.13,1.17,0.0713,0.0,0.0,0,b6119edd-6787-47d7-a0ff-5bbedbe3f123,reconstructed_from_kalshi_api,lane2,,live_v10,YES,,,,,
918,2026-06-09T20:45:01.850625-04:00,reconstructed_kalshi,kalshi,KXHIGHTNOLA-26JUN10-B88.5,SELL,Limit,9.0,0.88,7.92,0.0666,0.0,0.0,0,e9a4a084-bde7-4216-8cde-f091382a0dcf,reconstructed_from_kalshi_api,lane2,,live_v10,YES,,,,,
917,2026-06-09T20:45:03.432036-04:00,reconstructed_kalshi,kalshi,KXRAINNYC-26JUN10-T0,SELL,Limit,10.0,0.9400000000000001,9.4,0.0395,0.0,0.0,0,6a95611b-c310-4b8f-8417-7b5343e12fc3,reconstructed_from_kalshi_api,lane2,,live_v10,NO,,,,,
916,2026-06-09T20:51:18.886573-04:00,reconstructed_kalshi,kalshi,KXLOWTPHIL-26JUN10-T66,BUY,Limit,3.0,0.34,1.02,0.0472,0.0,0.0,0,04e3e563-6325-4c46-ad1a-8f6e3916adcf,reconstructed_from_kalshi_api,lane2,,live_v10,NO,,,,,
915,2026-06-09T20:51:22.359221-04:00,reconstructed_kalshi,kalshi,KXLOWTPHIL-26JUN10-T66,SELL,Limit,3.0,0.7200000000000001,2.16,0.0425,0.0,0.0,0,54e781d3-0b8e-4466-b8b6-a988fa3d03f4,reconstructed_from_kalshi_api,lane2,,live_v10,NO,,,,,
914,2026-06-09T20:57:32.372245-04:00,reconstructed_kalshi,kalshi,KXLOWTNOLA-26JUN09-B75.5,BUY,Limit,6.0,0.11,0.66,0.0412,0.0,0.0,0,9154a2e7-be9c-4a27-bfab-7933e61525ed,reconstructed_from_kalshi_api,lane2,,live_v10,YES,,,,,
913,2026-06-09T20:57:35.750752-04:00,reconstructed_kalshi,kalshi,KXLOWTNOLA-26JUN09-B75.5,SELL,Limit,6.0,0.94,5.64,0.0237,0.0,0.0,0,de471ed7-bcd4-4689-881b-f53991b27acb,reconstructed_from_kalshi_api,lane2,,live_v10,YES,,,,,
912,2026-06-09T21:03:47.794396-04:00,reconstructed_kalshi,kalshi,KXHIGHTSEA-26JUN10-B62.5,BUY,Limit,1.0,0.09,0.09,0.0058,0.0,0.0,0,045ebeb9-1eb6-4c36-a6f4-898b9234c988,reconstructed_from_kalshi_api,lane2,,live_v10,YES,,,,,
911,2026-06-09T21:03:51.285828-04:00,reconstructed_kalshi,kalshi,KXHIGHTSEA-26JUN10-B62.5,SELL,Limit,1.0,0.92,0.92,0.0052,0.0,0.0,0,40ae4700-2427-42de-8f73-c847df271be2,reconstructed_from_kalshi_api,lane2,,live_v10,YES,,,,,
910,2026-06-09T21:10:44.437671-04:00,reconstructed_kalshi,kalshi,KXLOWTSATX-26JUN09-B75.5,BUY,Limit,6.0,0.09999999999999999,0.6,0.0378,0.0,0.0,0,73e8d0de-c7d8-4cfa-9d15-5ad699aaddee,reconstructed_from_kalshi_api,lane2,,live_v10,YES,,,,,
909,2026-06-09T21:10:47.948807-04:00,reconstructed_kalshi,kalshi,KXLOWTSATX-26JUN09-B75.5,SELL,Limit,6.0,0.94,5.64,0.0239,0.0,0.0,0,9b6913e1-63c1-4827-a3e6-1eaccc058728,reconstructed_from_kalshi_api,lane2,,live_v10,YES,,,,,
908,2026-06-09T21:16:59.409105-04:00,reconstructed_kalshi,kalshi,KXHIGHTSEA-26JUN10-B62.5,BUY,Limit,1.0,0.09,0.09,0.0058,0.0,0.0,0,63a90eb8-c180-4cc1-ab46-f35253b8cdcd,reconstructed_from_kalshi_api,lane2,,live_v10,YES,,,,,
907,2026-06-09T21:17:02.888322-04:00,reconstructed_kalshi,kalshi,KXHIGHTSEA-26JUN10-B62.5,SELL,Limit,1.0,0.92,0.92,0.0052,0.0,0.0,0,701d0547-b777-49a3-a737-78a82c42e70b,reconstructed_from_kalshi_api,lane2,,live_v10,YES,,,,,
906,2026-06-09T21:23:09.299596-04:00,reconstructed_kalshi,kalshi,KXLOWTPHIL-26JUN10-T66,BUY,Limit,3.0,0.32,0.96,0.0457,0.0,0.0,0,57a01a95-3308-41de-ab94-947ed2133bdd,reconstructed_from_kalshi_api,lane2,,live_v10,NO,,,,,
905,2026-06-09T21:23:13.177253-04:00,reconstructed_kalshi,kalshi,KXLOWTPHIL-26JUN10-T66,SELL,Limit,1.0,0.71,0.71,0.0145,0.0,0.0,0,02679d41-ff61-4356-802c-0f91927dba53,reconstructed_from_kalshi_api,lane2,,live_v10,NO,,,,,
904,2026-06-09T21:29:11.992576-04:00,reconstructed_kalshi,kalshi,KXLOWTPHIL-26JUN10-T66,SELL,Limit,2.0,0.72,1.44,0.0284,0.0,0.0,0,9e1f8bf8-2c14-4ed0-b997-4757762b84d7,reconstructed_from_kalshi_api,lane2,,live_v10,NO,,,,,
903,2026-06-09T21:35:02.018901-04:00,reconstructed_kalshi,kalshi,KXLOWTCHI-26JUN10-B69.5,SELL,Limit,4.0,0.98,3.92,0.0055,0.0,0.0,0,21e52797-e69c-4e8f-9637-8b9032bc0bc4,reconstructed_from_kalshi_api,lane2,,live_v10,YES,,,,,
902,2026-06-09T21:42:55.452039-04:00,reconstructed_kalshi,kalshi,KXHIGHTSEA-26JUN10-B62.5,BUY,Limit,12.0,0.09999999999999999,1.2,0.0756,0.0,0.0,0,ccc65af9-9e16-443f-a09e-c7a97a5ce5e2,reconstructed_from_kalshi_api,lane2,,live_v10,YES,,,,,
901,2026-06-09T21:42:58.863871-04:00,reconstructed_kalshi,kalshi,KXHIGHTSEA-26JUN10-B62.5,SELL,Limit,8.0,0.92,7.36,0.0413,0.0,0.0,0,bd19c1e0-cc8a-4d6e-ae6f-b5f9fdc1f214,reconstructed_from_kalshi_api,lane2,,live_v10,YES,,,,,
900,2026-06-09T21:49:07.702308-04:00,reconstructed_kalshi,kalshi,KXHIGHTNOLA-26JUN10-B88.5,BUY,Limit,6.0,0.13,0.78,0.0476,0.0,0.0,0,217d59f0-50bb-4cc9-8883-906304d8d71e,reconstructed_from_kalshi_api,lane2,,live_v10,YES,,,,,
899,2026-06-09T21:49:11.057378-04:00,reconstructed_kalshi,kalshi,KXHIGHTNOLA-26JUN10-B88.5,SELL,Limit,6.0,0.9,5.4,0.0378,0.0,0.0,0,0eecde57-9a83-432d-84df-2b3f6a984469,reconstructed_from_kalshi_api,lane2,,live_v10,YES,,,,,
898,2026-06-09T21:49:13.253340-04:00,reconstructed_kalshi,kalshi,KXLOWTNYC-26JUN10-T65,SELL,Limit,1.0,0.93,0.93,0.0046,0.0,0.0,0,f52301ef-fca4-49d7-9091-b4f5bc519d43,reconstructed_from_kalshi_api,lane2,,live_v10,NO,,,,,
897,2026-06-09T21:55:21.414215-04:00,reconstructed_kalshi,kalshi,KXLOWTSATX-26JUN10-B73.5,BUY,Limit,14.0,0.11,1.54,0.0961,0.0,0.0,0,a81bc10c-f891-48cf-a549-a6de81510b38,reconstructed_from_kalshi_api,lane2,,live_v10,YES,,,,,
896,2026-06-09T21:55:24.776124-04:00,reconstructed_kalshi,kalshi,KXLOWTSATX-26JUN10-B73.5,SELL,Limit,6.0,0.9,5.4,0.0378,0.0,0.0,0,8035ef0d-0daa-42fa-af53-bab207d5e5fc,reconstructed_from_kalshi_api,lane2,,live_v10,YES,,,,,
895,2026-06-09T22:01:35.543358-04:00,reconstructed_kalshi,kalshi,KXHIGHTNOLA-26JUN10-B88.5,BUY,Limit,1.0,0.13,0.13,0.008,0.0,0.0,0,4054370d-c502-4479-82c0-fc9b0c939814,reconstructed_from_kalshi_api,lane2,,live_v10,YES,,,,,
894,2026-06-09T22:01:38.988162-04:00,reconstructed_kalshi,kalshi,KXHIGHTNOLA-26JUN10-B88.5,SELL,Limit,1.0,0.89,0.89,0.0069,0.0,0.0,0,ff7dbb52-2be9-42e6-9aed-4185ede288ea,reconstructed_from_kalshi_api,lane2,,live_v10,YES,,,,,
893,2026-06-09T22:01:40.221366-04:00,reconstructed_kalshi,kalshi,KXHIGHTSEA-26JUN10-B62.5,SELL,Limit,4.0,0.93,3.72,0.0183,0.0,0.0,0,6785a944-ba0e-46c6-9e43-a79c19713430,reconstructed_from_kalshi_api,lane2,,live_v10,YES,,,,,
892,2026-06-09T22:07:45.216024-04:00,reconstructed_kalshi,kalshi,KXLOWTAUS-26JUN10-T77,BUY,Limit,9.0,0.30000000000000004,2.7,0.1324,0.0,0.0,0,f0e2c87e-d1ae-4acb-8cb8-66f6ab739f89,reconstructed_from_kalshi_api,lane2,,live_v10,YES,,,,,
891,2026-06-09T22:07:48.500534-04:00,reconstructed_kalshi,kalshi,KXLOWTAUS-26JUN10-T77,SELL,Limit,9.0,0.7200000000000001,6.48,0.1271,0.0,0.0,0,a199f23c-3efa-4bb1-b067-4121675bbe42,reconstructed_from_kalshi_api,lane2,,live_v10,YES,,,,,
890,2026-06-09T22:13:53.289766-04:00,reconstructed_kalshi,kalshi,KXRAINNYC-26JUN10-T0,BUY,Limit,20.0,0.15,3.0,0.1785,0.0,0.0,0,d81c265b-22d8-4b29-9ba0-a8f5a95e8bf2,reconstructed_from_kalshi_api,lane2,,live_v10,NO,,,,,
889,2026-06-09T22:13:56.627637-04:00,reconstructed_kalshi,kalshi,KXRAINNYC-26JUN10-T0,SELL,Limit,16.0,0.96,15.36,0.0431,0.0,0.0,0,69a58875-ab59-47dd-8d43-9394b2ce40b4,reconstructed_from_kalshi_api,lane2,,live_v10,NO,,,,,
888,2026-06-09T22:20:04.637050-04:00,reconstructed_kalshi,kalshi,KXHIGHTSEA-26JUN10-B62.5,BUY,Limit,3.0,0.09000000000000001,0.27,0.0173,0.0,0.0,0,c4143441-ee7a-47ed-a339-368a5a87f587,reconstructed_from_kalshi_api,lane2,,live_v10,YES,,,,,
887,2026-06-09T22:20:08.246080-04:00,reconstructed_kalshi,kalshi,KXHIGHTSEA-26JUN10-B62.5,SELL,Limit,1.0,0.92,0.92,0.0052,0.0,0.0,0,230ad205-201e-4390-a188-edb78afc0eae,reconstructed_from_kalshi_api,lane2,,live_v10,YES,,,,,
886,2026-06-09T22:20:09.287839-04:00,reconstructed_kalshi,kalshi,KXLOWTSATX-26JUN10-B73.5,SELL,Limit,3.0,0.89,2.67,0.0206,0.0,0.0,0,8a3c141d-70db-4b9f-94cb-1a4b91b1c45e,reconstructed_from_kalshi_api,lane2,,live_v10,YES,,,,,
885,2026-06-09T22:26:13.984152-04:00,reconstructed_kalshi,kalshi,KXHIGHTNOLA-26JUN10-B88.5,BUY,Limit,1.0,0.13,0.13,0.008,0.0,0.0,0,eebecdff-1241-4a99-b2b1-277247a1d3fd,reconstructed_from_kalshi_api,lane2,,live_v10,YES,,,,,
884,2026-06-09T22:26:17.279621-04:00,reconstructed_kalshi,kalshi,KXHIGHTNOLA-26JUN10-B88.5,SELL,Limit,1.0,0.89,0.89,0.0069,0.0,0.0,0,4eb2b68f-bb7e-44b6-a49a-4413a3b08ff1,reconstructed_from_kalshi_api,lane2,,live_v10,YES,,,,,
883,2026-06-09T22:26:18.444565-04:00,reconstructed_kalshi,kalshi,KXRAINNYC-26JUN10-T0,SELL,Limit,4.0,0.97,3.88,0.0082,0.0,0.0,0,bd5f8885-5a95-4605-b461-0b5b0022eaf9,reconstructed_from_kalshi_api,lane2,,live_v10,NO,,,,,
882,2026-06-09T22:32:26.075541-04:00,reconstructed_kalshi,kalshi,KXLOWTHOU-26JUN09-B75.5,BUY,Limit,4.0,0.08,0.32,0.0207,0.0,0.0,0,51298d57-3cb7-44e9-ab34-ee7d4b6a86a1,reconstructed_from_kalshi_api,lane2,,live_v10,YES,,,,,
881,2026-06-09T22:32:29.411209-04:00,reconstructed_kalshi,kalshi,KXLOWTHOU-26JUN09-B75.5,SELL,Limit,4.0,0.98,3.92,0.0055,0.0,0.0,0,08bc9c98-4e6e-487e-8c80-83f340e1121f,reconstructed_from_kalshi_api,lane2,,live_v10,YES,,,,,
880,2026-06-09T22:38:39.066201-04:00,reconstructed_kalshi,kalshi,KXRAINNYC-26JUN10-T0,BUY,Limit,74.0,0.15,11.1,0.6605,0.0,0.0,0,915e8b14-8620-4679-bbfd-1bffb672a252,reconstructed_from_kalshi_api,lane2,,live_v10,NO,,,,,
879,2026-06-09T22:38:42.498448-04:00,reconstructed_kalshi,kalshi,KXRAINNYC-26JUN10-T0,SELL,Limit,74.0,0.97,71.78,0.1508,0.0,0.0,0,9f9581c1-5268-4507-a419-2d54dd219949,reconstructed_from_kalshi_api,lane2,,live_v10,NO,,,,,
878,2026-06-09T22:44:36.462084-04:00,reconstructed_kalshi,kalshi,KXLOWTSATX-26JUN10-B73.5,SELL,Limit,3.0,0.88,2.64,0.0222,0.0,0.0,0,967dda1f-3fac-4b60-8870-e56e98437263,reconstructed_from_kalshi_api,lane2,,live_v10,YES,,,,,
877,2026-06-09T22:50:28.449701-04:00,reconstructed_kalshi,kalshi,KXLOWTSATX-26JUN10-B73.5,SELL,Limit,2.0,0.9,1.8,0.0126,0.0,0.0,0,447c5cc2-a0b8-4779-ad38-ed6d6714aee2,reconstructed_from_kalshi_api,lane2,,live_v10,YES,,,,,
876,2026-06-09T22:50:29.535657-04:00,reconstructed_kalshi,kalshi,KXLOWTNYC-26JUN10-T65,SELL,Limit,5.0,0.9199999999999999,4.6,0.0258,0.0,0.0,0,b86618a4-10e4-45c8-ad7a-53e2c8f78dc8,reconstructed_from_kalshi_api,lane2,,live_v10,NO,,,,,
875,2026-06-09T22:50:31.529835-04:00,reconstructed_kalshi,kalshi,KXLOWTDAL-26JUN09-B74.5,SELL,Limit,5.0,0.9400000000000001,4.7,0.0198,0.0,0.0,0,59a1c0e7-a7b6-433a-999b-2678ab6c8d4d,reconstructed_from_kalshi_api,lane2,,live_v10,YES,,,,,
874,2026-06-09T22:56:17.496097-04:00,reconstructed_kalshi,kalshi,KXHIGHTSEA-26JUN10-B62.5,SELL,Limit,2.0,0.94,1.88,0.0079,0.0,0.0,0,066bb19a-ad2c-4666-a450-0067cf2d71f1,reconstructed_from_kalshi_api,lane2,,live_v10,YES,,,,,
873,2026-06-10T00:30:48.745019-04:00,reconstructed_kalshi,kalshi,KXLOWTATL-26JUN09-T71,SELL,Limit,2.0,0.98,1.96,0.0028,0.0,0.0,0,4054d728-20a4-46b7-8c13-ba728c5e248e,reconstructed_from_kalshi_api,lane2,,live_v10,NO,,,,,
872,2026-06-10T00:36:37.729910-04:00,reconstructed_kalshi,kalshi,KXLOWTNYC-26JUN10-T65,BUY,Limit,32.0,0.17,5.44,0.3162,0.0,0.0,0,8361a347-9c02-4db3-9abf-1b9d4725cefd,reconstructed_from_kalshi_api,lane2,,live_v10,NO,,,,,
871,2026-06-10T00:36:42.282038-04:00,reconstructed_kalshi,kalshi,KXLOWTNYC-26JUN10-T65,SELL,Limit,6.0,0.8300000000000001,4.98,0.0593,0.0,0.0,0,ffe60c74-1da6-4966-9d72-fc0b1ea79573,reconstructed_from_kalshi_api,lane2,,live_v10,NO,,,,,
870,2026-06-10T00:48:28.941362-04:00,reconstructed_kalshi,kalshi,KXLOWTNYC-26JUN10-T65,SELL,Limit,6.0,0.8300000000000001,4.98,0.0593,0.0,0.0,0,fa9ff0e6-d4de-465f-b64f-c6626c029348,reconstructed_from_kalshi_api,lane2,,live_v10,NO,,,,,
869,2026-06-10T00:54:20.162009-04:00,reconstructed_kalshi,kalshi,KXLOWTNYC-26JUN10-T65,SELL,Limit,6.0,0.82,4.92,0.062,0.0,0.0,0,13124ed6-fb02-4412-a60d-cf6b2413835b,reconstructed_from_kalshi_api,lane2,,live_v10,NO,,,,,
868,2026-06-10T01:00:14.333735-04:00,reconstructed_kalshi,kalshi,KXLOWTNYC-26JUN10-T65,SELL,Limit,1.0,0.83,0.83,0.0099,0.0,0.0,0,b2503dc6-84fe-4c9e-a2bd-427a99550909,reconstructed_from_kalshi_api,lane2,,live_v10,NO,,,,,
867,2026-06-10T01:06:04.006051-04:00,reconstructed_kalshi,kalshi,KXLOWTNYC-26JUN10-T65,SELL,Limit,13.0,0.8099999999999999,10.53,0.1401,0.0,0.0,0,625cc243-e5f2-48ee-b3af-c7316de09cb2,reconstructed_from_kalshi_api,lane2,,live_v10,NO,,,,,
866,2026-06-10T01:17:36.649457-04:00,reconstructed_kalshi,kalshi,KXLOWTNYC-26JUN10-T65,BUY,Limit,15.0,0.15,2.25,0.1339,0.0,0.0,0,b6973751-ae98-4709-a2c3-fca2d58b137c,reconstructed_from_kalshi_api,lane2,,live_v10,NO,,,,,
865,2026-06-10T01:17:41.096825-04:00,reconstructed_kalshi,kalshi,KXLOWTNYC-26JUN10-T65,SELL,Limit,6.0,0.86,5.16,0.0506,0.0,0.0,0,06cec7cc-a5b8-4906-a33c-5af1e2c56089,reconstructed_from_kalshi_api,lane2,,live_v10,NO,,,,,
864,2026-06-10T01:23:30.914528-04:00,reconstructed_kalshi,kalshi,KXLOWTNYC-26JUN10-T65,SELL,Limit,9.0,0.87,7.83,0.0713,0.0,0.0,0,56093a6f-5250-4d79-a844-a955f20ea2d3,reconstructed_from_kalshi_api,lane2,,live_v10,NO,,,,,
863,2026-06-10T01:29:25.143609-04:00,reconstructed_kalshi,kalshi,KXLOWTSATX-26JUN09-T76,SELL,Limit,45.0,0.01,0.45,0.0312,0.0,0.0,0,e43cd4e9-9e67-4240-bf54-56249230ed4c,reconstructed_from_kalshi_api,lane2,,live_v10,NO,,,,,
862,2026-06-10T01:35:08.636690-04:00,reconstructed_kalshi,kalshi,KXLOWTNYC-26JUN10-T65,BUY,Limit,2.0,0.16,0.32,0.0189,0.0,0.0,0,9052376f-9fd7-4dbb-ab77-23764f5d1022,reconstructed_from_kalshi_api,lane2,,live_v10,NO,,,,,
861,2026-06-10T01:35:13.644637-04:00,reconstructed_kalshi,kalshi,KXLOWTNYC-26JUN10-T65,SELL,Limit,2.0,0.85,1.7,0.0179,0.0,0.0,0,2adee21d-f4b4-482c-a349-0e86fd31efa1,reconstructed_from_kalshi_api,lane2,,live_v10,NO,,,,,
860,2026-06-10T03:02:19.633776-04:00,reconstructed_kalshi,kalshi,KXLOWTNYC-26JUN10-T65,BUY,Limit,6.0,0.13999999999999999,0.84,0.0506,0.0,0.0,0,8ef55924-657b-444f-bd22-dbce69c23e30,reconstructed_from_kalshi_api,lane2,,live_v10,NO,,,,,
859,2026-06-10T03:02:24.268642-04:00,reconstructed_kalshi,kalshi,KXLOWTNYC-26JUN10-T65,SELL,Limit,6.0,0.89,5.34,0.0412,0.0,0.0,0,ce705f66-90c2-4b3e-a1e4-78481f46370b,reconstructed_from_kalshi_api,lane2,,live_v10,NO,,,,,
858,2026-06-10T03:14:18.115839-04:00,reconstructed_kalshi,kalshi,KXLOWTNYC-26JUN10-T65,BUY,Limit,1.0,0.09,0.09,0.0058,0.0,0.0,0,2248092c-7db9-4611-a9c5-0d912d172c87,reconstructed_from_kalshi_api,lane2,,live_v10,NO,,,,,
857,2026-06-10T03:14:22.308696-04:00,reconstructed_kalshi,kalshi,KXLOWTNYC-26JUN10-T65,SELL,Limit,1.0,0.92,0.92,0.0052,0.0,0.0,0,e612fd10-3f5c-4c3d-8b6e-ecdb3529f0a9,reconstructed_from_kalshi_api,lane2,,live_v10,NO,,,,,
856,2026-06-10T03:14:25.516679-04:00,reconstructed_kalshi,kalshi,KXHIGHLAX-26JUN10-T78,SELL,Limit,110.0,0.9299999999999999,102.3,0.5014,0.0,0.0,0,8ef5a8a3-cc8e-4081-8b56-d3702d52152b,reconstructed_from_kalshi_api,lane2,,live_v10,YES,,,,,
855,2026-06-10T03:25:44.657452-04:00,reconstructed_kalshi,kalshi,KXLOWTNYC-26JUN10-T65,BUY,Limit,99.0,0.1,9.9,0.6237,0.0,0.0,0,662cb7f1-db0e-4b13-8d70-0b3288007c10,reconstructed_from_kalshi_api,lane2,,live_v10,NO,,,,,
854,2026-06-10T03:25:49.222105-04:00,reconstructed_kalshi,kalshi,KXLOWTNYC-26JUN10-T65,SELL,Limit,99.0,0.9199999999999999,91.08,0.5101,0.0,0.0,0,b15512f4-7a0a-4543-aa38-995bab5c3747,reconstructed_from_kalshi_api,lane2,,live_v10,NO,,,,,
853,2026-06-10T03:37:13.095892-04:00,reconstructed_kalshi,kalshi,KXLOWTNYC-26JUN10-T65,BUY,Limit,6.0,0.12,0.72,0.0444,0.0,0.0,0,42711b3c-f72b-4af2-8678-610315cae199,reconstructed_from_kalshi_api,lane2,,live_v10,NO,,,,,
852,2026-06-10T03:37:17.320939-04:00,reconstructed_kalshi,kalshi,KXLOWTNYC-26JUN10-T65,SELL,Limit,6.0,0.91,5.46,0.0345,0.0,0.0,0,b839f903-5d26-4718-a15f-d5ffaadea3d3,reconstructed_from_kalshi_api,lane2,,live_v10,NO,,,,,
851,2026-06-10T03:48:38.068584-04:00,reconstructed_kalshi,kalshi,KXLOWTNYC-26JUN10-T65,BUY,Limit,71.0,0.13,9.23,0.5623,0.0,0.0,0,d5a1337c-fd90-41d4-b6b3-a0a4af7292d5,reconstructed_from_kalshi_api,lane2,,live_v10,NO,,,,,
850,2026-06-10T03:48:42.215076-04:00,reconstructed_kalshi,kalshi,KXLOWTNYC-26JUN10-T65,SELL,Limit,9.0,0.88,7.92,0.0666,0.0,0.0,0,fd83a72a-5f8b-41ff-989a-8a7e794d2b6c,reconstructed_from_kalshi_api,lane2,,live_v10,NO,,,,,
849,2026-06-10T04:05:55.892984-04:00,reconstructed_kalshi,kalshi,KXLOWTNYC-26JUN10-T65,SELL,Limit,46.0,0.91,41.86,0.2639,0.0,0.0,0,2ed920cd-3833-4c49-8e0e-aaa2ed109175,reconstructed_from_kalshi_api,lane2,,live_v10,NO,,,,,
848,2026-06-10T04:11:37.764249-04:00,reconstructed_kalshi,kalshi,KXLOWTNYC-26JUN10-T65,SELL,Limit,6.0,0.9,5.4,0.0378,0.0,0.0,0,1986b83e-dded-4efb-a6a9-767487cc006b,reconstructed_from_kalshi_api,lane2,,live_v10,NO,,,,,
847,2026-06-10T04:17:20.833145-04:00,reconstructed_kalshi,kalshi,KXLOWTNYC-26JUN10-T65,SELL,Limit,6.0,0.91,5.46,0.0344,0.0,0.0,0,9b954926-1b62-4690-a045-ba1bde451dd9,reconstructed_from_kalshi_api,lane2,,live_v10,NO,,,,,
846,2026-06-10T04:23:00.970180-04:00,reconstructed_kalshi,kalshi,KXLOWTNYC-26JUN10-T65,SELL,Limit,4.0,0.91,3.64,0.023,0.0,0.0,0,e598e861-9725-46af-b2a6-0e13864c6fda,reconstructed_from_kalshi_api,lane2,,live_v10,NO,,,,,
845,2026-06-10T04:34:27.653420-04:00,reconstructed_kalshi,kalshi,KXLOWTNYC-26JUN10-T65,BUY,Limit,10.0,0.09,0.9,0.0574,0.0,0.0,0,198c5800-8f92-4546-94e3-985334c2519d,reconstructed_from_kalshi_api,lane2,,live_v10,NO,,,,,
844,2026-06-10T04:34:31.889693-04:00,reconstructed_kalshi,kalshi,KXLOWTNYC-26JUN10-T65,SELL,Limit,10.0,0.9199999999999999,9.2,0.0517,0.0,0.0,0,271ce7ab-8d5f-46ae-b991-52fa0d55d206,reconstructed_from_kalshi_api,lane2,,live_v10,NO,,,,,
843,2026-06-10T07:21:58.940195-04:00,reconstructed_kalshi,kalshi,KXLOWTDC-26JUN10-T71,BUY,Limit,32.0,0.3,9.6,0.4704,0.0,0.0,0,5dd78d10-c28b-41cf-91d8-ef79594872cd,reconstructed_from_kalshi_api,lane2,,live_v10,NO,,,,,
842,2026-06-10T07:22:03.471867-04:00,reconstructed_kalshi,kalshi,KXLOWTDC-26JUN10-T71,SELL,Limit,4.0,0.72,2.88,0.0565,0.0,0.0,0,ba38c680-49aa-448b-968d-56f7e2883701,reconstructed_from_kalshi_api,lane2,,live_v10,NO,,,,,
841,2026-06-10T07:27:46.583348-04:00,reconstructed_kalshi,kalshi,KXLOWTDC-26JUN10-T71,SELL,Limit,28.0,0.71,19.88,0.4037,0.0,0.0,0,c1dc784f-a0da-4399-913e-58b20c12de1f,reconstructed_from_kalshi_api,lane2,,live_v10,NO,,,,,
840,2026-06-10T07:39:11.619600-04:00,reconstructed_kalshi,kalshi,KXLOWTDC-26JUN10-T71,BUY,Limit,6.0,0.3,1.8,0.0882,0.0,0.0,0,97a1b11b-4553-4622-b0c8-dad4982a7490,reconstructed_from_kalshi_api,lane2,,live_v10,NO,,,,,
839,2026-06-10T07:39:15.894189-04:00,reconstructed_kalshi,kalshi,KXLOWTDC-26JUN10-T71,SELL,Limit,6.0,0.71,4.26,0.0865,0.0,0.0,0,3aef062c-0d6e-47e4-8d35-564a4ff82841,reconstructed_from_kalshi_api,lane2,,live_v10,NO,,,,,
838,2026-06-10T12:29:40.192123-04:00,reconstructed_kalshi,kalshi,KXHIGHTBOS-26JUN10-T87,BUY,Limit,5.0,0.13,0.65,0.0397,0.0,0.0,0,1c45265f-9680-4f41-b0d8-1e529ac3a6aa,reconstructed_from_kalshi_api,lane2,,live_v10,NO,,,,,
837,2026-06-10T12:29:45.767894-04:00,reconstructed_kalshi,kalshi,KXHIGHTBOS-26JUN10-T87,SELL,Limit,5.0,0.8800000000000001,4.4,0.037,0.0,0.0,0,4c7cd7d9-f2d5-4192-87e3-9ef75d93147f,reconstructed_from_kalshi_api,lane2,,live_v10,NO,,,,,
836,2026-06-10T12:35:48.226405-04:00,reconstructed_kalshi,kalshi,KXLOWTBOS-26JUN11-T66,BUY,Limit,42.0,0.2,8.4,0.4704,0.0,0.0,0,715fa2f3-e3c4-4fe4-8f98-c12e4633b067,reconstructed_from_kalshi_api,lane2,,live_v10,NO,,,,,
835,2026-06-10T12:35:54.195659-04:00,reconstructed_kalshi,kalshi,KXLOWTBOS-26JUN11-T66,SELL,Limit,13.0,0.84,10.92,0.1224,0.0,0.0,0,ced1d612-2bd5-4f96-ab88-dbcdb2c5b98a,reconstructed_from_kalshi_api,lane2,,live_v10,NO,,,,,
834,2026-06-10T12:41:52.117855-04:00,reconstructed_kalshi,kalshi,KXHIGHTBOS-26JUN10-T87,BUY,Limit,1.0,0.1,0.1,0.0063,0.0,0.0,0,c98a4e19-8d3c-46fd-b1d0-c967e1f48c72,reconstructed_from_kalshi_api,lane2,,live_v10,NO,,,,,
833,2026-06-10T12:41:57.596479-04:00,reconstructed_kalshi,kalshi,KXHIGHTBOS-26JUN10-T87,SELL,Limit,1.0,0.92,0.92,0.0052,0.0,0.0,0,0544b332-ca2d-468f-b1f1-e4dfd6c93262,reconstructed_from_kalshi_api,lane2,,live_v10,NO,,,,,
832,2026-06-10T12:48:02.721218-04:00,reconstructed_kalshi,kalshi,KXLOWTBOS-26JUN11-T66,SELL,Limit,6.0,0.81,4.86,0.0647,0.0,0.0,0,a3a5a71a-8187-4763-a470-1272b386eb01,reconstructed_from_kalshi_api,lane2,,live_v10,NO,,,,,
831,2026-06-10T12:54:04.922448-04:00,reconstructed_kalshi,kalshi,KXLOWTBOS-26JUN11-T66,SELL,Limit,6.0,0.8300000000000001,4.98,0.0593,0.0,0.0,0,49a2add7-2dd8-4053-8571-50c939f12723,reconstructed_from_kalshi_api,lane2,,live_v10,NO,,,,,
830,2026-06-10T13:00:19.481776-04:00,reconstructed_kalshi,kalshi,KXLOWTBOS-26JUN11-T66,SELL,Limit,6.0,0.88,5.28,0.0444,0.0,0.0,0,b808f423-c406-4ae3-8a48-15eae9d34913,reconstructed_from_kalshi_api,lane2,,live_v10,NO,,,,,
829,2026-06-10T13:06:25.721454-04:00,reconstructed_kalshi,kalshi,KXLOWTBOS-26JUN11-T66,SELL,Limit,11.0,0.85,9.35,0.0983,0.0,0.0,0,1512c564-393a-4b01-a730-0eb5ce0aa9fe,reconstructed_from_kalshi_api,lane2,,live_v10,NO,,,,,
828,2026-06-10T13:24:40.378750-04:00,reconstructed_kalshi,kalshi,KXLOWTBOS-26JUN11-T66,BUY,Limit,6.0,0.19999999999999998,1.2,0.0672,0.0,0.0,0,3d566672-416b-493c-8608-440967ac0e6d,reconstructed_from_kalshi_api,lane2,,live_v10,NO,,,,,
827,2026-06-10T13:24:46.340123-04:00,reconstructed_kalshi,kalshi,KXLOWTBOS-26JUN11-T66,SELL,Limit,6.0,0.85,5.1,0.0536,0.0,0.0,0,16842417-a9ac-48cc-ae95-4d875f274c3d,reconstructed_from_kalshi_api,lane2,,live_v10,NO,,,,,
826,2026-06-10T13:37:15.383265-04:00,reconstructed_kalshi,kalshi,KXLOWTBOS-26JUN11-T66,BUY,Limit,6.0,0.21,1.26,0.0697,0.0,0.0,0,0d2c2ed1-b8f0-4a74-874c-e21f110e25cb,reconstructed_from_kalshi_api,lane2,,live_v10,NO,,,,,
825,2026-06-10T13:37:21.719887-04:00,reconstructed_kalshi,kalshi,KXLOWTBOS-26JUN11-T66,SELL,Limit,6.0,0.84,5.04,0.0565,0.0,0.0,0,76a61966-b084-48ed-9d04-a29909f7e821,reconstructed_from_kalshi_api,lane2,,live_v10,NO,,,,,
824,2026-06-10T13:49:39.385674-04:00,reconstructed_kalshi,kalshi,KXLOWTBOS-26JUN11-T66,BUY,Limit,41.0,0.19999999999999998,8.2,0.4592,0.0,0.0,0,1f7a836b-5ebe-4afe-b46b-fd4746230b06,reconstructed_from_kalshi_api,lane2,,live_v10,NO,,,,,
823,2026-06-10T13:49:45.669899-04:00,reconstructed_kalshi,kalshi,KXLOWTBOS-26JUN11-T66,SELL,Limit,41.0,0.8500000000000001,34.85,0.366,0.0,0.0,0,3fd03dab-6f9b-4ee9-9910-b9fe56a73305,reconstructed_from_kalshi_api,lane2,,live_v10,NO,,,,,
822,2026-06-10T14:02:09.238442-04:00,reconstructed_kalshi,kalshi,KXLOWTBOS-26JUN11-T66,BUY,Limit,6.0,0.18999999999999997,1.14,0.0647,0.0,0.0,0,616a5c8b-24eb-407c-8cf8-036c705b10e9,reconstructed_from_kalshi_api,lane2,,live_v10,NO,,,,,
821,2026-06-10T14:02:16.060076-04:00,reconstructed_kalshi,kalshi,KXLOWTBOS-26JUN11-T66,SELL,Limit,6.0,0.87,5.22,0.0476,0.0,0.0,0,dd87a493-5eb7-468c-8c0c-18cbb0f777de,reconstructed_from_kalshi_api,lane2,,live_v10,NO,,,,,
820,2026-06-10T14:14:20.637247-04:00,reconstructed_kalshi,kalshi,KXLOWTBOS-26JUN11-T66,BUY,Limit,6.0,0.18999999999999997,1.14,0.0647,0.0,0.0,0,c9b07d72-4e0b-465b-a586-fe9c7e9e1c52,reconstructed_from_kalshi_api,lane2,,live_v10,NO,,,,,
819,2026-06-10T14:14:26.431262-04:00,reconstructed_kalshi,kalshi,KXLOWTBOS-26JUN11-T66,SELL,Limit,6.0,0.86,5.16,0.0506,0.0,0.0,0,df6fab3b-3ca1-4be7-a549-559af80cf220,reconstructed_from_kalshi_api,lane2,,live_v10,NO,,,,,
818,2026-06-10T14:27:30.670894-04:00,reconstructed_kalshi,kalshi,KXLOWTBOS-26JUN11-T66,BUY,Limit,45.0,0.18,8.1,0.4651,0.0,0.0,0,85fe9e08-bf8e-45fb-b2d3-89e52b7f34eb,reconstructed_from_kalshi_api,lane2,,live_v10,NO,,,,,
817,2026-06-10T14:27:36.876624-04:00,reconstructed_kalshi,kalshi,KXLOWTBOS-26JUN11-T66,SELL,Limit,45.0,0.87,39.15,0.3564,0.0,0.0,0,05a0b7aa-8f2b-4f9a-a333-405ee20667cf,reconstructed_from_kalshi_api,lane2,,live_v10,NO,,,,,
816,2026-06-10T14:39:49.880820-04:00,reconstructed_kalshi,kalshi,KXLOWTBOS-26JUN11-T66,BUY,Limit,55.0,0.13,7.15,0.4355,0.0,0.0,0,9f35760d-85fe-4b23-8fae-38f2123f37ee,reconstructed_from_kalshi_api,lane2,,live_v10,NO,,,,,
815,2026-06-10T14:39:55.904371-04:00,reconstructed_kalshi,kalshi,KXLOWTBOS-26JUN11-T66,SELL,Limit,28.0,0.88,24.64,0.2072,0.0,0.0,0,103b8caf-60be-4ae1-b3a1-dce1b10a46ba,reconstructed_from_kalshi_api,lane2,,live_v10,NO,,,,,
814,2026-06-10T14:46:04.186420-04:00,reconstructed_kalshi,kalshi,KXLOWTBOS-26JUN11-T66,SELL,Limit,10.0,0.8800000000000001,8.8,0.074,0.0,0.0,0,b26eccc2-2f8a-4077-ab1b-36c9d1821c8c,reconstructed_from_kalshi_api,lane2,,live_v10,NO,,,,,
813,2026-06-10T14:52:10.618819-04:00,reconstructed_kalshi,kalshi,KXLOWTBOS-26JUN11-T66,SELL,Limit,10.0,0.8800000000000001,8.8,0.074,0.0,0.0,0,148aeb22-cba5-4bd2-9f25-9d1bb97ff96c,reconstructed_from_kalshi_api,lane2,,live_v10,NO,,,,,
812,2026-06-10T14:58:19.225777-04:00,reconstructed_kalshi,kalshi,KXLOWTBOS-26JUN11-T66,SELL,Limit,7.0,0.88,6.16,0.0518,0.0,0.0,0,f027edfd-018a-487d-ae7a-45981d8df839,reconstructed_from_kalshi_api,lane2,,live_v10,NO,,,,,
811,2026-06-10T15:16:38.157172-04:00,reconstructed_kalshi,kalshi,KXHIGHTSFO-26JUN10-T78,SELL,Limit,8.0,0.14,1.12,0.0675,0.0,0.0,0,6090f248-6ea5-4e32-ae0c-3f5d25672a0a,reconstructed_from_kalshi_api,lane2,,live_v10,YES,,,,,
810,2026-06-10T15:22:39.743279-04:00,reconstructed_kalshi,kalshi,KXHIGHTSFO-26JUN11-T89,BUY,Limit,5.0,0.1,0.5,0.0315,0.0,0.0,0,858e124d-1869-40fd-97f0-a3ae5ee28fcf,reconstructed_from_kalshi_api,lane2,,live_v10,YES,,,,,
809,2026-06-10T15:28:46.958184-04:00,reconstructed_kalshi,kalshi,KXHIGHTSFO-26JUN10-T78,BUY,Limit,31.0,0.2,6.2,0.3472,0.0,0.0,0,9b536863-d536-4c45-831b-40bda4e1c1db,reconstructed_from_kalshi_api,lane2,,live_v10,NO,,,,,
808,2026-06-10T15:28:52.787254-04:00,reconstructed_kalshi,kalshi,KXHIGHTSFO-26JUN10-T78,SELL,Limit,30.0,0.81,24.3,0.3233,0.0,0.0,0,b239b5cb-31e9-4ca9-9bb8-d9e0ede12f7e,reconstructed_from_kalshi_api,lane2,,live_v10,NO,,,,,
807,2026-06-10T15:35:02.080358-04:00,reconstructed_kalshi,kalshi,KXHIGHTSFO-26JUN10-T78,SELL,Limit,1.0,0.82,0.82,0.0104,0.0,0.0,0,377b06e3-df76-44e1-8382-2fb6aea3353f,reconstructed_from_kalshi_api,lane2,,live_v10,NO,,,,,
806,2026-06-10T16:36:30.491613-04:00,reconstructed_kalshi,kalshi,KXLOWTBOS-26JUN11-T66,BUY,Limit,6.0,0.22,1.32,0.0721,0.0,0.0,0,8b54d28f-26d7-46a2-9c01-66b39600406a,reconstructed_from_kalshi_api,lane2,,live_v10,NO,,,,,
805,2026-06-10T16:36:36.275517-04:00,reconstructed_kalshi,kalshi,KXLOWTBOS-26JUN11-T66,SELL,Limit,6.0,0.8300000000000001,4.98,0.0593,0.0,0.0,0,3e686b15-1c10-40dd-8f8e-02e15290c2d8,reconstructed_from_kalshi_api,lane2,,live_v10,NO,,,,,
804,2026-06-10T16:48:46.059295-04:00,reconstructed_kalshi,kalshi,KXLOWTBOS-26JUN11-T66,BUY,Limit,1.0,0.26,0.26,0.0135,0.0,0.0,0,85776230-07e9-496d-b2b1-0e489586fd0c,reconstructed_from_kalshi_api,lane2,,live_v10,NO,,,,,
803,2026-06-10T16:48:52.024704-04:00,reconstructed_kalshi,kalshi,KXLOWTBOS-26JUN11-T66,SELL,Limit,1.0,0.82,0.82,0.0104,0.0,0.0,0,45ffed5c-21b0-45c3-ba44-89d4cb333db8,reconstructed_from_kalshi_api,lane2,,live_v10,NO,,,,,
802,2026-06-10T17:01:06.255972-04:00,reconstructed_kalshi,kalshi,KXLOWTBOS-26JUN11-T66,BUY,Limit,6.0,0.18000000000000002,1.08,0.062,0.0,0.0,0,6a0cdd78-e2fa-4a5a-a859-bf2b7e4bd64c,reconstructed_from_kalshi_api,lane2,,live_v10,NO,,,,,
801,2026-06-10T17:01:12.623501-04:00,reconstructed_kalshi,kalshi,KXLOWTBOS-26JUN11-T66,SELL,Limit,6.0,0.87,5.22,0.0476,0.0,0.0,0,4e86c54e-171a-4708-837f-eeeb5c87ebe2,reconstructed_from_kalshi_api,lane2,,live_v10,NO,,,,,
800,2026-06-10T17:14:05.431640-04:00,reconstructed_kalshi,kalshi,KXLOWTBOS-26JUN11-T66,BUY,Limit,6.0,0.18999999999999997,1.14,0.0647,0.0,0.0,0,9d3b5133-1822-4408-97c5-d734426c73d3,reconstructed_from_kalshi_api,lane2,,live_v10,NO,,,,,
799,2026-06-10T17:14:11.886612-04:00,reconstructed_kalshi,kalshi,KXLOWTBOS-26JUN11-T66,SELL,Limit,6.0,0.86,5.16,0.0506,0.0,0.0,0,c430a3a8-0c47-4c5f-9a58-f64cf9a19a77,reconstructed_from_kalshi_api,lane2,,live_v10,NO,,,,,
798,2026-06-10T17:32:21.540262-04:00,reconstructed_kalshi,kalshi,KXLOWTBOS-26JUN11-T66,BUY,Limit,6.0,0.22999999999999998,1.38,0.0744,0.0,0.0,0,69d73e88-b20d-4960-af08-208ea71003ad,reconstructed_from_kalshi_api,lane2,,live_v10,NO,,,,,
797,2026-06-10T17:32:27.196839-04:00,reconstructed_kalshi,kalshi,KXLOWTBOS-26JUN11-T66,SELL,Limit,6.0,0.81,4.86,0.0647,0.0,0.0,0,7c8b1d00-763a-43b2-be27-ee690bb3fd66,reconstructed_from_kalshi_api,lane2,,live_v10,NO,,,,,
796,2026-06-10T17:44:30.336738-04:00,reconstructed_kalshi,kalshi,KXLOWTBOS-26JUN11-T66,BUY,Limit,1.0,0.22,0.22,0.0121,0.0,0.0,0,5f7bee1c-9cbc-4c19-8cd1-6183056c191d,reconstructed_from_kalshi_api,lane2,,live_v10,NO,,,,,
795,2026-06-10T17:44:36.187047-04:00,reconstructed_kalshi,kalshi,KXLOWTBOS-26JUN11-T66,SELL,Limit,1.0,0.83,0.83,0.0099,0.0,0.0,0,f3ff75ea-1ada-4755-939e-4b20a04c4545,reconstructed_from_kalshi_api,lane2,,live_v10,NO,,,,,
794,2026-06-10T17:56:41.150377-04:00,reconstructed_kalshi,kalshi,KXLOWTBOS-26JUN11-T66,BUY,Limit,29.0,0.23,6.67,0.3596,0.0,0.0,0,064b2975-af3c-4c3d-af11-f967ebea0aab,reconstructed_from_kalshi_api,lane2,,live_v10,NO,,,,,
793,2026-06-10T17:56:48.526926-04:00,reconstructed_kalshi,kalshi,KXLOWTBOS-26JUN11-T66,SELL,Limit,6.0,0.82,4.92,0.062,0.0,0.0,0,ee93eec8-8338-442d-8afc-187c45de10bc,reconstructed_from_kalshi_api,lane2,,live_v10,NO,,,,,
792,2026-06-10T18:02:53.684865-04:00,reconstructed_kalshi,kalshi,KXLOWTBOS-26JUN11-T66,SELL,Limit,23.0,0.82,18.86,0.2377,0.0,0.0,0,208f010a-fa98-4e68-a484-2a37d1678da3,reconstructed_from_kalshi_api,lane2,,live_v10,NO,,,,,
791,2026-06-10T18:15:08.749263-04:00,reconstructed_kalshi,kalshi,KXLOWTBOS-26JUN11-T66,BUY,Limit,6.0,0.22,1.32,0.0721,0.0,0.0,0,f046b5b9-7b03-4c2c-826e-467ca0fb943e,reconstructed_from_kalshi_api,lane2,,live_v10,NO,,,,,
790,2026-06-10T18:15:15.356062-04:00,reconstructed_kalshi,kalshi,KXLOWTBOS-26JUN11-T66,SELL,Limit,6.0,0.8300000000000001,4.98,0.0593,0.0,0.0,0,1864cf5c-756f-4f27-a7e0-147ee7256fea,reconstructed_from_kalshi_api,lane2,,live_v10,NO,,,,,
789,2026-06-10T18:27:18.589861-04:00,reconstructed_kalshi,kalshi,KXLOWTBOS-26JUN11-T66,BUY,Limit,47.0,0.17,7.99,0.4643,0.0,0.0,0,3ac36f95-6b77-4a1a-97ff-b1d830460c82,reconstructed_from_kalshi_api,lane2,,live_v10,NO,,,,,
788,2026-06-10T18:27:25.038295-04:00,reconstructed_kalshi,kalshi,KXLOWTBOS-26JUN11-T66,SELL,Limit,15.0,0.87,13.05,0.1189,0.0,0.0,0,4c807a4f-c752-47bd-b985-7f87d37ccdfe,reconstructed_from_kalshi_api,lane2,,live_v10,NO,,,,,
787,2026-06-10T18:33:31.555642-04:00,reconstructed_kalshi,kalshi,KXLOWTBOS-26JUN11-T66,SELL,Limit,6.0,0.87,5.22,0.0476,0.0,0.0,0,0c5f2e98-a314-4c4b-90fc-67c0c3fe010c,reconstructed_from_kalshi_api,lane2,,live_v10,NO,,,,,
786,2026-06-10T18:39:39.610545-04:00,reconstructed_kalshi,kalshi,KXLOWTBOS-26JUN11-T66,SELL,Limit,26.0,0.83,21.58,0.2569,0.0,0.0,0,8b03ebbe-0919-40c4-983a-befed637ea90,reconstructed_from_kalshi_api,lane2,,live_v10,NO,,,,,
785,2026-06-10T18:51:45.506820-04:00,reconstructed_kalshi,kalshi,KXLOWTBOS-26JUN11-T66,BUY,Limit,6.0,0.19999999999999998,1.2,0.0672,0.0,0.0,0,bfa556a2-49b8-4505-a202-b69c936ea8eb,reconstructed_from_kalshi_api,lane2,,live_v10,NO,,,,,
784,2026-06-10T18:51:51.385176-04:00,reconstructed_kalshi,kalshi,KXLOWTBOS-26JUN11-T66,SELL,Limit,6.0,0.85,5.1,0.0536,0.0,0.0,0,1cd5f6e2-6f49-4618-b8bc-d3b79dbb333f,reconstructed_from_kalshi_api,lane2,,live_v10,NO,,,,,
783,2026-06-10T19:03:55.966070-04:00,reconstructed_kalshi,kalshi,KXLOWTBOS-26JUN11-T66,BUY,Limit,6.0,0.18999999999999997,1.14,0.0647,0.0,0.0,0,e715599c-0bd1-46ed-bba5-6d9a87275a6f,reconstructed_from_kalshi_api,lane2,,live_v10,NO,,,,,
782,2026-06-10T19:04:01.868392-04:00,reconstructed_kalshi,kalshi,KXLOWTBOS-26JUN11-T66,SELL,Limit,6.0,0.86,5.16,0.0506,0.0,0.0,0,7bedb446-163f-4004-bc0b-56dc86cf6672,reconstructed_from_kalshi_api,lane2,,live_v10,NO,,,,,
781,2026-06-10T19:16:12.267596-04:00,reconstructed_kalshi,kalshi,KXLOWTBOS-26JUN11-T66,BUY,Limit,6.0,0.18000000000000002,1.08,0.062,0.0,0.0,0,7f0dd19f-b5e6-48d0-a105-03cdca4369fc,reconstructed_from_kalshi_api,lane2,,live_v10,NO,,,,,
780,2026-06-10T19:16:18.538891-04:00,reconstructed_kalshi,kalshi,KXLOWTBOS-26JUN11-T66,SELL,Limit,6.0,0.86,5.16,0.0506,0.0,0.0,0,adcd81db-5fb0-4b35-8628-d0e3fa0606a9,reconstructed_from_kalshi_api,lane2,,live_v10,NO,,,,,
779,2026-06-10T19:28:21.239389-04:00,reconstructed_kalshi,kalshi,KXLOWTBOS-26JUN11-T66,BUY,Limit,6.0,0.18000000000000002,1.08,0.062,0.0,0.0,0,a8a8fd22-3ac2-48f2-af16-a8efbf05d745,reconstructed_from_kalshi_api,lane2,,live_v10,NO,,,,,
778,2026-06-10T19:28:27.216008-04:00,reconstructed_kalshi,kalshi,KXLOWTBOS-26JUN11-T66,SELL,Limit,6.0,0.87,5.22,0.0476,0.0,0.0,0,8fb75c2c-3bfc-4367-aee5-95b65e81fea4,reconstructed_from_kalshi_api,lane2,,live_v10,NO,,,,,
777,2026-06-10T19:40:29.770969-04:00,reconstructed_kalshi,kalshi,KXLOWTBOS-26JUN11-T66,BUY,Limit,52.0,0.15,7.8,0.4642,0.0,0.0,0,d25e4142-9dcd-4849-bb66-7ed1db7b60bf,reconstructed_from_kalshi_api,lane2,,live_v10,NO,,,,,
776,2026-06-10T19:40:35.504304-04:00,reconstructed_kalshi,kalshi,KXLOWTBOS-26JUN11-T66,SELL,Limit,52.0,0.88,45.76,0.3844,0.0,0.0,0,23ff7544-d0cb-4055-9a1b-37b1df646d5f,reconstructed_from_kalshi_api,lane2,,live_v10,NO,,,,,
775,2026-06-10T19:53:18.005428-04:00,reconstructed_kalshi,kalshi,KXLOWTCHI-26JUN11-T66,BUY,Limit,9.0,0.34,3.06,0.1415,0.0,0.0,0,ed500a69-1035-4830-ab6f-0b6ddc793965,reconstructed_from_kalshi_api,lane2,,live_v10,YES,,,,,
774,2026-06-10T19:59:25.502788-04:00,reconstructed_kalshi,kalshi,KXLOWTBOS-26JUN11-T66,BUY,Limit,6.0,0.16,0.96,0.0565,0.0,0.0,0,983c5c21-1067-45c1-a7b8-22e84722e134,reconstructed_from_kalshi_api,lane2,,live_v10,NO,,,,,
773,2026-06-10T19:59:32.872551-04:00,reconstructed_kalshi,kalshi,KXLOWTBOS-26JUN11-T66,SELL,Limit,6.0,0.87,5.22,0.0476,0.0,0.0,0,b8548064-0f92-4596-8041-27ee6e138411,reconstructed_from_kalshi_api,lane2,,live_v10,NO,,,,,
772,2026-06-10T20:11:42.909483-04:00,reconstructed_kalshi,kalshi,KXLOWTBOS-26JUN11-T66,BUY,Limit,42.0,0.2,8.4,0.4705,0.0,0.0,0,56ba4728-b531-4636-8833-6224812717f3,reconstructed_from_kalshi_api,lane2,,live_v10,NO,,,,,
771,2026-06-10T20:11:48.533261-04:00,reconstructed_kalshi,kalshi,KXLOWTBOS-26JUN11-T66,SELL,Limit,42.0,0.81,34.02,0.4525,0.0,0.0,0,18229568-501e-4409-a437-423e49dac1e4,reconstructed_from_kalshi_api,lane2,,live_v10,NO,,,,,
770,2026-06-10T20:23:55.607775-04:00,reconstructed_kalshi,kalshi,KXLOWTBOS-26JUN11-T66,BUY,Limit,32.0,0.21,6.72,0.3717,0.0,0.0,0,6db0862b-fc03-451b-9ba4-ff51650555a5,reconstructed_from_kalshi_api,lane2,,live_v10,NO,,,,,
769,2026-06-10T20:24:01.374439-04:00,reconstructed_kalshi,kalshi,KXLOWTBOS-26JUN11-T66,SELL,Limit,7.0,0.84,5.88,0.066,0.0,0.0,0,cf461627-ae22-4bb2-b0fa-63c74f2b590d,reconstructed_from_kalshi_api,lane2,,live_v10,NO,,,,,
768,2026-06-10T20:30:13.555208-04:00,reconstructed_kalshi,kalshi,KXLOWTBOS-26JUN11-T66,SELL,Limit,17.0,0.84,14.28,0.16,0.0,0.0,0,0cd543d0-7233-4c99-ad24-822b1e87f285,reconstructed_from_kalshi_api,lane2,,live_v10,NO,,,,,
767,2026-06-10T20:36:16.435071-04:00,reconstructed_kalshi,kalshi,KXLOWTBOS-26JUN11-T66,SELL,Limit,6.0,0.85,5.1,0.0536,0.0,0.0,0,5c0fabaf-52bd-4f88-8c0a-ecba7994d748,reconstructed_from_kalshi_api,lane2,,live_v10,NO,,,,,
766,2026-06-10T20:42:22.808821-04:00,reconstructed_kalshi,kalshi,KXLOWTBOS-26JUN11-T66,SELL,Limit,2.0,0.88,1.76,0.0148,0.0,0.0,0,96dd04d6-65aa-4b8b-bc6c-55f86392756d,reconstructed_from_kalshi_api,lane2,,live_v10,NO,,,,,
765,2026-06-10T21:19:12.925912-04:00,reconstructed_kalshi,kalshi,KXLOWTBOS-26JUN11-T66,BUY,Limit,6.0,0.17,1.02,0.0593,0.0,0.0,0,260181e2-2b49-4a8e-8e20-5030af9af00f,reconstructed_from_kalshi_api,lane2,,live_v10,NO,,,,,
764,2026-06-10T21:19:18.880992-04:00,reconstructed_kalshi,kalshi,KXLOWTBOS-26JUN11-T66,SELL,Limit,6.0,0.88,5.28,0.0444,0.0,0.0,0,1934cdd2-457a-4bd7-934c-2e64b9e3631d,reconstructed_from_kalshi_api,lane2,,live_v10,NO,,,,,
763,2026-06-10T21:31:34.120265-04:00,reconstructed_kalshi,kalshi,KXLOWTBOS-26JUN11-T66,BUY,Limit,50.0,0.16,8.0,0.4704,0.0,0.0,0,7d8624ed-2f56-4af9-8484-928afa8e203c,reconstructed_from_kalshi_api,lane2,,live_v10,NO,,,,,
762,2026-06-10T21:31:40.396975-04:00,reconstructed_kalshi,kalshi,KXLOWTBOS-26JUN11-T66,SELL,Limit,32.0,0.88,28.16,0.2366,0.0,0.0,0,194d66a9-28e7-4adc-ac0a-1369d8579258,reconstructed_from_kalshi_api,lane2,,live_v10,NO,,,,,
761,2026-06-10T21:37:43.347739-04:00,reconstructed_kalshi,kalshi,KXLOWTBOS-26JUN11-T66,SELL,Limit,18.0,0.88,15.84,0.1331,0.0,0.0,0,606b2f95-fe8f-47f8-962a-90cb25a8983a,reconstructed_from_kalshi_api,lane2,,live_v10,NO,,,,,
760,2026-06-10T21:49:50.356933-04:00,reconstructed_kalshi,kalshi,KXLOWTBOS-26JUN11-T66,BUY,Limit,46.0,0.17,7.82,0.4544,0.0,0.0,0,ca86a57d-b5ea-4322-ac5b-e20f159d7f78,reconstructed_from_kalshi_api,lane2,,live_v10,NO,,,,,
759,2026-06-10T21:49:56.347274-04:00,reconstructed_kalshi,kalshi,KXLOWTBOS-26JUN11-T66,SELL,Limit,46.0,0.8799999999999999,40.48,0.3401,0.0,0.0,0,8a86f6be-0f8d-4c0e-8d80-fa8eb5275741,reconstructed_from_kalshi_api,lane2,,live_v10,NO,,,,,
758,2026-06-10T22:02:00.719327-04:00,reconstructed_kalshi,kalshi,KXLOWTBOS-26JUN11-T66,BUY,Limit,42.0,0.18,7.56,0.434,0.0,0.0,0,e19c0fab-bcbd-4efa-836c-5a447e2f757d,reconstructed_from_kalshi_api,lane2,,live_v10,NO,,,,,
757,2026-06-10T22:02:07.873628-04:00,reconstructed_kalshi,kalshi,KXLOWTBOS-26JUN11-T66,SELL,Limit,42.0,0.89,37.38,0.2879,0.0,0.0,0,9804f5a5-6409-40cc-8a50-d685333c5cee,reconstructed_from_kalshi_api,lane2,,live_v10,NO,,,,,
756,2026-06-10T22:14:12.768814-04:00,reconstructed_kalshi,kalshi,KXLOWTBOS-26JUN11-T66,BUY,Limit,37.0,0.2,7.4,0.4144,0.0,0.0,0,0f080500-77d1-4fe5-a040-ffd65c586973,reconstructed_from_kalshi_api,lane2,,live_v10,NO,,,,,
755,2026-06-10T22:14:18.769530-04:00,reconstructed_kalshi,kalshi,KXLOWTBOS-26JUN11-T66,SELL,Limit,37.0,0.86,31.82,0.3119,0.0,0.0,0,31d971c0-0d8f-4947-b016-aafc4ddf1447,reconstructed_from_kalshi_api,lane2,,live_v10,NO,,,,,
754,2026-06-10T22:26:21.734202-04:00,reconstructed_kalshi,kalshi,KXLOWTBOS-26JUN11-T66,BUY,Limit,19.0,0.21000000000000002,3.99,0.2207,0.0,0.0,0,81d8dbfd-218a-437f-96a1-a9dbab378311,reconstructed_from_kalshi_api,lane2,,live_v10,NO,,,,,
753,2026-06-10T22:26:27.374675-04:00,reconstructed_kalshi,kalshi,KXLOWTBOS-26JUN11-T66,SELL,Limit,19.0,0.86,16.34,0.1602,0.0,0.0,0,effe17c5-2b16-4642-9db5-12ccd7a98f31,reconstructed_from_kalshi_api,lane2,,live_v10,NO,,,,,
752,2026-06-10T22:39:10.148296-04:00,reconstructed_kalshi,kalshi,KXLOWTBOS-26JUN11-T66,BUY,Limit,27.0,0.21,5.67,0.3136,0.0,0.0,0,e4f16dbc-0dd8-4e4f-9d0d-c4fdf9775ce1,reconstructed_from_kalshi_api,lane2,,live_v10,NO,,,,,
751,2026-06-10T22:39:16.361977-04:00,reconstructed_kalshi,kalshi,KXLOWTBOS-26JUN11-T66,SELL,Limit,27.0,0.85,22.95,0.241,0.0,0.0,0,8920a23d-a1ec-4a46-89bf-156ec56cdf09,reconstructed_from_kalshi_api,lane2,,live_v10,NO,,,,,
750,2026-06-10T22:51:15.460744-04:00,reconstructed_kalshi,kalshi,KXLOWTBOS-26JUN11-T66,BUY,Limit,26.0,0.22,5.72,0.3124,0.0,0.0,0,8b6d8f88-2d97-4af5-bd83-46671d52a7ed,reconstructed_from_kalshi_api,lane2,,live_v10,NO,,,,,
749,2026-06-10T22:51:21.123616-04:00,reconstructed_kalshi,kalshi,KXLOWTBOS-26JUN11-T66,SELL,Limit,26.0,0.84,21.84,0.2447,0.0,0.0,0,ee840a69-d004-40ea-ab23-2d94f91f64f7,reconstructed_from_kalshi_api,lane2,,live_v10,NO,,,,,
748,2026-06-10T23:03:15.243221-04:00,reconstructed_kalshi,kalshi,KXLOWTBOS-26JUN11-T66,BUY,Limit,1.0,0.23,0.23,0.0124,0.0,0.0,0,229898e0-b1a5-4394-8e73-a5da8273b23c,reconstructed_from_kalshi_api,lane2,,live_v10,NO,,,,,
747,2026-06-10T23:03:20.805681-04:00,reconstructed_kalshi,kalshi,KXLOWTBOS-26JUN11-T66,SELL,Limit,1.0,0.81,0.81,0.0108,0.0,0.0,0,54af425c-3261-400b-abe5-b7ede88c5d11,reconstructed_from_kalshi_api,lane2,,live_v10,NO,,,,,
746,2026-06-10T23:15:09.263153-04:00,reconstructed_kalshi,kalshi,KXRAINNYC-26JUN11-T0,BUY,Limit,1.0,0.23,0.23,0.0124,0.0,0.0,0,a3ea42d0-4942-4972-8b34-f5ad63ca86d5,reconstructed_from_kalshi_api,lane2,,live_v10,NO,,,,,
745,2026-06-10T23:15:15.315419-04:00,reconstructed_kalshi,kalshi,KXRAINNYC-26JUN11-T0,SELL,Limit,1.0,0.89,0.89,0.0069,0.0,0.0,0,bfedc50b-1731-48bf-8b37-93f4c062bfba,reconstructed_from_kalshi_api,lane2,,live_v10,NO,,,,,
744,2026-06-11T05:00:47.085988-04:00,reconstructed_kalshi,kalshi,KXLOWTCHI-26JUN11-T66,SELL,Limit,1.0,0.38,0.38,0.0165,0.0,0.0,0,1888e834-70ef-4adb-9453-1417d78d4188,reconstructed_from_kalshi_api,lane2,,live_v10,YES,,,,,
743,2026-06-11T05:06:13.599432-04:00,reconstructed_kalshi,kalshi,KXLOWTCHI-26JUN11-T66,SELL,Limit,8.0,0.0,0.0,0.0,0.0,0.0,0,b2ed7c2d-cfd0-452a-ac73-8ea78f2aa2f8,reconstructed_from_kalshi_api,lane2,,live_v10,YES,,,,,
742,2026-06-11T15:32:20.055301-04:00,reconstructed_kalshi,kalshi,KXHIGHTSFO-26JUN11-T89,SELL,Limit,5.0,0.06999999999999999,0.35,0.0228,0.0,0.0,0,90eaa303-af9d-457c-a5e0-80791ff5cc78,reconstructed_from_kalshi_api,lane2,,live_v10,YES,,,,,
741,2026-06-12T12:35:21.718301-04:00,reconstructed_kalshi,kalshi,KXLOWTLV-26JUN13-T81,BUY,Limit,48.0,0.11,5.28,0.329,0.0,0.0,0,50bdbdd9-fce5-40f4-a7f8-69ee75abeed9,reconstructed_from_kalshi_api,lane2,,live_v10,NO,,,,,
740,2026-06-12T12:35:23.633190-04:00,reconstructed_kalshi,kalshi,KXHIGHTBOS-26JUN12-T88,BUY,Limit,1.0,0.22,0.22,0.0121,0.0,0.0,0,d13a9587-3975-490d-aa86-74066f395be6,reconstructed_from_kalshi_api,lane2,,live_v10,NO,,,,,
739,2026-06-12T12:35:29.606563-04:00,reconstructed_kalshi,kalshi,KXHIGHTBOS-26JUN12-T88,SELL,Limit,1.0,0.79,0.79,0.0117,0.0,0.0,0,1f30b69e-8f2b-47f9-b50e-e09af3386e1a,reconstructed_from_kalshi_api,lane2,,live_v10,NO,,,,,
738,2026-06-12T12:35:30.040649-04:00,reconstructed_kalshi,kalshi,KXLOWTLV-26JUN13-T81,SELL,Limit,48.0,0.9,43.2,0.3024,0.0,0.0,0,23b02fd8-91aa-4040-922f-d9577c07ba3c,reconstructed_from_kalshi_api,lane2,,live_v10,NO,,,,,
737,2026-06-12T12:41:29.168774-04:00,reconstructed_kalshi,kalshi,KXHIGHTSFO-26JUN12-T81,BUY,Limit,1.0,0.54,0.54,0.0174,0.0,0.0,0,7e87c155-b637-43aa-a2e4-bbdb467e894e,reconstructed_from_kalshi_api,lane2,,live_v10,YES,,,,,
736,2026-06-12T12:47:33.703476-04:00,reconstructed_kalshi,kalshi,KXLOWTLV-26JUN13-T81,BUY,Limit,48.0,0.11,5.28,0.329,0.0,0.0,0,88a4e3f6-1e27-4e5f-8605-0eaedf0d97d5,reconstructed_from_kalshi_api,lane2,,live_v10,NO,,,,,
735,2026-06-12T12:47:39.305202-04:00,reconstructed_kalshi,kalshi,KXLOWTLV-26JUN13-T81,SELL,Limit,48.0,0.9,43.2,0.3024,0.0,0.0,0,6607161a-eb0e-4b37-ba6a-c4e80b572019,reconstructed_from_kalshi_api,lane2,,live_v10,NO,,,,,
734,2026-06-12T12:59:44.851911-04:00,reconstructed_kalshi,kalshi,KXLOWTLV-26JUN13-T81,BUY,Limit,47.0,0.11,5.17,0.3221,0.0,0.0,0,e06f373a-2b31-4942-9b06-e18bf85bf999,reconstructed_from_kalshi_api,lane2,,live_v10,NO,,,,,
733,2026-06-12T12:59:50.737278-04:00,reconstructed_kalshi,kalshi,KXLOWTLV-26JUN13-T81,SELL,Limit,47.0,0.8999999999999999,42.3,0.2962,0.0,0.0,0,abf4b4c8-1895-4831-b03e-28ae84edf0c6,reconstructed_from_kalshi_api,lane2,,live_v10,NO,,,,,
732,2026-06-12T13:11:58.960859-04:00,reconstructed_kalshi,kalshi,KXLOWTLV-26JUN13-T81,BUY,Limit,18.0,0.1,1.8,0.1134,0.0,0.0,0,fc4e25ec-7ad6-4b68-b9db-c85ec4bf6508,reconstructed_from_kalshi_api,lane2,,live_v10,NO,,,,,
731,2026-06-12T13:12:05.857903-04:00,reconstructed_kalshi,kalshi,KXLOWTLV-26JUN13-T81,SELL,Limit,4.0,0.9,3.6,0.0252,0.0,0.0,0,a5d6ce2a-d0cd-4317-aa0e-ab1865205ff8,reconstructed_from_kalshi_api,lane2,,live_v10,NO,,,,,
730,2026-06-12T13:18:08.773733-04:00,reconstructed_kalshi,kalshi,KXLOWTLV-26JUN13-T81,SELL,Limit,5.0,0.9,4.5,0.0315,0.0,0.0,0,dbb1ed26-7fb5-44d3-b45b-0a15bb4d6714,reconstructed_from_kalshi_api,lane2,,live_v10,NO,,,,,
729,2026-06-12T13:24:14.896152-04:00,reconstructed_kalshi,kalshi,KXLOWTLV-26JUN13-T81,SELL,Limit,5.0,0.9,4.5,0.0315,0.0,0.0,0,270663c3-a61f-4ab4-ad48-8c659697ae4a,reconstructed_from_kalshi_api,lane2,,live_v10,NO,,,,,
728,2026-06-12T13:30:25.305583-04:00,reconstructed_kalshi,kalshi,KXLOWTLV-26JUN13-T81,SELL,Limit,1.0,0.9,0.9,0.0063,0.0,0.0,0,2ccfb0fd-74b4-4abf-a582-e7070d9b02bd,reconstructed_from_kalshi_api,lane2,,live_v10,NO,,,,,
727,2026-06-12T13:37:22.098684-04:00,reconstructed_kalshi,kalshi,KXLOWTLV-26JUN13-T81,SELL,Limit,3.0,0.91,2.73,0.0172,0.0,0.0,0,3d80b65f-fb17-4f5c-b83a-091f534328fd,reconstructed_from_kalshi_api,lane2,,live_v10,NO,,,,,
726,2026-06-12T13:49:26.147958-04:00,reconstructed_kalshi,kalshi,KXLOWTLV-26JUN13-T81,BUY,Limit,55.0,0.1,5.5,0.3465,0.0,0.0,0,f4cbc1f1-584a-4280-b5cd-c155b7351855,reconstructed_from_kalshi_api,lane2,,live_v10,NO,,,,,
725,2026-06-12T13:49:32.077434-04:00,reconstructed_kalshi,kalshi,KXLOWTLV-26JUN13-T81,SELL,Limit,5.0,0.9099999999999999,4.55,0.0288,0.0,0.0,0,f401e47c-ba1f-44d6-993d-f3d9d9678370,reconstructed_from_kalshi_api,lane2,,live_v10,NO,,,,,
724,2026-06-12T13:55:37.041685-04:00,reconstructed_kalshi,kalshi,KXLOWTLV-26JUN13-T81,SELL,Limit,34.0,0.92,31.28,0.1753,0.0,0.0,0,35156e73-9b97-4aac-883a-9e50d9cba340,reconstructed_from_kalshi_api,lane2,,live_v10,NO,,,,,
723,2026-06-12T14:01:47.014607-04:00,reconstructed_kalshi,kalshi,KXLOWTLV-26JUN13-T81,SELL,Limit,16.0,0.91,14.56,0.0918,0.0,0.0,0,ea279472-353b-4a34-919e-04cb53977aee,reconstructed_from_kalshi_api,lane2,,live_v10,NO,,,,,
722,2026-06-12T14:13:54.132892-04:00,reconstructed_kalshi,kalshi,KXLOWTLV-26JUN13-T81,BUY,Limit,55.0,0.1,5.5,0.3465,0.0,0.0,0,694256d9-e749-4b11-9828-9a8c287359f7,reconstructed_from_kalshi_api,lane2,,live_v10,NO,,,,,
721,2026-06-12T14:13:59.831156-04:00,reconstructed_kalshi,kalshi,KXLOWTLV-26JUN13-T81,SELL,Limit,19.0,0.9099999999999999,17.29,0.109,0.0,0.0,0,2510ba69-0284-45e3-86bf-bdea874f86fc,reconstructed_from_kalshi_api,lane2,,live_v10,NO,,,,,
720,2026-06-12T14:20:01.209221-04:00,reconstructed_kalshi,kalshi,KXLOWTLV-26JUN13-T81,SELL,Limit,36.0,0.9199999999999999,33.12,0.1856,0.0,0.0,0,e0ad9365-02d1-45ba-b02e-3f36e95b8a9c,reconstructed_from_kalshi_api,lane2,,live_v10,NO,,,,,
719,2026-06-12T14:32:04.745364-04:00,reconstructed_kalshi,kalshi,KXLOWTLV-26JUN13-T81,BUY,Limit,16.0,0.09,1.44,0.0918,0.0,0.0,0,d1d83544-1a74-439a-a984-0f5d43f4074e,reconstructed_from_kalshi_api,lane2,,live_v10,NO,,,,,
718,2026-06-12T14:32:10.948881-04:00,reconstructed_kalshi,kalshi,KXLOWTLV-26JUN13-T81,SELL,Limit,16.0,0.92,14.72,0.0827,0.0,0.0,0,2d77b1c9-3271-4445-a617-f7129b3077e0,reconstructed_from_kalshi_api,lane2,,live_v10,NO,,,,,
717,2026-06-12T14:44:12.894156-04:00,reconstructed_kalshi,kalshi,KXLOWTLV-26JUN13-T81,BUY,Limit,16.0,0.09,1.44,0.0918,0.0,0.0,0,88991c10-51ec-442c-905c-d8eee00e1db0,reconstructed_from_kalshi_api,lane2,,live_v10,NO,,,,,
716,2026-06-12T14:44:19.117935-04:00,reconstructed_kalshi,kalshi,KXLOWTLV-26JUN13-T81,SELL,Limit,16.0,0.92,14.72,0.0826,0.0,0.0,0,b90a853b-214d-431d-bc1d-8464df7218fa,reconstructed_from_kalshi_api,lane2,,live_v10,NO,,,,,
715,2026-06-12T14:56:29.773257-04:00,reconstructed_kalshi,kalshi,KXLOWTLV-26JUN13-T81,BUY,Limit,4.0,0.13,0.52,0.0317,0.0,0.0,0,373b2f40-a906-4e0c-95cf-c5ffa05f7634,reconstructed_from_kalshi_api,lane2,,live_v10,NO,,,,,
714,2026-06-12T14:56:35.793588-04:00,reconstructed_kalshi,kalshi,KXLOWTLV-26JUN13-T81,SELL,Limit,4.0,0.88,3.52,0.0296,0.0,0.0,0,052622b1-2a60-4c91-8f9e-172969d995a7,reconstructed_from_kalshi_api,lane2,,live_v10,NO,,,,,
713,2026-06-12T15:08:39.162304-04:00,reconstructed_kalshi,kalshi,KXLOWTLV-26JUN13-T81,BUY,Limit,3.0,0.16,0.48,0.0283,0.0,0.0,0,9ac89874-bf4c-4316-ad01-cd4c13e8b7b4,reconstructed_from_kalshi_api,lane2,,live_v10,NO,,,,,
712,2026-06-12T15:08:39.829584-04:00,reconstructed_kalshi,kalshi,KXLOWTBOS-26JUN13-T67,BUY,Limit,6.0,0.27,1.62,0.0828,0.0,0.0,0,9845397b-9059-4ed7-85ec-474b256ca87c,reconstructed_from_kalshi_api,lane2,,live_v10,NO,,,,,
711,2026-06-12T15:08:45.526723-04:00,reconstructed_kalshi,kalshi,KXLOWTBOS-26JUN13-T67,SELL,Limit,6.0,0.73,4.38,0.0828,0.0,0.0,0,d172124d-0a70-4b46-a393-3ade16f8cbe8,reconstructed_from_kalshi_api,lane2,,live_v10,NO,,,,,
710,2026-06-12T15:08:45.939383-04:00,reconstructed_kalshi,kalshi,KXLOWTLV-26JUN13-T81,SELL,Limit,1.0,0.94,0.94,0.004,0.0,0.0,0,082b176b-fc57-4001-9a92-b3a6c5035cef,reconstructed_from_kalshi_api,lane2,,live_v10,NO,,,,,
709,2026-06-12T15:14:52.425012-04:00,reconstructed_kalshi,kalshi,KXLOWTLV-26JUN13-T81,SELL,Limit,2.0,0.95,1.9,0.0067,0.0,0.0,0,c50907ab-9fa4-43d0-b42d-f13500bcd211,reconstructed_from_kalshi_api,lane2,,live_v10,NO,,,,,
708,2026-06-12T15:33:11.352977-04:00,reconstructed_kalshi,kalshi,KXLOWTBOS-26JUN13-T67,BUY,Limit,6.0,0.27,1.62,0.0828,0.0,0.0,0,08c52c34-bc68-47da-9139-61194453491f,reconstructed_from_kalshi_api,lane2,,live_v10,NO,,,,,
707,2026-06-12T15:33:17.610913-04:00,reconstructed_kalshi,kalshi,KXLOWTBOS-26JUN13-T67,SELL,Limit,6.0,0.75,4.5,0.0788,0.0,0.0,0,5adb3f98-ccb7-4405-9bfa-0985e185dbbf,reconstructed_from_kalshi_api,lane2,,live_v10,NO,,,,,
706,2026-06-12T15:45:24.092095-04:00,reconstructed_kalshi,kalshi,KXLOWTBOS-26JUN13-T67,BUY,Limit,6.0,0.27,1.62,0.0828,0.0,0.0,0,016f1b62-d67e-4d88-95d4-3dd0f0f27a18,reconstructed_from_kalshi_api,lane2,,live_v10,NO,,,,,
705,2026-06-12T15:45:30.272965-04:00,reconstructed_kalshi,kalshi,KXLOWTBOS-26JUN13-T67,SELL,Limit,6.0,0.75,4.5,0.0788,0.0,0.0,0,2c9c206b-9172-429a-85f0-d2bca22cb5c2,reconstructed_from_kalshi_api,lane2,,live_v10,NO,,,,,
704,2026-06-12T16:22:48.808092-04:00,reconstructed_kalshi,kalshi,KXLOWTDC-26JUN13-T69,BUY,Limit,4.0,0.74,2.96,0.0539,0.0,0.0,0,62442d75-ba17-4906-8c0f-ed53bc562efd,reconstructed_from_kalshi_api,lane2,,live_v10,YES,,,,,
703,2026-06-12T17:58:07.698957-04:00,reconstructed_kalshi,kalshi,KXLOWTLV-26JUN13-T81,BUY,Limit,69.0,0.07999999999999999,5.52,0.3555,0.0,0.0,0,b0243ce2-7dbd-43fd-8987-eb97b40686e6,reconstructed_from_kalshi_api,lane2,,live_v10,NO,,,,,
702,2026-06-12T17:58:13.681521-04:00,reconstructed_kalshi,kalshi,KXLOWTLV-26JUN13-T81,SELL,Limit,6.0,0.9700000000000001,5.82,0.0123,0.0,0.0,0,8413ecd7-5324-4051-be08-c7eafa338ef0,reconstructed_from_kalshi_api,lane2,,live_v10,NO,,,,,
701,2026-06-12T18:04:15.635837-04:00,reconstructed_kalshi,kalshi,KXLOWTLV-26JUN13-T81,SELL,Limit,5.0,0.96,4.8,0.0135,0.0,0.0,0,2b61eb31-3e9e-445f-a871-9e7d86b74b14,reconstructed_from_kalshi_api,lane2,,live_v10,NO,,,,,
700,2026-06-12T18:10:21.574585-04:00,reconstructed_kalshi,kalshi,KXLOWTLV-26JUN13-T81,SELL,Limit,4.0,0.96,3.84,0.0108,0.0,0.0,0,b63b480e-f572-4e42-9b7e-058eaf10f3d8,reconstructed_from_kalshi_api,lane2,,live_v10,NO,,,,,
699,2026-06-12T18:16:25.337093-04:00,reconstructed_kalshi,kalshi,KXLOWTLV-26JUN13-T81,SELL,Limit,4.0,0.96,3.84,0.0108,0.0,0.0,0,f50a3cd3-091c-4c49-85a0-e3d5b3583447,reconstructed_from_kalshi_api,lane2,,live_v10,NO,,,,,
698,2026-06-12T18:22:30.980435-04:00,reconstructed_kalshi,kalshi,KXLOWTLV-26JUN13-T81,SELL,Limit,4.0,0.96,3.84,0.0108,0.0,0.0,0,f6ad164a-9138-49a3-b532-5df5485b77c9,reconstructed_from_kalshi_api,lane2,,live_v10,NO,,,,,
697,2026-06-12T18:28:36.303391-04:00,reconstructed_kalshi,kalshi,KXLOWTLV-26JUN13-T81,SELL,Limit,4.0,0.97,3.88,0.0082,0.0,0.0,0,8eaaa664-9f15-4121-85b0-e5ed8dfb9fbe,reconstructed_from_kalshi_api,lane2,,live_v10,NO,,,,,
696,2026-06-12T18:34:43.250878-04:00,reconstructed_kalshi,kalshi,KXLOWTLV-26JUN13-T81,SELL,Limit,4.0,0.96,3.84,0.0108,0.0,0.0,0,3b826dc6-3b0a-46d7-b6b7-983f8e142508,reconstructed_from_kalshi_api,lane2,,live_v10,NO,,,,,
695,2026-06-12T18:40:55.907236-04:00,reconstructed_kalshi,kalshi,KXLOWTLV-26JUN13-T81,SELL,Limit,4.0,0.96,3.84,0.0108,0.0,0.0,0,d19723fc-b265-4034-b06e-f9add72cb803,reconstructed_from_kalshi_api,lane2,,live_v10,NO,,,,,
694,2026-06-12T18:46:59.385447-04:00,reconstructed_kalshi,kalshi,KXLOWTLV-26JUN13-T81,SELL,Limit,1.0,0.95,0.95,0.0034,0.0,0.0,0,26a380b6-f849-4228-8557-7087bcfdfb28,reconstructed_from_kalshi_api,lane2,,live_v10,NO,,,,,
693,2026-06-12T18:53:16.337692-04:00,reconstructed_kalshi,kalshi,KXLOWTLV-26JUN13-T81,SELL,Limit,5.0,0.96,4.8,0.0135,0.0,0.0,0,bb11effe-1ed1-49a0-be2d-99b3f3fffd77,reconstructed_from_kalshi_api,lane2,,live_v10,NO,,,,,
692,2026-06-12T18:59:30.579960-04:00,reconstructed_kalshi,kalshi,KXLOWTLV-26JUN13-T81,SELL,Limit,4.0,0.97,3.88,0.0082,0.0,0.0,0,d4e1cdb4-47e5-425d-b2d2-ed1da9443732,reconstructed_from_kalshi_api,lane2,,live_v10,NO,,,,,
691,2026-06-12T19:05:35.274513-04:00,reconstructed_kalshi,kalshi,KXLOWTLV-26JUN13-T81,SELL,Limit,4.0,0.97,3.88,0.0082,0.0,0.0,0,8d62f885-bbf5-47e0-a818-d95e23855bce,reconstructed_from_kalshi_api,lane2,,live_v10,NO,,,,,
690,2026-06-12T19:11:37.167400-04:00,reconstructed_kalshi,kalshi,KXLOWTLV-26JUN13-T81,SELL,Limit,4.0,0.97,3.88,0.0082,0.0,0.0,0,a4c30b7c-c393-4822-a551-21889037211e,reconstructed_from_kalshi_api,lane2,,live_v10,NO,,,,,
689,2026-06-12T19:17:43.292052-04:00,reconstructed_kalshi,kalshi,KXLOWTLV-26JUN13-T81,SELL,Limit,4.0,0.97,3.88,0.0082,0.0,0.0,0,094dad4e-1d83-4584-a543-38dade4b83d9,reconstructed_from_kalshi_api,lane2,,live_v10,NO,,,,,
688,2026-06-12T20:06:37.021979-04:00,reconstructed_kalshi,kalshi,KXTEMPNYCH-26JUN1221-T74.99,BUY,Limit,22.0,0.47,10.34,0.3837,0.0,0.0,0,7513c969-f97d-46c9-9262-e228b1305a37,reconstructed_from_kalshi_api,lane2,,live_v10,YES,,,,,
687,2026-06-12T20:06:37.748213-04:00,reconstructed_kalshi,kalshi,KXTEMPNYCH-26JUN1221-T75.99,BUY,Limit,19.0,0.3,5.7,0.2793,0.0,0.0,0,1a6100ea-e622-4d3c-b9e1-e0553d78fbf0,reconstructed_from_kalshi_api,lane2,,live_v10,YES,,,,,
686,2026-06-12T20:06:38.423281-04:00,reconstructed_kalshi,kalshi,KXTEMPNYCH-26JUN1221-T76.99,BUY,Limit,31.0,0.18,5.58,0.3203,0.0,0.0,0,e00302b5-18ea-44f5-acb5-786a85241825,reconstructed_from_kalshi_api,lane2,,live_v10,YES,,,,,
685,2026-06-12T20:06:39.143704-04:00,reconstructed_kalshi,kalshi,KXTEMPNYCH-26JUN1221-T73.99,BUY,Limit,17.0,0.63,10.71,0.2774,0.0,0.0,0,fcd19fb4-f630-418b-9b4b-054e7b856243,reconstructed_from_kalshi_api,lane2,,live_v10,YES,,,,,
684,2026-06-12T20:06:39.811819-04:00,reconstructed_kalshi,kalshi,KXTEMPNYCH-26JUN1221-T77.99,BUY,Limit,47.0,0.1,4.7,0.2961,0.0,0.0,0,a7a7db1d-577c-44ea-a47a-edfce21c543a,reconstructed_from_kalshi_api,lane2,,live_v10,YES,,,,,
683,2026-06-13T00:09:37.928143-04:00,reconstructed_kalshi,kalshi,KXLOWTBOS-26JUN13-T67,BUY,Limit,1.0,0.2,0.2,0.0112,0.0,0.0,0,82f113e1-5c08-4a4f-bfa2-f19e90321b03,reconstructed_from_kalshi_api,lane2,,live_v10,NO,,,,,
682,2026-06-13T06:11:52.487005-04:00,reconstructed_kalshi,kalshi,KXLOWTPHIL-26JUN13-T71,BUY,Limit,7.0,0.21,1.47,0.0814,0.0,0.0,0,4680fb86-52fe-4670-87f2-c25f0866f97d,reconstructed_from_kalshi_api,lane2,,live_v10,NO,,,,,
681,2026-06-13T06:34:26.544408-04:00,reconstructed_kalshi,kalshi,KXLOWTDC-26JUN13-T69,SELL,Limit,4.0,0.15,0.6,0.0357,0.0,0.0,0,ad7ac824-0497-4629-8a10-ec02320fad67,reconstructed_from_kalshi_api,lane2,,live_v10,YES,,,,,
680,2026-06-13T06:45:42.005065-04:00,reconstructed_kalshi,kalshi,KXLOWTDC-26JUN13-T69,BUY,Limit,12.0,0.13999999999999999,1.68,0.1015,0.0,0.0,0,f6beeb92-dc81-4e89-a18b-41e5c7694955,reconstructed_from_kalshi_api,lane2,,live_v10,NO,,,,,
679,2026-06-13T08:16:37.531688-04:00,reconstructed_kalshi,kalshi,KXLOWTSEA-26JUN13-T54,BUY,Limit,43.0,0.08,3.44,0.2216,0.0,0.0,0,549919ca-53c5-4279-998f-1105a2064416,reconstructed_from_kalshi_api,lane2,,live_v10,NO,,,,,
678,2026-06-13T10:10:17.917196-04:00,reconstructed_kalshi,kalshi,KXHIGHTSEA-26JUN14-T87,BUY,Limit,1.0,0.14,0.14,0.0085,0.0,0.0,0,4523fbfa-a107-461a-bd0e-ea336304515a,reconstructed_from_kalshi_api,lane2,,live_v10,YES,,,,,
677,2026-06-13T10:22:18.270749-04:00,reconstructed_kalshi,kalshi,KXRAINNYC-26JUN14-T0,BUY,Limit,32.0,0.16,5.12,0.3011,0.0,0.0,0,0a2e757c-a552-4236-9a55-d75b501b734e,reconstructed_from_kalshi_api,lane2,,live_v10,NO,,,,,
676,2026-06-13T11:10:53.270286-04:00,reconstructed_kalshi,kalshi,KXTEMPNYCH-26JUN1312-T80.99,BUY,Limit,14.0,0.37,5.18,0.2285,0.0,0.0,0,a6e80bf4-9f44-4b11-ba69-d82769f1db8d,reconstructed_from_kalshi_api,lane2,,live_v10,YES,,,,,
675,2026-06-13T11:53:34.523459-04:00,reconstructed_kalshi,kalshi,KXTEMPNYCH-26JUN1312-T80.99,SELL,Limit,14.0,0.02,0.28,0.0193,0.0,0.0,0,ea839982-a7af-4d7a-bfd7-d5ea38d21ea3,reconstructed_from_kalshi_api,lane2,,live_v10,YES,,,,,
674,2026-06-13T12:05:39.443040-04:00,reconstructed_kalshi,kalshi,KXTEMPNYCH-26JUN1313-T83.99,BUY,Limit,17.0,0.36,6.12,0.2742,0.0,0.0,0,7f2858e7-654f-494f-a489-f5ec6c371fa1,reconstructed_from_kalshi_api,lane2,,live_v10,YES,,,,,
673,2026-06-13T14:32:20.130121-04:00,reconstructed_kalshi,kalshi,KXTEMPNYCH-26JUN1315-T85.99,BUY,Limit,5.0,0.2,1.0,0.056,0.0,0.0,0,679e1297-700f-4d3f-ad6b-db63af19eda7,reconstructed_from_kalshi_api,lane2,,live_v10,YES,,,,,
672,2026-06-13T16:34:00.458311-04:00,reconstructed_kalshi,kalshi,KXTEMPNYCH-26JUN1317-T86.99,BUY,Limit,36.0,0.16,5.76,0.3388,0.0,0.0,0,4bb4dcf0-08f1-4094-a2f9-e167ecec71ee,reconstructed_from_kalshi_api,lane2,,live_v10,YES,,,,,
671,2026-06-13T16:34:01.178360-04:00,reconstructed_kalshi,kalshi,KXTEMPNYCH-26JUN1317-T85.99,BUY,Limit,5.0,0.33999999999999997,1.7,0.0786,0.0,0.0,0,1c19bf35-77cf-44cd-a14d-c45eafa941fb,reconstructed_from_kalshi_api,lane2,,live_v10,YES,,,,,
670,2026-06-13T18:36:39.529760-04:00,reconstructed_kalshi,kalshi,KXTEMPNYCH-26JUN1319-T84.99,BUY,Limit,5.0,0.06,0.3,0.0198,0.0,0.0,0,944a9ba6-3df3-4c6c-a084-c626113aefbb,reconstructed_from_kalshi_api,lane2,,live_v10,YES,,,,,
669,2026-06-13T18:36:40.206419-04:00,reconstructed_kalshi,kalshi,KXTEMPNYCH-26JUN1319-T83.99,BUY,Limit,5.0,0.22999999999999998,1.15,0.062,0.0,0.0,0,8777998d-3438-4b70-8ea4-59bd06f270f2,reconstructed_from_kalshi_api,lane2,,live_v10,YES,,,,,
668,2026-06-13T18:36:40.844907-04:00,reconstructed_kalshi,kalshi,KXTEMPNYCH-26JUN1319-T82.99,BUY,Limit,10.0,0.5,5.0,0.175,0.0,0.0,0,f6f1050e-c4c6-43ba-b74e-d9af1727c294,reconstructed_from_kalshi_api,lane2,,live_v10,YES,,,,,
667,2026-06-13T18:54:50.888174-04:00,reconstructed_kalshi,kalshi,KXTEMPNYCH-26JUN1319-T82.99,SELL,Limit,10.0,0.02,0.2,0.0138,0.0,0.0,0,8913b35f-77e4-4324-9ae6-cb5c6e48e002,reconstructed_from_kalshi_api,lane2,,live_v10,YES,,,,,
666,2026-06-13T18:54:51.263510-04:00,reconstructed_kalshi,kalshi,KXTEMPNYCH-26JUN1319-T83.99,SELL,Limit,5.0,0.02,0.1,0.0069,0.0,0.0,0,26b7bc76-9a76-4faf-ba17-677a5514e864,reconstructed_from_kalshi_api,lane2,,live_v10,YES,,,,,
665,2026-06-13T18:54:51.650346-04:00,reconstructed_kalshi,kalshi,KXTEMPNYCH-26JUN1319-T84.99,SELL,Limit,5.0,0.01,0.05,0.0035,0.0,0.0,0,eb1cffd1-8871-4e31-9275-88d6e569de0c,reconstructed_from_kalshi_api,lane2,,live_v10,YES,,,,,
664,2026-06-13T19:07:09.605934-04:00,reconstructed_kalshi,kalshi,KXTEMPNYCH-26JUN1320-T81.99,BUY,Limit,86.0,0.04,3.44,0.2312,0.0,0.0,0,741ffee0-c1b6-4381-a5a5-2e7c3aeb17e5,reconstructed_from_kalshi_api,lane2,,live_v10,NO,,,,,
663,2026-06-13T19:13:17.088485-04:00,reconstructed_kalshi,kalshi,KXTEMPNYCH-26JUN1320-T83.99,BUY,Limit,5.0,0.22000000000000003,1.1,0.0601,0.0,0.0,0,bfcda76d-6a38-4476-be86-8c0a661e4e25,reconstructed_from_kalshi_api,lane2,,live_v10,YES,,,,,
662,2026-06-13T21:29:02.987236-04:00,reconstructed_kalshi,kalshi,KXTEMPNYCH-26JUN1322-T77.99,BUY,Limit,1.0,0.1,0.1,0.0063,0.0,0.0,0,570c6804-d3c7-4990-ad2a-d187e1051867,reconstructed_from_kalshi_api,lane2,,live_v10,NO,,,,,
661,2026-06-15T00:13:56.156984-04:00,reconstructed_kalshi,kalshi,KXUFCFIGHT-26JUN14TOPGAE-GAE,BUY,Market,180.49,0.21,37.9029,2.0961,0.0,0.0,0,c735e2a7-0a0f-402d-893a-13654b5a6e90,reconstructed_from_kalshi_api,lane2,,live_v10,YES,,,,,
660,2026-06-15T00:14:49.961053-04:00,reconstructed_kalshi,kalshi,KXUFCFIGHT-26JUN14TOPGAE-GAE,SELL,Limit,180.49,0.0,0.0,0.0,0.0,0.0,0,84bba7d9-5d97-4452-8114-3deade10994e,reconstructed_from_kalshi_api,lane2,,live_v10,YES,,,,,
659,2026-06-15T00:15:38.104333-04:00,reconstructed_kalshi,kalshi,KXUFCMOV-26JUN14TOPGAE-GAEKOTKODQ,BUY,Market,29.51,0.15,4.4265,0.2634,0.0,0.0,0,5c7468d3-b036-4ebb-8021-d6f598f96733,reconstructed_from_kalshi_api,lane2,,live_v10,YES,,,,,
658,2026-06-16T11:38:08.301487-04:00,reconstructed_kalshi,kalshi,KXTEMPNYCH-26JUN1612-T71.99,BUY,Limit,59.0,0.21000000000000002,12.39,0.6852,0.0,0.0,0,817dbee9-d130-422f-a484-40a06a20473b,reconstructed_from_kalshi_api,lane2,,live_v10,YES,,,,,
657,2026-06-16T11:38:09.112030-04:00,reconstructed_kalshi,kalshi,KXTEMPNYCH-26JUN1612-T72.99,BUY,Limit,13.0,0.07,0.91,0.0593,0.0,0.0,0,448d9007-5eaa-4112-aa1f-5923b4061938,reconstructed_from_kalshi_api,lane2,,live_v10,YES,,,,,
656,2026-06-16T11:38:09.792871-04:00,reconstructed_kalshi,kalshi,KXTEMPNYCH-26JUN1612-T70.99,BUY,Limit,1.0,0.71,0.71,0.0145,0.0,0.0,0,51cfb4f3-33f7-4db3-be5f-2ad201f31157,reconstructed_from_kalshi_api,lane2,,live_v10,YES,,,,,
655,2026-06-16T11:38:10.486151-04:00,reconstructed_kalshi,kalshi,KXHIGHTATL-26JUN16-T76,BUY,Limit,5.0,0.24,1.2,0.0639,0.0,0.0,0,64fe48e1-c395-4fcf-a99b-f6d03209ffa7,reconstructed_from_kalshi_api,lane2,,live_v10,NO,,,,,
654,2026-06-16T11:38:11.288169-04:00,reconstructed_kalshi,kalshi,KXHIGHTLV-26JUN17-T106,BUY,Limit,1.0,0.14,0.14,0.0085,0.0,0.0,0,be29c7e6-8985-4ee6-a30f-26d8fa01c589,reconstructed_from_kalshi_api,lane2,,live_v10,YES,,,,,
653,2026-06-16T11:44:30.928538-04:00,reconstructed_kalshi,kalshi,KXHIGHTDAL-26JUN17-T92,BUY,Limit,10.0,0.22000000000000003,2.2,0.1202,0.0,0.0,0,d47260fc-2ed6-49d6-9593-82cd33e2c61d,reconstructed_from_kalshi_api,lane2,,live_v10,YES,,,,,
652,2026-06-16T11:44:31.653770-04:00,reconstructed_kalshi,kalshi,KXHIGHTOKC-26JUN17-T96,BUY,Limit,14.0,0.32,4.48,0.2134,0.0,0.0,0,d7095796-aaf3-4782-b108-4b95ee9a8d04,reconstructed_from_kalshi_api,lane2,,live_v10,YES,,,,,
651,2026-06-16T11:50:36.221143-04:00,reconstructed_kalshi,kalshi,KXHIGHTSFO-26JUN16-T69,BUY,Limit,5.0,0.16999999999999998,0.85,0.0494,0.0,0.0,0,b67b2f8e-54ad-4b85-b202-a3828dccaa45,reconstructed_from_kalshi_api,lane2,,live_v10,YES,,,,,
650,2026-06-16T11:56:22.685892-04:00,reconstructed_kalshi,kalshi,KXTEMPNYCH-26JUN1612-T70.99,SELL,Limit,1.0,0.01,0.01,0.0007,0.0,0.0,0,41b9bdfd-0a24-40be-8a26-7dbc100028df,reconstructed_from_kalshi_api,lane2,,live_v10,YES,,,,,
649,2026-06-16T12:02:46.943941-04:00,reconstructed_kalshi,kalshi,KXLOWTMIA-26JUN17-T74,BUY,Limit,4.0,0.08,0.32,0.0207,0.0,0.0,0,cae683ae-ffd5-43e6-b89f-9ada4442e4cf,reconstructed_from_kalshi_api,lane2,,live_v10,YES,,,,,
648,2026-06-16T13:22:16.957074-04:00,reconstructed_kalshi,kalshi,KXTEMPNYCH-26JUN1614-T75.99,BUY,Limit,1.0,0.16,0.16,0.0095,0.0,0.0,0,2cd653fc-0681-4e38-9d77-b78d66b3d4de,reconstructed_from_kalshi_api,lane2,,live_v10,YES,,,,,
647,2026-06-16T13:22:17.695905-04:00,reconstructed_kalshi,kalshi,KXTEMPNYCH-26JUN1614-T76.99,BUY,Limit,1.0,0.04,0.04,0.0027,0.0,0.0,0,a40e1da7-6b72-4fb4-aa2d-ff255d676507,reconstructed_from_kalshi_api,lane2,,live_v10,YES,,,,,
646,2026-06-16T13:22:18.399645-04:00,reconstructed_kalshi,kalshi,KXTEMPNYCH-26JUN1614-T74.99,BUY,Limit,1.0,0.62,0.62,0.0165,0.0,0.0,0,1fcd83af-2891-43f4-9147-2702e5f9d515,reconstructed_from_kalshi_api,lane2,,live_v10,YES,,,,,
645,2026-06-16T13:22:20.191987-04:00,reconstructed_kalshi,kalshi,KXTEMPNYCH-26JUN1614-T77.99,BUY,Limit,1.0,0.03,0.03,0.0021,0.0,0.0,0,e4214a65-a41e-4199-beb4-3bb3f73ba857,reconstructed_from_kalshi_api,lane2,,live_v10,YES,,,,,
644,2026-06-16T13:22:20.862890-04:00,reconstructed_kalshi,kalshi,KXTEMPNYCH-26JUN1614-T73.99,BUY,Limit,1.0,0.88,0.88,0.0074,0.0,0.0,0,b7f0a373-50e0-4d79-8591-8d5b0f98517a,reconstructed_from_kalshi_api,lane2,,live_v10,YES,,,,,
643,2026-06-16T13:28:27.541073-04:00,reconstructed_kalshi,kalshi,KXTEMPNYCH-26JUN1614-T73.99,SELL,Limit,1.0,0.05,0.05,0.0034,0.0,0.0,0,d70c4787-070c-4386-92fe-366db2042aa3,reconstructed_from_kalshi_api,lane2,,live_v10,YES,,,,,
642,2026-06-16T14:23:33.200154-04:00,reconstructed_kalshi,kalshi,KXHIGHTSEA-26JUN17-T73,BUY,Limit,11.0,0.1,1.1,0.0693,0.0,0.0,0,c49a8311-69d4-4b63-ac72-0f981893293b,reconstructed_from_kalshi_api,lane2,,live_v10,YES,,,,,
641,2026-06-16T14:29:25.125601-04:00,reconstructed_kalshi,kalshi,KXHIGHTATL-26JUN16-T76,SELL,Limit,5.0,0.97,4.85,0.0102,0.0,0.0,0,9dcb64c3-704a-490d-9636-55106a1b8c84,reconstructed_from_kalshi_api,lane2,,live_v10,NO,,,,,
640,2026-06-16T15:06:07.135797-04:00,reconstructed_kalshi,kalshi,KXRAINNYC-26JUN16-T0,BUY,Limit,49.0,0.04,1.96,0.1318,0.0,0.0,0,094bbbe8-b6d5-4c69-9504-7407c4fc2f50,reconstructed_from_kalshi_api,lane2,,live_v10,YES,,,,,
639,2026-06-16T15:24:23.350750-04:00,reconstructed_kalshi,kalshi,KXTEMPNYCH-26JUN1616-T76.99,BUY,Limit,1.0,0.22,0.22,0.0121,0.0,0.0,0,9b0c61ef-ce56-4777-a4a2-7f943c513723,reconstructed_from_kalshi_api,lane2,,live_v10,YES,,,,,
638,2026-06-16T15:24:24.063240-04:00,reconstructed_kalshi,kalshi,KXTEMPNYCH-26JUN1616-T75.99,BUY,Limit,1.0,0.44,0.44,0.0173,0.0,0.0,0,804b9058-0222-455e-bfef-4253738f7afb,reconstructed_from_kalshi_api,lane2,,live_v10,YES,,,,,
637,2026-06-16T15:24:24.879534-04:00,reconstructed_kalshi,kalshi,KXTEMPNYCH-26JUN1616-T77.99,BUY,Limit,1.0,0.03,0.03,0.0021,0.0,0.0,0,48b1e45a-ab99-49cd-98c8-a629609e28e5,reconstructed_from_kalshi_api,lane2,,live_v10,YES,,,,,
636,2026-06-16T15:24:25.650956-04:00,reconstructed_kalshi,kalshi,KXTEMPNYCH-26JUN1616-T78.99,BUY,Limit,1.0,0.03,0.03,0.0021,0.0,0.0,0,f846625b-5179-4fa1-92d0-4b93b3cb9330,reconstructed_from_kalshi_api,lane2,,live_v10,YES,,,,,
635,2026-06-16T15:24:26.704053-04:00,reconstructed_kalshi,kalshi,KXTEMPNYCH-26JUN1616-T79.99,BUY,Limit,1.0,0.03,0.03,0.0021,0.0,0.0,0,f2057eee-f5d7-4615-836b-2eb468f660ec,reconstructed_from_kalshi_api,lane2,,live_v10,YES,,,,,
634,2026-06-16T16:20:16.758260-04:00,reconstructed_kalshi,kalshi,KXLOWTDC-26JUN17-T66,BUY,Limit,4.0,0.44,1.76,0.069,0.0,0.0,0,366818a1-e878-4394-8e36-b8fb980f569e,reconstructed_from_kalshi_api,lane2,,live_v10,YES,,,,,
633,2026-06-16T16:20:18.087123-04:00,reconstructed_kalshi,kalshi,KXLOWTSFO-26JUN17-T59,BUY,Limit,5.0,0.16999999999999998,0.85,0.0494,0.0,0.0,0,b9e8a99c-d9d3-47d4-9cc8-448242b92233,reconstructed_from_kalshi_api,lane2,,live_v10,YES,,,,,
632,2026-06-16T16:26:35.927270-04:00,reconstructed_kalshi,kalshi,KXLOWTAUS-26JUN17-T75,BUY,Limit,4.0,0.11,0.44,0.0275,0.0,0.0,0,f9485684-c2cf-4c29-96f5-b88b8961054d,reconstructed_from_kalshi_api,lane2,,live_v10,YES,,,,,
631,2026-06-16T16:26:36.652843-04:00,reconstructed_kalshi,kalshi,KXLOWTSEA-26JUN17-T55,BUY,Limit,6.0,0.09000000000000001,0.54,0.0344,0.0,0.0,0,e5f437d8-693e-4b86-a596-07f57bad7ca5,reconstructed_from_kalshi_api,lane2,,live_v10,YES,,,,,
630,2026-06-16T16:32:34.598866-04:00,reconstructed_kalshi,kalshi,KXLOWTSEA-26JUN17-T55,SELL,Limit,6.0,0.96,5.76,0.0162,0.0,0.0,0,f2dbc2fe-a723-4601-a84d-2c9604beb3ae,reconstructed_from_kalshi_api,lane2,,live_v10,YES,,,,,
629,2026-06-16T16:32:55.758787-04:00,reconstructed_kalshi,kalshi,KXLOWTBOS-26JUN17-T57,BUY,Limit,39.0,0.19,7.41,0.4202,0.0,0.0,0,a05a7f1e-d49b-4fd0-849d-6fbd3db0bb3b,reconstructed_from_kalshi_api,lane2,,live_v10,NO,,,,,
628,2026-06-16T16:32:56.466981-04:00,reconstructed_kalshi,kalshi,KXLOWTOKC-26JUN17-T73,BUY,Limit,1.0,0.41,0.41,0.017,0.0,0.0,0,0c7034a2-4c15-4f1a-9b2c-07a27aa46dd2,reconstructed_from_kalshi_api,lane2,,live_v10,YES,,,,,
627,2026-06-16T16:39:15.390553-04:00,reconstructed_kalshi,kalshi,KXLOWTSEA-26JUN17-T55,BUY,Limit,6.0,0.09000000000000001,0.54,0.0344,0.0,0.0,0,152be965-3222-4e03-b5a6-0493589378a6,reconstructed_from_kalshi_api,lane2,,live_v10,YES,,,,,
626,2026-06-16T16:45:12.851007-04:00,reconstructed_kalshi,kalshi,KXLOWTSEA-26JUN17-T55,SELL,Limit,6.0,0.96,5.76,0.0162,0.0,0.0,0,c67289a9-9391-4576-8a79-cd7f6c3d35ca,reconstructed_from_kalshi_api,lane2,,live_v10,YES,,,,,
625,2026-06-16T16:51:42.221537-04:00,reconstructed_kalshi,kalshi,KXLOWTHOU-26JUN16-T77,BUY,Limit,14.0,0.16,2.24,0.1318,0.0,0.0,0,ee4b06c4-f61c-4469-af4e-7c645a62f677,reconstructed_from_kalshi_api,lane2,,live_v10,NO,,,,,
624,2026-06-16T16:51:44.354677-04:00,reconstructed_kalshi,kalshi,KXLOWTSEA-26JUN17-T55,BUY,Limit,6.0,0.09000000000000001,0.54,0.0344,0.0,0.0,0,334de901-8c4a-4f02-bae0-94011def1672,reconstructed_from_kalshi_api,lane2,,live_v10,YES,,,,,
623,2026-06-16T16:57:36.559894-04:00,reconstructed_kalshi,kalshi,KXLOWTSEA-26JUN17-T55,SELL,Limit,6.0,0.9500000000000001,5.7,0.02,0.0,0.0,0,fc22dbdc-299d-4c69-93e2-50282a2017fd,reconstructed_from_kalshi_api,lane2,,live_v10,YES,,,,,
622,2026-06-16T17:16:30.693308-04:00,reconstructed_kalshi,kalshi,KXLOWTMIN-26JUN17-T56,BUY,Limit,11.0,0.37000000000000005,4.07,0.1795,0.0,0.0,0,2edb3ebf-0356-4102-9e21-40f830ba962b,reconstructed_from_kalshi_api,lane2,,live_v10,NO,,,,,
621,2026-06-16T17:16:31.403473-04:00,reconstructed_kalshi,kalshi,KXHIGHTATL-26JUN17-T83,BUY,Limit,21.0,0.15,3.15,0.1875,0.0,0.0,0,b24039e0-a7de-436b-a722-dca7ba5049cb,reconstructed_from_kalshi_api,lane2,,live_v10,YES,,,,,
620,2026-06-16T17:16:32.106931-04:00,reconstructed_kalshi,kalshi,KXLOWTDAL-26JUN17-T76,BUY,Limit,6.0,0.16,0.96,0.0565,0.0,0.0,0,8570fbdd-a6cd-42d3-8c0f-9ffe17694287,reconstructed_from_kalshi_api,lane2,,live_v10,YES,,,,,
619,2026-06-16T17:22:24.147959-04:00,reconstructed_kalshi,kalshi,KXLOWTMIA-26JUN17-T74,SELL,Limit,4.0,0.99,3.96,0.0028,0.0,0.0,0,97e6158d-85dd-4a8e-a582-b9d40cb44f5a,reconstructed_from_kalshi_api,lane2,,live_v10,YES,,,,,
618,2026-06-16T17:22:42.170046-04:00,reconstructed_kalshi,kalshi,KXTEMPNYCH-26JUN1618-T73.99,BUY,Limit,25.0,0.18,4.5,0.2584,0.0,0.0,0,bdcaa395-4482-41dd-b9d4-92458055a919,reconstructed_from_kalshi_api,lane2,,live_v10,NO,,,,,
617,2026-06-16T17:22:42.850977-04:00,reconstructed_kalshi,kalshi,KXLOWTNYC-26JUN17-T60,BUY,Limit,17.0,0.16,2.72,0.16,0.0,0.0,0,a7abc383-4bd7-491b-89f1-09873e4ba8ef,reconstructed_from_kalshi_api,lane2,,live_v10,YES,,,,,
616,2026-06-16T17:22:43.597174-04:00,reconstructed_kalshi,kalshi,KXTEMPNYCH-26JUN1618-T72.99,BUY,Limit,1.0,0.07,0.07,0.0046,0.0,0.0,0,3c7c8071-4207-45b6-b132-fe3f3a3db3a0,reconstructed_from_kalshi_api,lane2,,live_v10,NO,,,,,
615,2026-06-16T17:47:35.417176-04:00,reconstructed_kalshi,kalshi,KXRAINNYC-26JUN17-T0,BUY,Limit,25.0,0.13,3.25,0.198,0.0,0.0,0,22749e15-0841-4230-96bc-45f77828fe34,reconstructed_from_kalshi_api,lane2,,live_v10,NO,,,,,
614,2026-06-16T17:53:26.736936-04:00,reconstructed_kalshi,kalshi,KXTEMPNYCH-26JUN1618-T72.99,SELL,Limit,1.0,0.01,0.01,0.0007,0.0,0.0,0,82dfa869-99ed-43d3-92c3-f32929736596,reconstructed_from_kalshi_api,lane2,,live_v10,NO,,,,,
613,2026-06-16T17:53:47.089969-04:00,reconstructed_kalshi,kalshi,KXLOWTLAX-26JUN17-T63,BUY,Limit,4.0,0.19,0.76,0.0431,0.0,0.0,0,9888e559-1cf4-476b-85f6-31434122e984,reconstructed_from_kalshi_api,lane2,,live_v10,YES,,,,,
612,2026-06-16T17:53:53.843362-04:00,reconstructed_kalshi,kalshi,KXTEMPNYCH-26JUN1618-T73.99,SELL,Limit,25.0,0.01,0.25,0.0174,0.0,0.0,0,160e5222-06d7-4141-abc0-08e337e34caf,reconstructed_from_kalshi_api,lane2,,live_v10,NO,,,,,
611,2026-06-16T18:06:08.915079-04:00,reconstructed_kalshi,kalshi,KXLOWTATL-26JUN17-T69,BUY,Limit,5.0,0.26,1.3,0.0674,0.0,0.0,0,91bc2fd0-2951-4b1e-90ab-70cbc15b4cc8,reconstructed_from_kalshi_api,lane2,,live_v10,YES,,,,,
610,2026-06-16T18:18:40.898920-04:00,reconstructed_kalshi,kalshi,KXTEMPNYCH-26JUN1619-T69.99,BUY,Limit,25.0,0.11,2.75,0.1714,0.0,0.0,0,d0c564b0-614b-44ca-9675-bc8753204113,reconstructed_from_kalshi_api,lane2,,live_v10,NO,,,,,
609,2026-06-16T18:18:42.928300-04:00,reconstructed_kalshi,kalshi,KXTEMPNYCH-26JUN1619-T68.99,BUY,Limit,25.0,0.25,6.25,0.3282,0.0,0.0,0,dfcaa441-9548-447e-96b8-535f74b4269f,reconstructed_from_kalshi_api,lane2,,live_v10,NO,,,,,
608,2026-06-16T20:04:46.136032-04:00,reconstructed_kalshi,kalshi,KXLOWTSEA-26JUN17-T55,BUY,Limit,6.0,0.09999999999999999,0.6,0.0378,0.0,0.0,0,fad9bb18-a1e3-4c42-8eb9-fa72a71d6a33,reconstructed_from_kalshi_api,lane2,,live_v10,YES,,,,,
607,2026-06-16T20:11:10.899737-04:00,reconstructed_kalshi,kalshi,KXLOWTPHX-26JUN17-T88,BUY,Limit,12.0,0.16,1.92,0.1129,0.0,0.0,0,8c3545de-1087-421b-aa68-0e9b9ef4f2c4,reconstructed_from_kalshi_api,lane2,,live_v10,NO,,,,,
606,2026-06-16T20:23:43.139703-04:00,reconstructed_kalshi,kalshi,KXTEMPNYCH-26JUN1621-T66.99,BUY,Limit,25.0,0.2,5.0,0.28,0.0,0.0,0,40a8b5ec-cd7c-4697-8ed5-e7f3917bae1b,reconstructed_from_kalshi_api,lane2,,live_v10,NO,,,,,
605,2026-06-16T20:23:43.814193-04:00,reconstructed_kalshi,kalshi,KXTEMPNYCH-26JUN1621-T65.99,BUY,Limit,25.0,0.05,1.25,0.0832,0.0,0.0,0,230d9cb6-9964-4305-a7f3-4e0c9ec16f95,reconstructed_from_kalshi_api,lane2,,live_v10,NO,,,,,
604,2026-06-16T20:23:44.535058-04:00,reconstructed_kalshi,kalshi,KXTEMPNYCH-26JUN1621-T64.99,BUY,Limit,14.0,0.3,4.2,0.2058,0.0,0.0,0,9f4ae45d-72ad-43e7-b102-073f2cae4686,reconstructed_from_kalshi_api,lane2,,live_v10,NO,,,,,
603,2026-06-16T22:04:04.515948-04:00,reconstructed_kalshi,kalshi,KXLOWTSATX-26JUN17-T74,BUY,Limit,1.0,0.21,0.21,0.0117,0.0,0.0,0,a591d41c-59f1-417f-995c-9c1582dd1224,reconstructed_from_kalshi_api,lane2,,live_v10,YES,,,,,
602,2026-06-16T22:23:15.572334-04:00,reconstructed_kalshi,kalshi,KXTEMPNYCH-26JUN1623-T63.99,BUY,Limit,80.0,0.1,8.0,0.504,0.0,0.0,0,efc58ca7-c43f-4692-803b-aa94b19c9015,reconstructed_from_kalshi_api,lane2,,live_v10,NO,,,,,
601,2026-06-16T22:48:27.148048-04:00,reconstructed_kalshi,kalshi,KXLOWTSFO-26JUN17-T59,SELL,Limit,5.0,0.99,4.95,0.0035,0.0,0.0,0,59fd07a9-9c3c-4bce-8244-cb53c38799c2,reconstructed_from_kalshi_api,lane2,,live_v10,YES,,,,,
600,2026-06-17T01:07:39.593861-04:00,reconstructed_kalshi,kalshi,KXLOWTHOU-26JUN16-T77,SELL,Limit,14.0,0.23357142857142857,3.27,0.1674,0.0,0.0,0,ca910879-65cb-4a04-89cc-f3763f65a861,reconstructed_from_kalshi_api,lane2,,live_v10,NO,,,,,
599,2026-06-17T01:07:50.522278-04:00,reconstructed_kalshi,kalshi,KXTEMPNYCH-26JUN1702-T62.99,BUY,Limit,1.0,0.29,0.29,0.0145,0.0,0.0,0,5d677066-6863-425b-8856-aaf2514299a2,reconstructed_from_kalshi_api,lane2,,live_v10,NO,,,,,
598,2026-06-17T01:36:57.330222-04:00,reconstructed_kalshi,kalshi,KXHIGHTOKC-26JUN17-T96,SELL,Limit,14.0,0.7699999999999999,10.78,0.1736,0.0,0.0,0,01a9c937-0a5d-4c55-8389-e8366ba07f4c,reconstructed_from_kalshi_api,lane2,,live_v10,YES,,,,,
597,2026-06-17T01:37:09.039187-04:00,reconstructed_kalshi,kalshi,KXLOWTLV-26JUN17-T85,BUY,Limit,27.0,0.15,4.05,0.2411,0.0,0.0,0,6de7e828-eb9c-42bd-9de9-275c44113c59,reconstructed_from_kalshi_api,lane2,,live_v10,NO,,,,,
596,2026-06-17T02:00:40.296616-04:00,reconstructed_kalshi,kalshi,KXLOWTHOU-26JUN17-T77,BUY,Limit,13.0,0.26,3.38,0.1751,0.0,0.0,0,88a4c6e9-e96d-4ae9-9b59-7a1f2cf6828a,reconstructed_from_kalshi_api,lane2,,live_v10,YES,,,,,
595,2026-06-17T04:20:28.078663-04:00,reconstructed_kalshi,kalshi,KXLOWTSATX-26JUN17-T74,SELL,Limit,1.0,0.85,0.85,0.009,0.0,0.0,0,fe3f9222-50cb-42ff-8f72-0ed755ba69e8,reconstructed_from_kalshi_api,lane2,,live_v10,YES,,,,,
594,2026-06-17T05:29:26.892505-04:00,reconstructed_kalshi,kalshi,KXTEMPNYCH-26JUN1706-T61.99,BUY,Limit,1.0,0.2,0.2,0.0112,0.0,0.0,0,a9f0d463-4a9a-41b1-bf23-b6e5718cec62,reconstructed_from_kalshi_api,lane2,,live_v10,NO,,,,,
593,2026-06-17T06:03:55.349486-04:00,reconstructed_kalshi,kalshi,KXTEMPNYCH-26JUN1707-T65.99,BUY,Limit,1.0,0.04,0.04,0.0027,0.0,0.0,0,bfa35e05-9e6d-4b79-89fe-613e110681a8,reconstructed_from_kalshi_api,lane2,,live_v10,YES,,,,,
592,2026-06-17T06:21:14.372379-04:00,reconstructed_kalshi,kalshi,KXHIGHTSATX-26JUN17-T90,BUY,Limit,10.0,0.09,0.9,0.0575,0.0,0.0,0,bcd3f838-45dc-46ea-b497-dd52af589aa9,reconstructed_from_kalshi_api,lane2,,live_v10,YES,,,,,
591,2026-06-17T07:08:04.475646-04:00,reconstructed_kalshi,kalshi,KXLOWTATL-26JUN17-T69,SELL,Limit,5.0,0.176,0.88,0.0509,0.0,0.0,0,219869a2-22b5-49ce-8f73-fc937231892c,reconstructed_from_kalshi_api,lane2,,live_v10,YES,,,,,
590,2026-06-17T07:14:02.245864-04:00,reconstructed_kalshi,kalshi,KXLOWTATL-26JUN17-T69,BUY,Limit,1.0,0.11,0.11,0.0069,0.0,0.0,0,854e3ad4-f6d9-42ea-9920-8c48cc6d8f4a,reconstructed_from_kalshi_api,lane2,,live_v10,NO,,,,,
589,2026-06-17T07:37:11.140344-04:00,reconstructed_kalshi,kalshi,KXHIGHDEN-26JUN17-T92,BUY,Limit,75.0,0.08,6.0,0.3864,0.0,0.0,0,ff0c67a3-7ea9-45b6-842a-25a01d408b03,reconstructed_from_kalshi_api,lane2,,live_v10,YES,,,,,
588,2026-06-17T07:42:44.937046-04:00,reconstructed_kalshi,kalshi,KXHIGHDEN-26JUN17-T92,SELL,Limit,75.0,0.92,69.0,0.3864,0.0,0.0,0,5b12c94d-c341-4e3e-a40f-680a2ef23110,reconstructed_from_kalshi_api,lane2,,live_v10,YES,,,,,
587,2026-06-17T08:29:08.413652-04:00,reconstructed_kalshi,kalshi,KXLOWTDC-26JUN17-T66,SELL,Limit,4.0,0.13,0.52,0.0317,0.0,0.0,0,0706e6c3-cff7-486e-be4d-7e068e44b850,reconstructed_from_kalshi_api,lane2,,live_v10,YES,,,,,
586,2026-06-17T08:29:18.251705-04:00,reconstructed_kalshi,kalshi,KXTEMPNYCH-26JUN1709-T71.99,BUY,Limit,5.0,0.1,0.5,0.0315,0.0,0.0,0,ca40deb0-2c6d-49be-a8d8-bdf97ad710ca,reconstructed_from_kalshi_api,lane2,,live_v10,YES,,,,,
585,2026-06-17T08:35:07.888593-04:00,reconstructed_kalshi,kalshi,KXLOWTDC-26JUN17-T66,BUY,Limit,4.0,0.09,0.36,0.023,0.0,0.0,0,b6977704-2153-4b19-a67b-ed419c65ff6a,reconstructed_from_kalshi_api,lane2,,live_v10,NO,,,,,
584,2026-06-17T09:56:16.445552-04:00,reconstructed_kalshi,kalshi,KXHIGHPHIL-26JUN17-T86,BUY,Limit,1.0,0.1,0.1,0.0063,0.0,0.0,0,df4447a1-925a-4160-ab42-8d2d5a42e1fd,reconstructed_from_kalshi_api,lane2,,live_v10,YES,,,,,
583,2026-06-17T10:02:27.812854-04:00,reconstructed_kalshi,kalshi,KXHIGHTHOU-26JUN18-T91,BUY,Limit,58.0,0.09999999999999999,5.8,0.3654,0.0,0.0,0,e30db1e6-eb6d-4bee-8880-880746974276,reconstructed_from_kalshi_api,lane2,,live_v10,YES,,,,,
582,2026-06-17T10:02:28.489759-04:00,reconstructed_kalshi,kalshi,KXHIGHTMIN-26JUN18-T69,BUY,Limit,36.0,0.14,5.04,0.3035,0.0,0.0,0,0098e512-8ecc-489c-86d3-a8dc910de182,reconstructed_from_kalshi_api,lane2,,live_v10,YES,,,,,
581,2026-06-17T10:02:29.179095-04:00,reconstructed_kalshi,kalshi,KXHIGHTPHX-26JUN18-T104,BUY,Limit,57.0,0.1,5.7,0.3591,0.0,0.0,0,a3ef027a-7765-4325-9291-6428f6baaaf3,reconstructed_from_kalshi_api,lane2,,live_v10,YES,,,,,
580,2026-06-17T10:15:00.483472-04:00,reconstructed_kalshi,kalshi,KXHIGHCHI-26JUN18-T71,BUY,Limit,2.0,0.09,0.18,0.0115,0.0,0.0,0,a7dc2307-dd36-4660-949a-48f1b4b5c3c0,reconstructed_from_kalshi_api,lane2,,live_v10,YES,,,,,
579,2026-06-17T10:27:36.094926-04:00,reconstructed_kalshi,kalshi,KXTEMPNYCH-26JUN1711-T75.99,BUY,Limit,19.0,0.34,6.46,0.2985,0.0,0.0,0,aa50d63e-14ea-4b2c-8dde-5dc1ebeff283,reconstructed_from_kalshi_api,lane2,,live_v10,YES,,,,,
578,2026-06-17T10:27:36.793062-04:00,reconstructed_kalshi,kalshi,KXTEMPNYCH-26JUN1711-T76.99,BUY,Limit,5.0,0.15,0.75,0.0447,0.0,0.0,0,d8dcaf71-83a5-431d-afa9-75680ef0ea1f,reconstructed_from_kalshi_api,lane2,,live_v10,YES,,,,,
577,2026-06-17T10:27:37.493447-04:00,reconstructed_kalshi,kalshi,KXLOWTDEN-26JUN17-T66,BUY,Limit,1.0,0.17,0.17,0.0099,0.0,0.0,0,a90ce6b7-5358-413c-ad28-774c34322b38,reconstructed_from_kalshi_api,lane2,,live_v10,YES,,,,,
576,2026-06-17T10:27:38.186527-04:00,reconstructed_kalshi,kalshi,KXTEMPNYCH-26JUN1711-T77.99,BUY,Limit,5.0,0.05,0.25,0.0167,0.0,0.0,0,96ca5ace-90b3-4161-b3b4-256965432755,reconstructed_from_kalshi_api,lane2,,live_v10,YES,,,,,
575,2026-06-20T16:03:49.383314-04:00,reconstructed_kalshi,kalshi,KXLOWTLV-26JUN21-T75,SELL,Limit,2.0,0.17,0.34,0.0198,0.0,0.0,0,72d81773-7ff3-4ef1-89c4-08c3ffdf2077,reconstructed_from_kalshi_api,lane2,,live_v10,YES,,,,,
574,2026-06-20T16:03:50.078867-04:00,reconstructed_kalshi,kalshi,KXHIGHTSFO-26JUN20-T72,SELL,Limit,10.0,0.5900000000000001,5.9,0.1694,0.0,0.0,0,9c9b2c14-bde0-43e7-a081-2ce013608c19,reconstructed_from_kalshi_api,lane2,,live_v10,YES,,,,,
573,2026-06-20T16:03:50.812449-04:00,reconstructed_kalshi,kalshi,KXLOWTDEN-26JUN21-T55,SELL,Limit,15.0,0.59,8.85,0.254,0.0,0.0,0,d8308c13-0c31-4db1-b19d-313bafa43ad7,reconstructed_from_kalshi_api,lane2,,live_v10,YES,,,,,
572,2026-06-20T16:03:51.490971-04:00,reconstructed_kalshi,kalshi,KXLOWTPHIL-26JUN21-T66,SELL,Limit,6.0,0.34,2.04,0.0943,0.0,0.0,0,edadbe95-e38b-4f5d-bb12-46d1f731318a,reconstructed_from_kalshi_api,lane2,,live_v10,YES,,,,,
571,2026-06-20T16:03:52.171853-04:00,reconstructed_kalshi,kalshi,KXHIGHNY-26JUN20-T82,SELL,Limit,19.0,0.57,10.83,0.326,0.0,0.0,0,545680e0-962c-4757-aa68-9bf4615cd263,reconstructed_from_kalshi_api,lane2,,live_v10,YES,,,,,
570,2026-06-20T16:03:52.866321-04:00,reconstructed_kalshi,kalshi,KXLOWTMIN-26JUN21-T57,SELL,Limit,17.0,0.51,8.67,0.2974,0.0,0.0,0,d1caf3cf-7d7d-400a-b4de-6523a535e4e1,reconstructed_from_kalshi_api,lane2,,live_v10,YES,,,,,
569,2026-06-20T16:03:53.545868-04:00,reconstructed_kalshi,kalshi,KXHIGHTSEA-26JUN21-T78,BUY,Limit,10.0,0.22000000000000003,2.2,0.1203,0.0,0.0,0,3e2355d0-13c5-42c3-b960-0ea52ddbdac9,reconstructed_from_kalshi_api,lane2,,live_v10,YES,,,,,
568,2026-06-20T16:03:54.226884-04:00,reconstructed_kalshi,kalshi,KXTEMPNYCH-26JUN2017-T83.99,BUY,Limit,2.0,0.04,0.08,0.0054,0.0,0.0,0,4b5cb286-c77f-4083-a65d-eda47484026c,reconstructed_from_kalshi_api,lane2,,live_v10,YES,,,,,
567,2026-06-20T16:03:54.922253-04:00,reconstructed_kalshi,kalshi,KXLOWTLV-26JUN20-T76,SELL,Limit,9.0,0.16,1.44,0.0848,0.0,0.0,0,1c5d7c78-4d04-40c4-b8ff-d1453c26de5e,reconstructed_from_kalshi_api,lane2,,live_v10,YES,,,,,
566,2026-06-20T16:03:55.584923-04:00,reconstructed_kalshi,kalshi,KXHIGHCHI-26JUN20-T78,SELL,Limit,12.0,0.22999999999999998,2.76,0.1488,0.0,0.0,0,e951c99f-cd7a-4894-852c-bf11e1728384,reconstructed_from_kalshi_api,lane2,,live_v10,YES,,,,,
565,2026-06-20T16:03:56.309586-04:00,reconstructed_kalshi,kalshi,KXHIGHTSEA-26JUN20-T73,BUY,Limit,1.0,0.55,0.55,0.0174,0.0,0.0,0,d17b31ee-af3b-49ae-a612-4ee9443178b5,reconstructed_from_kalshi_api,lane2,,live_v10,YES,,,,,
564,2026-06-20T16:03:56.975639-04:00,reconstructed_kalshi,kalshi,KXRAINNYC-26JUN20-T0,BUY,Limit,1.0,0.19,0.19,0.0108,0.0,0.0,0,0c4972ff-9545-400f-8e9d-150dcd51da12,reconstructed_from_kalshi_api,lane2,,live_v10,YES,,,,,
563,2026-06-20T16:03:57.673797-04:00,reconstructed_kalshi,kalshi,KXLOWTBOS-26JUN20-T61,SELL,Limit,20.0,0.13,2.6,0.1584,0.0,0.0,0,4322f247-675d-4c76-86c7-3eaabf1bd0b8,reconstructed_from_kalshi_api,lane2,,live_v10,YES,,,,,
562,2026-06-20T16:03:58.343316-04:00,reconstructed_kalshi,kalshi,KXHIGHTDAL-26JUN21-T93,BUY,Limit,6.0,0.17,1.02,0.0593,0.0,0.0,0,dc0ad209-ee07-4efc-a298-7ef3778c762e,reconstructed_from_kalshi_api,lane2,,live_v10,YES,,,,,
561,2026-06-20T16:03:59.013330-04:00,reconstructed_kalshi,kalshi,KXLOWTATL-26JUN20-T70,SELL,Limit,4.0,0.16,0.64,0.0377,0.0,0.0,0,fd87a9a4-0068-459d-b5fa-c487ae345fa4,reconstructed_from_kalshi_api,lane2,,live_v10,YES,,,,,
560,2026-06-20T16:03:59.672078-04:00,reconstructed_kalshi,kalshi,KXHIGHNY-26JUN21-T80,SELL,Limit,6.0,0.85,5.1,0.0537,0.0,0.0,0,ea6cc41e-0d64-4aee-9c38-529da3d898b4,reconstructed_from_kalshi_api,lane2,,live_v10,YES,,,,,
559,2026-06-20T16:04:00.373076-04:00,reconstructed_kalshi,kalshi,KXLOWTBOS-26JUN21-T59,SELL,Limit,4.0,0.17,0.68,0.0396,0.0,0.0,0,e0af8e92-9478-456e-94ef-d9f03b590949,reconstructed_from_kalshi_api,lane2,,live_v10,YES,,,,,
558,2026-06-20T16:04:01.070974-04:00,reconstructed_kalshi,kalshi,KXLOWTNYC-26JUN21-T67,BUY,Limit,6.0,0.12,0.72,0.0444,0.0,0.0,0,0a8d4066-aeb6-4cb8-8e91-6f73efc77fb6,reconstructed_from_kalshi_api,lane2,,live_v10,YES,,,,,
557,2026-06-20T16:04:01.744242-04:00,reconstructed_kalshi,kalshi,KXLOWTPHX-26JUN20-T79,SELL,Limit,6.0,0.09000000000000001,0.54,0.0344,0.0,0.0,0,98e50c83-b60f-41ae-bb82-d45f9e125af9,reconstructed_from_kalshi_api,lane2,,live_v10,YES,,,,,
556,2026-06-20T16:04:02.464497-04:00,reconstructed_kalshi,kalshi,KXHIGHTOKC-26JUN21-T94,BUY,Limit,8.0,0.18,1.44,0.0827,0.0,0.0,0,c79c1dc4-1b1f-4488-a30a-68b8807681dd,reconstructed_from_kalshi_api,lane2,,live_v10,YES,,,,,
555,2026-06-20T16:04:03.212715-04:00,reconstructed_kalshi,kalshi,KXHIGHTDC-26JUN20-T89,BUY,Limit,1.0,0.47,0.47,0.0175,0.0,0.0,0,238881a8-853b-4ba3-907c-661d9e61d2d4,reconstructed_from_kalshi_api,lane2,,live_v10,YES,,,,,
554,2026-06-20T16:04:03.921796-04:00,reconstructed_kalshi,kalshi,KXLOWTSEA-26JUN21-T54,BUY,Limit,7.0,0.09,0.63,0.0402,0.0,0.0,0,21aa1a0c-4ec9-4467-954a-658ff42de7db,reconstructed_from_kalshi_api,lane2,,live_v10,YES,,,,,
553,2026-06-20T16:04:04.587142-04:00,reconstructed_kalshi,kalshi,KXLOWTSFO-26JUN21-T56,BUY,Limit,47.0,0.1,4.7,0.2961,0.0,0.0,0,76416b53-1777-4329-bb1b-32aad2ee0d17,reconstructed_from_kalshi_api,lane2,,live_v10,YES,,,,,
552,2026-06-20T16:09:55.885552-04:00,reconstructed_kalshi,kalshi,KXHIGHNY-26JUN21-T80,BUY,Limit,6.0,0.16,0.96,0.0566,0.0,0.0,0,d6daa346-a503-4014-b245-46757134bf21,reconstructed_from_kalshi_api,lane2,,live_v10,YES,,,,,
551,2026-06-20T16:16:25.308660-04:00,reconstructed_kalshi,kalshi,KXLOWTNOLA-26JUN20-T74,BUY,Limit,22.0,0.08,1.76,0.1134,0.0,0.0,0,d176c18d-8678-411c-ac1f-beea29b64a4b,reconstructed_from_kalshi_api,lane2,,live_v10,YES,,,,,
550,2026-06-20T16:16:26.141124-04:00,reconstructed_kalshi,kalshi,KXHIGHNY-26JUN21-T80,SELL,Limit,2.0,0.85,1.7,0.0179,0.0,0.0,0,1fde52fa-8fe4-4a0b-b48d-b5d4a358f510,reconstructed_from_kalshi_api,lane2,,live_v10,YES,,,,,
549,2026-06-20T16:22:17.071369-04:00,reconstructed_kalshi,kalshi,KXHIGHNY-26JUN21-T80,BUY,Limit,2.0,0.16,0.32,0.0189,0.0,0.0,0,9b3033cc-2a28-4250-bdb1-8227805d437d,reconstructed_from_kalshi_api,lane2,,live_v10,YES,,,,,
548,2026-06-20T16:22:33.869020-04:00,reconstructed_kalshi,kalshi,KXLOWTDC-26JUN21-T68,BUY,Limit,1.0,0.35,0.35,0.016,0.0,0.0,0,0a6a4b4b-0ffb-4d43-b52d-90f9d5d71c9e,reconstructed_from_kalshi_api,lane2,,live_v10,YES,,,,,
547,2026-06-20T16:28:44.776477-04:00,reconstructed_kalshi,kalshi,KXHIGHNY-26JUN21-T80,SELL,Limit,2.0,0.85,1.7,0.0179,0.0,0.0,0,c601d1df-fd4e-44d3-b658-67347f34c81a,reconstructed_from_kalshi_api,lane2,,live_v10,YES,,,,,
546,2026-06-20T16:35:01.262922-04:00,reconstructed_kalshi,kalshi,KXHIGHNY-26JUN21-T80,BUY,Limit,2.0,0.14,0.28,0.0169,0.0,0.0,0,14bcd664-6088-4c7f-b6dc-8ed1d5edc2b2,reconstructed_from_kalshi_api,lane2,,live_v10,YES,,,,,
545,2026-06-20T16:47:15.097803-04:00,reconstructed_kalshi,kalshi,KXHIGHNY-26JUN21-T80,SELL,Limit,1.0,0.87,0.87,0.008,0.0,0.0,0,285db9ce-caca-45a2-a9b9-c253d019dc79,reconstructed_from_kalshi_api,lane2,,live_v10,YES,,,,,
544,2026-06-20T16:47:22.589707-04:00,reconstructed_kalshi,kalshi,KXHIGHNY-26JUN21-T80,BUY,Limit,1.0,0.14,0.14,0.0085,0.0,0.0,0,b65f5759-7e87-4033-87eb-dfe1bbd5a944,reconstructed_from_kalshi_api,lane2,,live_v10,YES,,,,,
543,2026-06-20T16:59:35.224302-04:00,reconstructed_kalshi,kalshi,KXHIGHNY-26JUN21-T80,SELL,Limit,2.0,0.86,1.72,0.017,0.0,0.0,0,18601fc7-eb66-40e0-b424-76a135299c28,reconstructed_from_kalshi_api,lane2,,live_v10,YES,,,,,
542,2026-06-20T16:59:41.302537-04:00,reconstructed_kalshi,kalshi,KXHIGHNY-26JUN21-T80,BUY,Limit,2.0,0.15,0.3,0.0179,0.0,0.0,0,f93f5f62-e866-443a-9c46-199dd5037400,reconstructed_from_kalshi_api,lane2,,live_v10,YES,,,,,
541,2026-06-20T17:05:45.247285-04:00,reconstructed_kalshi,kalshi,KXTEMPNYCH-26JUN2018-T83.99,BUY,Limit,2.0,0.04,0.08,0.0054,0.0,0.0,0,dc58458f-6b65-4a8d-80b0-a1e7f89f6a4a,reconstructed_from_kalshi_api,lane2,,live_v10,YES,,,,,
540,2026-06-20T17:05:54.436983-04:00,reconstructed_kalshi,kalshi,KXHIGHTSFO-26JUN20-T72,BUY,Limit,8.0,0.13,1.04,0.0634,0.0,0.0,0,9cdfd8bc-850e-42cc-a566-139bbaa6fa22,reconstructed_from_kalshi_api,lane2,,live_v10,YES,,,,,
539,2026-06-20T17:11:57.244426-04:00,reconstructed_kalshi,kalshi,KXHIGHNY-26JUN21-T80,SELL,Limit,2.0,0.85,1.7,0.018,0.0,0.0,0,afb90a6d-4183-4d19-80db-fa144d4e611f,reconstructed_from_kalshi_api,lane2,,live_v10,YES,,,,,
538,2026-06-20T17:12:05.111743-04:00,reconstructed_kalshi,kalshi,KXHIGHTSFO-26JUN20-T72,BUY,Limit,2.0,0.13,0.26,0.0159,0.0,0.0,0,0d398dad-60c1-48ee-88be-57f9d18cae6c,reconstructed_from_kalshi_api,lane2,,live_v10,YES,,,,,
537,2026-06-20T17:17:50.381074-04:00,reconstructed_kalshi,kalshi,KXHIGHNY-26JUN21-T80,BUY,Limit,2.0,0.15,0.3,0.0179,0.0,0.0,0,313540a0-affc-4352-b52e-98551b2ae487,reconstructed_from_kalshi_api,lane2,,live_v10,YES,,,,,
536,2026-06-20T17:18:06.915226-04:00,reconstructed_kalshi,kalshi,KXLOWTHOU-26JUN20-T74,BUY,Limit,2.0,0.09,0.18,0.0115,0.0,0.0,0,5d4e3549-b407-4ede-a0b4-d44486469bda,reconstructed_from_kalshi_api,lane2,,live_v10,YES,,,,,
535,2026-06-20T17:18:14.273823-04:00,reconstructed_kalshi,kalshi,KXHIGHTDC-26JUN20-T89,SELL,Limit,1.0,0.01,0.01,0.0007,0.0,0.0,0,65508a3c-cdab-4c46-8210-8dca7c6d32bc,reconstructed_from_kalshi_api,lane2,,live_v10,YES,,,,,
534,2026-06-20T17:24:15.037199-04:00,reconstructed_kalshi,kalshi,KXHIGHNY-26JUN21-T80,SELL,Limit,2.0,0.86,1.72,0.0169,0.0,0.0,0,3a6501c5-8f14-4a70-843d-943731cb54f8,reconstructed_from_kalshi_api,lane2,,live_v10,YES,,,,,
533,2026-06-20T17:24:21.145872-04:00,reconstructed_kalshi,kalshi,KXHIGHNY-26JUN21-T80,BUY,Limit,2.0,0.15,0.3,0.0179,0.0,0.0,0,180f1e63-e980-4408-a988-a6027094efbe,reconstructed_from_kalshi_api,lane2,,live_v10,YES,,,,,
532,2026-06-20T17:36:35.181702-04:00,reconstructed_kalshi,kalshi,KXHIGHNY-26JUN21-T80,SELL,Limit,2.0,0.87,1.74,0.0159,0.0,0.0,0,06c82141-2208-4f2e-b0be-98aa47fa4cd3,reconstructed_from_kalshi_api,lane2,,live_v10,YES,,,,,
531,2026-06-20T17:36:41.409690-04:00,reconstructed_kalshi,kalshi,KXHIGHNY-26JUN21-T80,BUY,Limit,2.0,0.14,0.28,0.0169,0.0,0.0,0,12a85059-95d2-4fe9-9941-9ade5c03b53f,reconstructed_from_kalshi_api,lane2,,live_v10,YES,,,,,
530,2026-06-20T17:48:47.698693-04:00,reconstructed_kalshi,kalshi,KXHIGHNY-26JUN21-T80,SELL,Limit,2.0,0.87,1.74,0.0159,0.0,0.0,0,a680edaf-7e4c-4c55-9112-7ca86dc0c67a,reconstructed_from_kalshi_api,lane2,,live_v10,YES,,,,,
529,2026-06-20T17:48:53.961717-04:00,reconstructed_kalshi,kalshi,KXHIGHNY-26JUN21-T80,BUY,Limit,2.0,0.14,0.28,0.0169,0.0,0.0,0,d1528573-7cae-4882-aad1-b808f76769aa,reconstructed_from_kalshi_api,lane2,,live_v10,YES,,,,,
528,2026-06-20T18:01:13.143674-04:00,reconstructed_kalshi,kalshi,KXHIGHNY-26JUN21-T80,SELL,Limit,2.0,0.87,1.74,0.0159,0.0,0.0,0,d4867d29-d894-42ba-ab55-305033f6fcc7,reconstructed_from_kalshi_api,lane2,,live_v10,YES,,,,,
527,2026-06-20T18:01:19.679051-04:00,reconstructed_kalshi,kalshi,KXHIGHNY-26JUN21-T80,BUY,Limit,2.0,0.14,0.28,0.0169,0.0,0.0,0,1201008c-bf86-450f-9993-f25169b7c98e,reconstructed_from_kalshi_api,lane2,,live_v10,YES,,,,,
526,2026-06-20T18:07:19.623925-04:00,reconstructed_kalshi,kalshi,KXTEMPNYCH-26JUN2019-T80.99,BUY,Limit,14.0,0.21,2.94,0.1626,0.0,0.0,0,77992c95-b081-4a11-a31c-59b3db929a06,reconstructed_from_kalshi_api,lane2,,live_v10,YES,,,,,
525,2026-06-20T18:13:28.757899-04:00,reconstructed_kalshi,kalshi,KXHIGHNY-26JUN21-T80,SELL,Limit,2.0,0.87,1.74,0.0159,0.0,0.0,0,375fc802-ee16-4090-8fcf-9204b737a90d,reconstructed_from_kalshi_api,lane2,,live_v10,YES,,,,,
524,2026-06-20T18:13:35.056438-04:00,reconstructed_kalshi,kalshi,KXHIGHNY-26JUN21-T80,BUY,Limit,2.0,0.14,0.28,0.0169,0.0,0.0,0,24436d9e-f8a4-481c-b684-2a45bf7f42dc,reconstructed_from_kalshi_api,lane2,,live_v10,YES,,,,,
523,2026-06-20T18:25:40.574902-04:00,reconstructed_kalshi,kalshi,KXHIGHNY-26JUN21-T80,SELL,Limit,2.0,0.87,1.74,0.0159,0.0,0.0,0,91d523bb-91a0-48f4-a452-0e60febed0bc,reconstructed_from_kalshi_api,lane2,,live_v10,YES,,,,,
522,2026-06-20T18:25:46.590541-04:00,reconstructed_kalshi,kalshi,KXHIGHNY-26JUN21-T80,BUY,Limit,2.0,0.14,0.28,0.0169,0.0,0.0,0,86c78dcd-ab45-4919-80b4-c042ab20f1f2,reconstructed_from_kalshi_api,lane2,,live_v10,YES,,,,,
521,2026-06-20T18:37:48.518963-04:00,reconstructed_kalshi,kalshi,KXHIGHNY-26JUN21-T80,SELL,Limit,2.0,0.87,1.74,0.0159,0.0,0.0,0,b4bbfc12-58ca-49bb-83f8-bfb8cbf8818c,reconstructed_from_kalshi_api,lane2,,live_v10,YES,,,,,
520,2026-06-20T18:37:55.402930-04:00,reconstructed_kalshi,kalshi,KXHIGHNY-26JUN21-T80,BUY,Limit,2.0,0.14,0.28,0.0169,0.0,0.0,0,9688ea8a-e281-456a-a1b6-f9c40141b5b2,reconstructed_from_kalshi_api,lane2,,live_v10,YES,,,,,
519,2026-06-20T18:44:02.438080-04:00,reconstructed_kalshi,kalshi,KXHIGHTSATX-26JUN21-T91,BUY,Limit,5.0,0.54,2.7,0.087,0.0,0.0,0,979d2a7c-6a70-40f4-8f91-d6cc15637a28,reconstructed_from_kalshi_api,lane2,,live_v10,YES,,,,,
518,2026-06-20T18:44:03.164999-04:00,reconstructed_kalshi,kalshi,KXLOWTDAL-26JUN21-T77,SELL,Limit,1.0,0.76,0.76,0.0128,0.0,0.0,0,05c79340-241c-4f8c-8913-a3f0b83d87c2,reconstructed_from_kalshi_api,lane2,,live_v10,YES,,,,,
517,2026-06-20T18:50:08.820051-04:00,reconstructed_kalshi,kalshi,KXLOWTLAX-26JUN21-T61,SELL,Limit,1.0,0.87,0.87,0.008,0.0,0.0,0,2b5ae266-c0ef-42ad-ae17-33e61eb2db9f,reconstructed_from_kalshi_api,lane2,,live_v10,YES,,,,,
516,2026-06-20T18:50:09.512243-04:00,reconstructed_kalshi,kalshi,KXLOWTNOLA-26JUN21-T74,BUY,Limit,1.0,0.08,0.08,0.0052,0.0,0.0,0,6dff0294-d9ce-46c9-a153-c1af0822d6d3,reconstructed_from_kalshi_api,lane2,,live_v10,YES,,,,,
515,2026-06-20T18:50:10.198854-04:00,reconstructed_kalshi,kalshi,KXLOWTSFO-26JUN20-T58,BUY,Limit,6.0,0.09000000000000001,0.54,0.0345,0.0,0.0,0,bb4aefa4-8116-4057-bca5-5c39375f1328,reconstructed_from_kalshi_api,lane2,,live_v10,YES,,,,,
514,2026-06-20T18:50:17.631131-04:00,reconstructed_kalshi,kalshi,KXLOWTLAX-26JUN21-T61,BUY,Limit,1.0,0.15,0.15,0.009,0.0,0.0,0,2ab0a09b-7428-4574-9c35-63d8ee400d68,reconstructed_from_kalshi_api,lane2,,live_v10,YES,,,,,
513,2026-06-20T18:56:16.615573-04:00,reconstructed_kalshi,kalshi,KXLOWTHOU-26JUN21-T74,BUY,Limit,6.0,0.08,0.48,0.031,0.0,0.0,0,abd3fa9f-69e1-4d6d-b314-dfbcf5fa926a,reconstructed_from_kalshi_api,lane2,,live_v10,YES,,,,,
512,2026-06-20T18:56:17.309269-04:00,reconstructed_kalshi,kalshi,KXLOWTATL-26JUN21-T71,BUY,Limit,4.0,0.26,1.04,0.0539,0.0,0.0,0,9aaf373d-108f-4273-a9c1-c9f91fa5bac1,reconstructed_from_kalshi_api,lane2,,live_v10,YES,,,,,
511,2026-06-20T19:02:24.057444-04:00,reconstructed_kalshi,kalshi,KXLOWTLAX-26JUN21-T61,SELL,Limit,1.0,0.87,0.87,0.008,0.0,0.0,0,1532e460-68df-4f3c-abc1-93f9a1dbcf60,reconstructed_from_kalshi_api,lane2,,live_v10,YES,,,,,
510,2026-06-20T19:02:30.161789-04:00,reconstructed_kalshi,kalshi,KXLOWTLAX-26JUN21-T61,BUY,Limit,1.0,0.15,0.15,0.009,0.0,0.0,0,6f9b38ef-072b-4942-9860-3ca67112df95,reconstructed_from_kalshi_api,lane2,,live_v10,YES,,,,,
509,2026-06-20T19:14:36.147437-04:00,reconstructed_kalshi,kalshi,KXTEMPNYCH-26JUN2020-T78.99,BUY,Limit,6.0,0.27999999999999997,1.68,0.0847,0.0,0.0,0,f7f9a40a-c3fb-4d3b-bee9-6358fe4ac431,reconstructed_from_kalshi_api,lane2,,live_v10,YES,,,,,
508,2026-06-20T19:20:50.465730-04:00,reconstructed_kalshi,kalshi,KXTEMPNYCH-26JUN2020-T76.99,SELL,Limit,7.0,0.15,1.05,0.0626,0.0,0.0,0,7ce9bd61-6c7b-461b-8e82-de16e77e73f0,reconstructed_from_kalshi_api,lane2,,live_v10,YES,,,,,
507,2026-06-20T19:39:18.018633-04:00,reconstructed_kalshi,kalshi,KXHIGHNY-26JUN21-T80,SELL,Limit,1.0,0.87,0.87,0.008,0.0,0.0,0,3ddc64ff-a5f6-472b-af51-28e322acb3d8,reconstructed_from_kalshi_api,lane2,,live_v10,YES,,,,,
506,2026-06-20T19:39:18.712077-04:00,reconstructed_kalshi,kalshi,KXLOWTOKC-26JUN21-T75,BUY,Limit,4.0,0.17,0.68,0.0396,0.0,0.0,0,b3b49454-9770-4cf8-b51c-0b7145966613,reconstructed_from_kalshi_api,lane2,,live_v10,YES,,,,,
505,2026-06-20T19:39:25.270957-04:00,reconstructed_kalshi,kalshi,KXHIGHNY-26JUN21-T80,BUY,Limit,1.0,0.14,0.14,0.0085,0.0,0.0,0,5f01764d-9877-46c5-a3de-af9b4e7e69a7,reconstructed_from_kalshi_api,lane2,,live_v10,YES,,,,,
504,2026-06-20T19:51:37.222786-04:00,reconstructed_kalshi,kalshi,KXHIGHNY-26JUN21-T80,SELL,Limit,1.0,0.87,0.87,0.008,0.0,0.0,0,c78ce43d-d56e-4818-8620-22960eee148c,reconstructed_from_kalshi_api,lane2,,live_v10,YES,,,,,
503,2026-06-20T19:51:43.572544-04:00,reconstructed_kalshi,kalshi,KXHIGHNY-26JUN21-T80,BUY,Limit,1.0,0.14,0.14,0.0085,0.0,0.0,0,e9c53c0f-f428-4a39-a8b6-1cdef59ab735,reconstructed_from_kalshi_api,lane2,,live_v10,YES,,,,,
502,2026-06-20T19:51:46.934433-04:00,reconstructed_kalshi,kalshi,KXHIGHTSEA-26JUN20-T73,SELL,Limit,1.0,0.14,0.14,0.0085,0.0,0.0,0,01918294-25e8-4da7-a7f6-c4596b7db950,reconstructed_from_kalshi_api,lane2,,live_v10,YES,,,,,
501,2026-06-20T20:04:01.510412-04:00,reconstructed_kalshi,kalshi,KXTEMPNYCH-26JUN2021-T73.99,SELL,Limit,1.0,0.04,0.04,0.0027,0.0,0.0,0,336570c5-a557-4f45-961c-f55e68ecdb43,reconstructed_from_kalshi_api,lane2,,live_v10,YES,,,,,
500,2026-06-20T20:04:02.361248-04:00,reconstructed_kalshi,kalshi,KXHIGHNY-26JUN21-T80,SELL,Limit,1.0,0.87,0.87,0.008,0.0,0.0,0,80b570a7-22fd-45d2-801f-4ae621c58972,reconstructed_from_kalshi_api,lane2,,live_v10,YES,,,,,
499,2026-06-20T20:04:10.468173-04:00,reconstructed_kalshi,kalshi,KXHIGHNY-26JUN21-T80,BUY,Limit,1.0,0.14,0.14,0.0085,0.0,0.0,0,bd8fcbe8-4a53-4faf-9db2-b9ec879f5b6e,reconstructed_from_kalshi_api,lane2,,live_v10,YES,,,,,
498,2026-06-20T20:10:27.058786-04:00,reconstructed_kalshi,kalshi,KXTEMPNYCH-26JUN2021-T77.99,BUY,Limit,35.0,0.04,1.4,0.0941,0.0,0.0,0,00419abf-b2e3-4ecc-a66d-6e6e3d4cb257,reconstructed_from_kalshi_api,lane2,,live_v10,YES,,,,,
497,2026-06-20T20:16:41.849209-04:00,reconstructed_kalshi,kalshi,KXHIGHNY-26JUN21-T80,SELL,Limit,1.0,0.87,0.87,0.008,0.0,0.0,0,83ad62ed-d528-4bd1-b093-f936db293195,reconstructed_from_kalshi_api,lane2,,live_v10,YES,,,,,
496,2026-06-20T20:16:48.525232-04:00,reconstructed_kalshi,kalshi,KXHIGHNY-26JUN21-T80,BUY,Limit,1.0,0.14,0.14,0.0085,0.0,0.0,0,8e9a7d4e-3a78-47b9-b082-ad0e6fd22da9,reconstructed_from_kalshi_api,lane2,,live_v10,YES,,,,,
495,2026-06-20T20:29:08.553315-04:00,reconstructed_kalshi,kalshi,KXHIGHNY-26JUN21-T80,SELL,Limit,1.0,0.87,0.87,0.008,0.0,0.0,0,42b89fcc-429a-4f3f-9986-ad5663392648,reconstructed_from_kalshi_api,lane2,,live_v10,YES,,,,,
494,2026-06-20T20:29:09.225719-04:00,reconstructed_kalshi,kalshi,KXLOWTLAX-26JUN21-T61,SELL,Limit,1.0,0.87,0.87,0.008,0.0,0.0,0,ad06874d-adcc-4500-acac-b50d9e484fdc,reconstructed_from_kalshi_api,lane2,,live_v10,YES,,,,,
493,2026-06-20T20:29:16.000327-04:00,reconstructed_kalshi,kalshi,KXLOWTLAX-26JUN21-T61,BUY,Limit,1.0,0.14,0.14,0.0085,0.0,0.0,0,4aab8538-bc99-4bd1-8e64-13937796ddba,reconstructed_from_kalshi_api,lane2,,live_v10,YES,,,,,
492,2026-06-20T20:29:16.399994-04:00,reconstructed_kalshi,kalshi,KXHIGHNY-26JUN21-T80,BUY,Limit,1.0,0.14,0.14,0.0085,0.0,0.0,0,7f82c632-928d-4cf0-ad3f-871d04bab548,reconstructed_from_kalshi_api,lane2,,live_v10,YES,,,,,
491,2026-06-20T20:35:22.462639-04:00,reconstructed_kalshi,kalshi,KXLOWTMIA-26JUN20-T74,SELL,Limit,3.0,0.68,2.04,0.0457,0.0,0.0,0,b5124bfa-3af0-42a5-8b8d-4e2ce9e09e59,reconstructed_from_kalshi_api,lane2,,live_v10,YES,,,,,
490,2026-06-20T20:41:34.925094-04:00,reconstructed_kalshi,kalshi,KXHIGHNY-26JUN21-T80,SELL,Limit,1.0,0.88,0.88,0.0074,0.0,0.0,0,e5891fae-1366-4a1f-be8a-b1a14548d9f6,reconstructed_from_kalshi_api,lane2,,live_v10,YES,,,,,
489,2026-06-20T20:41:40.941129-04:00,reconstructed_kalshi,kalshi,KXHIGHNY-26JUN21-T80,BUY,Limit,1.0,0.13,0.13,0.008,0.0,0.0,0,721a2bd0-0923-49c4-923d-4e839e9cadb7,reconstructed_from_kalshi_api,lane2,,live_v10,YES,,,,,
488,2026-06-20T21:06:26.582425-04:00,reconstructed_kalshi,kalshi,KXTEMPNYCH-26JUN2022-T71.99,SELL,Limit,1.0,0.04,0.04,0.0027,0.0,0.0,0,d461db55-c2d3-4c38-98de-6a4df148574b,reconstructed_from_kalshi_api,lane2,,live_v10,YES,,,,,
487,2026-06-20T21:06:27.262509-04:00,reconstructed_kalshi,kalshi,KXHIGHCHI-26JUN21-T69,SELL,Limit,1.0,0.74,0.74,0.0135,0.0,0.0,0,135a593c-7643-49b5-8853-b85defa66829,reconstructed_from_kalshi_api,lane2,,live_v10,YES,,,,,
486,2026-06-20T21:18:58.629752-04:00,reconstructed_kalshi,kalshi,KXLOWTLAX-26JUN21-T61,SELL,Limit,1.0,0.87,0.87,0.008,0.0,0.0,0,099b4bc6-f80d-4149-a6ac-75d1997bfd66,reconstructed_from_kalshi_api,lane2,,live_v10,YES,,,,,
485,2026-06-20T21:19:07.144040-04:00,reconstructed_kalshi,kalshi,KXLOWTLAX-26JUN21-T61,BUY,Limit,1.0,0.14,0.14,0.0085,0.0,0.0,0,2b20c211-fd0a-490a-86a4-5945398a9cbe,reconstructed_from_kalshi_api,lane2,,live_v10,YES,,,,,
484,2026-06-20T21:25:16.658804-04:00,reconstructed_kalshi,kalshi,KXRAINNYC-26JUN21-T0,BUY,Limit,1.0,0.27,0.27,0.0138,0.0,0.0,0,f85eed01-ae1f-4396-892f-80c56f360421,reconstructed_from_kalshi_api,lane2,,live_v10,YES,,,,,
483,2026-06-20T21:25:17.347963-04:00,reconstructed_kalshi,kalshi,KXTEMPNYCH-26JUN2022-T76.99,BUY,Limit,41.0,0.03,1.23,0.0836,0.0,0.0,0,5d9425c3-4872-4359-a5b7-8e74acdf45b2,reconstructed_from_kalshi_api,lane2,,live_v10,YES,,,,,
482,2026-06-20T21:37:59.218325-04:00,reconstructed_kalshi,kalshi,KXHIGHNY-26JUN21-T80,SELL,Limit,1.0,0.87,0.87,0.008,0.0,0.0,0,aba1abbc-4ec0-4895-a979-9d5f44cdc61e,reconstructed_from_kalshi_api,lane2,,live_v10,YES,,,,,
481,2026-06-20T21:37:59.882989-04:00,reconstructed_kalshi,kalshi,KXLOWTLAX-26JUN21-T61,SELL,Limit,1.0,0.88,0.88,0.0074,0.0,0.0,0,d5079a4a-a3c2-4a33-80eb-3366fe415238,reconstructed_from_kalshi_api,lane2,,live_v10,YES,,,,,
480,2026-06-20T21:38:06.896869-04:00,reconstructed_kalshi,kalshi,KXLOWTLAX-26JUN21-T61,BUY,Limit,1.0,0.14,0.14,0.0085,0.0,0.0,0,26ccf9ba-0e4d-4644-bc1d-4793ca1e00bc,reconstructed_from_kalshi_api,lane2,,live_v10,YES,,,,,
479,2026-06-20T21:38:07.315067-04:00,reconstructed_kalshi,kalshi,KXHIGHNY-26JUN21-T80,BUY,Limit,1.0,0.14,0.14,0.0085,0.0,0.0,0,c4312b32-a5f1-4d1a-b9ea-c6ec6bb02e67,reconstructed_from_kalshi_api,lane2,,live_v10,YES,,,,,
478,2026-06-20T21:50:12.983208-04:00,reconstructed_kalshi,kalshi,KXHIGHNY-26JUN21-T80,SELL,Limit,1.0,0.87,0.87,0.008,0.0,0.0,0,5296e68a-4e52-47bf-846d-09c0b22ab8c3,reconstructed_from_kalshi_api,lane2,,live_v10,YES,,,,,
477,2026-06-20T21:50:13.682637-04:00,reconstructed_kalshi,kalshi,KXLOWTLAX-26JUN21-T61,SELL,Limit,1.0,0.88,0.88,0.0074,0.0,0.0,0,70c64d9e-90e2-47e4-b21f-d477f69be358,reconstructed_from_kalshi_api,lane2,,live_v10,YES,,,,,
476,2026-06-20T21:50:20.357204-04:00,reconstructed_kalshi,kalshi,KXLOWTLAX-26JUN21-T61,BUY,Limit,1.0,0.14,0.14,0.0085,0.0,0.0,0,6278a5e1-f150-419a-9873-9225139d770d,reconstructed_from_kalshi_api,lane2,,live_v10,YES,,,,,
475,2026-06-20T21:50:20.770302-04:00,reconstructed_kalshi,kalshi,KXHIGHNY-26JUN21-T80,BUY,Limit,1.0,0.14,0.14,0.0085,0.0,0.0,0,56ec390d-2d48-4307-96e2-66df644c42dd,reconstructed_from_kalshi_api,lane2,,live_v10,YES,,,,,
474,2026-06-20T22:02:29.184953-04:00,reconstructed_kalshi,kalshi,KXHIGHNY-26JUN21-T80,SELL,Limit,1.0,0.86,0.86,0.0085,0.0,0.0,0,a48a7488-f7ee-4976-8299-de0d23a50b61,reconstructed_from_kalshi_api,lane2,,live_v10,YES,,,,,
473,2026-06-20T22:02:29.862792-04:00,reconstructed_kalshi,kalshi,KXLOWTLAX-26JUN21-T61,SELL,Limit,1.0,0.87,0.87,0.008,0.0,0.0,0,04bef8fb-44ed-474c-9360-2ef7692547a4,reconstructed_from_kalshi_api,lane2,,live_v10,YES,,,,,
472,2026-06-20T22:02:36.526671-04:00,reconstructed_kalshi,kalshi,KXLOWTLAX-26JUN21-T61,BUY,Limit,1.0,0.14,0.14,0.0085,0.0,0.0,0,30a128aa-1470-4b59-b49c-58ed3f120854,reconstructed_from_kalshi_api,lane2,,live_v10,YES,,,,,
471,2026-06-20T22:02:36.908804-04:00,reconstructed_kalshi,kalshi,KXHIGHNY-26JUN21-T80,BUY,Limit,1.0,0.15,0.15,0.009,0.0,0.0,0,6b843171-0240-42bd-87c3-a8159c7ca2d9,reconstructed_from_kalshi_api,lane2,,live_v10,YES,,,,,
470,2026-06-20T22:08:43.327359-04:00,reconstructed_kalshi,kalshi,KXTEMPNYCH-26JUN2023-T69.99,SELL,Limit,26.0,0.04,1.04,0.0699,0.0,0.0,0,6ff80c18-1439-4771-9b80-854fe234172f,reconstructed_from_kalshi_api,lane2,,live_v10,YES,,,,,
469,2026-06-20T22:14:53.285584-04:00,reconstructed_kalshi,kalshi,KXHIGHTSFO-26JUN21-T72,BUY,Limit,8.0,0.09,0.72,0.0459,0.0,0.0,0,815df716-0088-4a59-b2c3-f8f07055c1d4,reconstructed_from_kalshi_api,lane2,,live_v10,YES,,,,,
468,2026-06-20T22:14:53.957489-04:00,reconstructed_kalshi,kalshi,KXHIGHNY-26JUN21-T80,SELL,Limit,1.0,0.87,0.87,0.008,0.0,0.0,0,cb3bba2e-cc14-49dd-ac51-2e450b707863,reconstructed_from_kalshi_api,lane2,,live_v10,YES,,,,,
467,2026-06-20T22:14:54.635127-04:00,reconstructed_kalshi,kalshi,KXLOWTLAX-26JUN21-T61,SELL,Limit,1.0,0.88,0.88,0.0074,0.0,0.0,0,3ba157dd-6695-4099-af30-82a5b4c3fbbc,reconstructed_from_kalshi_api,lane2,,live_v10,YES,,,,,
466,2026-06-20T22:15:01.002836-04:00,reconstructed_kalshi,kalshi,KXLOWTLAX-26JUN21-T61,BUY,Limit,1.0,0.14,0.14,0.0085,0.0,0.0,0,cc57594f-6294-4e6b-a2df-00934edbc6f4,reconstructed_from_kalshi_api,lane2,,live_v10,YES,,,,,
465,2026-06-20T22:15:01.464269-04:00,reconstructed_kalshi,kalshi,KXHIGHNY-26JUN21-T80,BUY,Limit,1.0,0.14,0.14,0.0085,0.0,0.0,0,5e738f1c-4186-449b-a93d-1ba92370283a,reconstructed_from_kalshi_api,lane2,,live_v10,YES,,,,,
464,2026-06-20T22:27:06.884042-04:00,reconstructed_kalshi,kalshi,KXHIGHNY-26JUN21-T80,SELL,Limit,1.0,0.89,0.89,0.0069,0.0,0.0,0,5f74f6da-bbe0-4ed1-ab06-528a3af3416e,reconstructed_from_kalshi_api,lane2,,live_v10,YES,,,,,
463,2026-06-20T22:27:07.570228-04:00,reconstructed_kalshi,kalshi,KXLOWTLAX-26JUN21-T61,SELL,Limit,1.0,0.88,0.88,0.0074,0.0,0.0,0,803f0dbb-acc4-484f-939b-47be8e23c539,reconstructed_from_kalshi_api,lane2,,live_v10,YES,,,,,
462,2026-06-20T22:27:13.835378-04:00,reconstructed_kalshi,kalshi,KXLOWTLAX-26JUN21-T61,BUY,Limit,1.0,0.14,0.14,0.0085,0.0,0.0,0,ae13dbbb-7b7b-4cfe-bd76-455a8afe8392,reconstructed_from_kalshi_api,lane2,,live_v10,YES,,,,,
461,2026-06-20T22:27:14.240498-04:00,reconstructed_kalshi,kalshi,KXHIGHNY-26JUN21-T80,BUY,Limit,1.0,0.14,0.14,0.0085,0.0,0.0,0,c83fc1ce-3dcc-416a-b3ba-24ccaf3ad1b8,reconstructed_from_kalshi_api,lane2,,live_v10,YES,,,,,
460,2026-06-20T22:39:24.889337-04:00,reconstructed_kalshi,kalshi,KXLOWTLAX-26JUN21-T61,SELL,Limit,1.0,0.88,0.88,0.0074,0.0,0.0,0,4fa8e51e-32ab-4350-a2cb-5ea910be8344,reconstructed_from_kalshi_api,lane2,,live_v10,YES,,,,,
459,2026-06-20T22:39:31.095956-04:00,reconstructed_kalshi,kalshi,KXLOWTLAX-26JUN21-T61,BUY,Limit,1.0,0.15,0.15,0.009,0.0,0.0,0,d5328925-d79e-4dd6-83a4-2f2b3198bb51,reconstructed_from_kalshi_api,lane2,,live_v10,YES,,,,,
458,2026-06-20T22:51:39.983625-04:00,reconstructed_kalshi,kalshi,KXLOWTLAX-26JUN21-T61,SELL,Limit,1.0,0.88,0.88,0.0074,0.0,0.0,0,40b62ab1-e8d0-476f-99d0-561ab40bc58d,reconstructed_from_kalshi_api,lane2,,live_v10,YES,,,,,
457,2026-06-20T22:51:46.017314-04:00,reconstructed_kalshi,kalshi,KXLOWTLAX-26JUN21-T61,BUY,Limit,1.0,0.15,0.15,0.009,0.0,0.0,0,e12720c8-e3c7-49e5-b246-0da779aab2c9,reconstructed_from_kalshi_api,lane2,,live_v10,YES,,,,,
456,2026-06-20T23:03:48.503976-04:00,reconstructed_kalshi,kalshi,KXTEMPNYCH-26JUN2100-T72.99,BUY,Limit,2.0,0.04,0.08,0.0054,0.0,0.0,0,b646071d-3c92-49dc-b634-d984940f6844,reconstructed_from_kalshi_api,lane2,,live_v10,YES,,,,,
455,2026-06-20T23:09:57.959167-04:00,reconstructed_kalshi,kalshi,KXTEMPNYCH-26JUN2100-T70.99,SELL,Limit,4.0,0.15,0.6,0.0357,0.0,0.0,0,70b9832d-f4af-47fa-9290-75f90778037b,reconstructed_from_kalshi_api,lane2,,live_v10,YES,,,,,
454,2026-06-20T23:16:08.478090-04:00,reconstructed_kalshi,kalshi,KXHIGHCHI-26JUN21-T69,BUY,Limit,1.0,0.15,0.15,0.009,0.0,0.0,0,a793d11a-5740-4282-8c7f-a7db8afad5ae,reconstructed_from_kalshi_api,lane2,,live_v10,YES,,,,,
453,2026-06-20T23:21:50.556656-04:00,reconstructed_kalshi,kalshi,KXLOWTOKC-26JUN21-T75,SELL,Limit,4.0,0.83,3.32,0.0396,0.0,0.0,0,9a810bab-ee0c-4182-bb65-a75cdfd70ba7,reconstructed_from_kalshi_api,lane2,,live_v10,YES,,,,,
452,2026-06-20T23:27:54.351424-04:00,reconstructed_kalshi,kalshi,KXLOWTATL-26JUN21-T71,SELL,Limit,4.0,0.8,3.2,0.0448,0.0,0.0,0,4b50f739-4578-4164-8b37-5d3710f76473,reconstructed_from_kalshi_api,lane2,,live_v10,YES,,,,,
451,2026-06-20T23:28:10.149529-04:00,reconstructed_kalshi,kalshi,KXHIGHCHI-26JUN21-T69,SELL,Limit,1.0,0.88,0.88,0.0074,0.0,0.0,0,5f4e3c90-135f-49ed-93e8-0b38d215f457,reconstructed_from_kalshi_api,lane2,,live_v10,YES,,,,,
450,2026-06-20T23:28:16.225569-04:00,reconstructed_kalshi,kalshi,KXHIGHCHI-26JUN21-T69,BUY,Limit,1.0,0.15,0.15,0.009,0.0,0.0,0,dd06d8a9-7795-48c8-ad39-b0dbf8788809,reconstructed_from_kalshi_api,lane2,,live_v10,YES,,,,,
449,2026-06-20T23:28:16.628406-04:00,reconstructed_kalshi,kalshi,KXLOWTMIA-26JUN20-T74,BUY,Limit,2.0,0.12,0.24,0.0148,0.0,0.0,0,20a522f7-b5e6-4654-a5dd-d5ed6a7e2a7f,reconstructed_from_kalshi_api,lane2,,live_v10,YES,,,,,
448,2026-06-20T23:40:28.796286-04:00,reconstructed_kalshi,kalshi,KXHIGHCHI-26JUN21-T69,SELL,Limit,1.0,0.86,0.86,0.0085,0.0,0.0,0,94de5cf1-cea7-4e47-84c9-04d950289062,reconstructed_from_kalshi_api,lane2,,live_v10,YES,,,,,
447,2026-06-20T23:40:35.252106-04:00,reconstructed_kalshi,kalshi,KXHIGHCHI-26JUN21-T69,BUY,Limit,1.0,0.15,0.15,0.009,0.0,0.0,0,9ed9c97c-0e52-453b-a251-b2878c80251f,reconstructed_from_kalshi_api,lane2,,live_v10,YES,,,,,
446,2026-06-20T23:52:39.429152-04:00,reconstructed_kalshi,kalshi,KXHIGHCHI-26JUN21-T69,SELL,Limit,1.0,0.86,0.86,0.0085,0.0,0.0,0,d57fd252-5d62-42da-8e18-92a40520ab46,reconstructed_from_kalshi_api,lane2,,live_v10,YES,,,,,
445,2026-06-20T23:52:45.205301-04:00,reconstructed_kalshi,kalshi,KXHIGHCHI-26JUN21-T69,BUY,Limit,1.0,0.15,0.15,0.009,0.0,0.0,0,bb59555d-72ed-4ce6-8fd4-e1387c0bfe0a,reconstructed_from_kalshi_api,lane2,,live_v10,YES,,,,,
444,2026-06-21T00:04:37.333820-04:00,reconstructed_kalshi,kalshi,KXTEMPNYCH-26JUN2101-T65.99,SELL,Limit,1.0,0.11,0.11,0.0069,0.0,0.0,0,b98b31b5-065f-45bd-ae29-642c1d4a75ea,reconstructed_from_kalshi_api,lane2,,live_v10,YES,,,,,
443,2026-06-21T00:16:42.502498-04:00,reconstructed_kalshi,kalshi,KXTEMPNYCH-26JUN2101-T65.99,BUY,Limit,1.0,0.99,0.99,0.0007,0.0,0.0,0,86b77641-8a24-4db9-b955-a9b770809ec3,reconstructed_from_kalshi_api,lane2,,live_v10,YES,,,,,
442,2026-06-21T00:16:54.343411-04:00,reconstructed_kalshi,kalshi,KXHIGHAUS-26JUN21-T92,BUY,Limit,2.0,0.64,1.28,0.0323,0.0,0.0,0,5f1d12a2-ad1c-4680-a8a6-b408b95fc391,reconstructed_from_kalshi_api,lane2,,live_v10,YES,,,,,
441,2026-06-21T00:16:55.008578-04:00,reconstructed_kalshi,kalshi,KXHIGHNY-26JUN21-T80,SELL,Limit,1.0,0.89,0.89,0.0069,0.0,0.0,0,d204ff3b-547d-4ed4-bf93-e02e9ef8f91d,reconstructed_from_kalshi_api,lane2,,live_v10,YES,,,,,
440,2026-06-21T00:17:00.368016-04:00,reconstructed_kalshi,kalshi,KXHIGHNY-26JUN21-T80,BUY,Limit,1.0,0.13,0.13,0.008,0.0,0.0,0,216d5979-5dd9-438b-aa85-7a8155364977,reconstructed_from_kalshi_api,lane2,,live_v10,YES,,,,,
439,2026-06-21T00:22:38.229586-04:00,reconstructed_kalshi,kalshi,KXLOWTSEA-26JUN21-T54,SELL,Limit,7.0,0.92,6.44,0.0361,0.0,0.0,0,4ccc85e1-ad17-4319-b995-0224649f19b3,reconstructed_from_kalshi_api,lane2,,live_v10,YES,,,,,
438,2026-06-21T00:22:50.279506-04:00,reconstructed_kalshi,kalshi,KXLOWTLAX-26JUN21-T61,SELL,Limit,1.0,0.89,0.89,0.0069,0.0,0.0,0,c7e44b75-d9a7-4d40-bead-ba479349cce2,reconstructed_from_kalshi_api,lane2,,live_v10,YES,,,,,
437,2026-06-21T00:22:55.411203-04:00,reconstructed_kalshi,kalshi,KXLOWTLAX-26JUN21-T61,BUY,Limit,1.0,0.14,0.14,0.0085,0.0,0.0,0,d3cd3c6d-99f1-404f-aacd-cd0b11a0ac4a,reconstructed_from_kalshi_api,lane2,,live_v10,YES,,,,,
436,2026-06-21T00:28:33.138189-04:00,reconstructed_kalshi,kalshi,KXLOWTNYC-26JUN21-T67,SELL,Limit,6.0,0.9500000000000001,5.7,0.02,0.0,0.0,0,c8e939f7-9e2b-4cd4-9ff9-bbe6bdfd8e7c,reconstructed_from_kalshi_api,lane2,,live_v10,YES,,,,,
435,2026-06-21T00:28:43.456704-04:00,reconstructed_kalshi,kalshi,KXLOWTATL-26JUN21-T71,SELL,Limit,1.0,0.66,0.66,0.0158,0.0,0.0,0,62e82077-9e23-40c7-a7ee-07c47e4ec049,reconstructed_from_kalshi_api,lane2,,live_v10,YES,,,,,
434,2026-06-21T00:28:44.118849-04:00,reconstructed_kalshi,kalshi,KXHIGHNY-26JUN21-T80,SELL,Limit,1.0,0.89,0.89,0.0069,0.0,0.0,0,ec62b849-a4a6-46c7-b141-1e3b8daff3dc,reconstructed_from_kalshi_api,lane2,,live_v10,YES,,,,,
433,2026-06-21T00:28:49.245432-04:00,reconstructed_kalshi,kalshi,KXHIGHNY-26JUN21-T80,BUY,Limit,1.0,0.13,0.13,0.008,0.0,0.0,0,068c6f3f-a67c-4d44-ae97-4f9981b691cb,reconstructed_from_kalshi_api,lane2,,live_v10,YES,,,,,
432,2026-06-21T00:34:35.764041-04:00,reconstructed_kalshi,kalshi,KXHIGHCHI-26JUN21-T69,SELL,Limit,1.0,0.92,0.92,0.0052,0.0,0.0,0,0bce5d0d-050c-49a3-8136-bce964153cd9,reconstructed_from_kalshi_api,lane2,,live_v10,YES,,,,,
431,2026-06-21T00:34:36.461301-04:00,reconstructed_kalshi,kalshi,KXLOWTSEA-26JUN21-T54,BUY,Limit,6.0,0.09000000000000001,0.54,0.0344,0.0,0.0,0,60f1908f-0242-4401-b019-3a750b6cdb88,reconstructed_from_kalshi_api,lane2,,live_v10,YES,,,,,
430,2026-06-21T00:34:41.545894-04:00,reconstructed_kalshi,kalshi,KXHIGHCHI-26JUN21-T69,BUY,Limit,1.0,0.1,0.1,0.0063,0.0,0.0,0,37dfe019-47c7-460c-bc2f-9f457915ef83,reconstructed_from_kalshi_api,lane2,,live_v10,YES,,,,,
429,2026-06-21T00:40:18.398841-04:00,reconstructed_kalshi,kalshi,KXLOWTSEA-26JUN21-T54,SELL,Limit,6.0,0.9199999999999999,5.52,0.031,0.0,0.0,0,60195369-ef98-4c93-81f8-377094e113c0,reconstructed_from_kalshi_api,lane2,,live_v10,YES,,,,,
428,2026-06-21T00:40:29.322652-04:00,reconstructed_kalshi,kalshi,KXHIGHNY-26JUN21-T80,SELL,Limit,1.0,0.89,0.89,0.0069,0.0,0.0,0,6cb213e3-5a3f-4678-832c-6c032a9f2ecb,reconstructed_from_kalshi_api,lane2,,live_v10,YES,,,,,
427,2026-06-21T00:40:34.654853-04:00,reconstructed_kalshi,kalshi,KXHIGHNY-26JUN21-T80,BUY,Limit,1.0,0.12,0.12,0.0074,0.0,0.0,0,8b6c96e0-4a5a-41b2-8fc6-91d2bc12c5d9,reconstructed_from_kalshi_api,lane2,,live_v10,YES,,,,,
426,2026-06-21T00:52:15.518192-04:00,reconstructed_kalshi,kalshi,KXHIGHNY-26JUN21-T80,SELL,Limit,1.0,0.88,0.88,0.0074,0.0,0.0,0,47bce480-be01-4b61-964e-7d5db466957f,reconstructed_from_kalshi_api,lane2,,live_v10,YES,,,,,
425,2026-06-21T00:52:16.198160-04:00,reconstructed_kalshi,kalshi,KXHIGHCHI-26JUN21-T69,SELL,Limit,1.0,0.9,0.9,0.0063,0.0,0.0,0,3173bf4f-8e6f-45dc-9d16-d73ec3747a04,reconstructed_from_kalshi_api,lane2,,live_v10,YES,,,,,
424,2026-06-21T00:52:21.290502-04:00,reconstructed_kalshi,kalshi,KXHIGHCHI-26JUN21-T69,BUY,Limit,1.0,0.11,0.11,0.0069,0.0,0.0,0,14edda0d-7511-407c-b1ab-77836358e451,reconstructed_from_kalshi_api,lane2,,live_v10,YES,,,,,
423,2026-06-21T00:52:21.686674-04:00,reconstructed_kalshi,kalshi,KXHIGHNY-26JUN21-T80,BUY,Limit,1.0,0.15,0.15,0.009,0.0,0.0,0,3c626838-cc12-44d9-aa3a-d1453ec338ac,reconstructed_from_kalshi_api,lane2,,live_v10,YES,,,,,
422,2026-06-21T00:58:11.204571-04:00,reconstructed_kalshi,kalshi,KXLOWTLAX-26JUN21-T61,SELL,Limit,1.0,0.88,0.88,0.0074,0.0,0.0,0,6e2191a0-4bda-4630-8cfe-0244010593f3,reconstructed_from_kalshi_api,lane2,,live_v10,YES,,,,,
421,2026-06-21T00:58:16.362938-04:00,reconstructed_kalshi,kalshi,KXLOWTLAX-26JUN21-T61,BUY,Limit,1.0,0.14,0.14,0.0085,0.0,0.0,0,ff972240-38dd-4a36-8330-c1538735b940,reconstructed_from_kalshi_api,lane2,,live_v10,YES,,,,,
420,2026-06-21T01:04:01.540826-04:00,reconstructed_kalshi,kalshi,KXTEMPNYCH-26JUN2102-T67.99,SELL,Limit,13.0,0.11,1.43,0.0891,0.0,0.0,0,c7d33ba3-39bc-40b8-b4f0-3922c1d235af,reconstructed_from_kalshi_api,lane2,,live_v10,YES,,,,,
419,2026-06-21T01:04:02.253360-04:00,reconstructed_kalshi,kalshi,KXHIGHNY-26JUN21-T80,SELL,Limit,1.0,0.89,0.89,0.0069,0.0,0.0,0,d5448bb9-7554-49ad-86bb-377f187a75fa,reconstructed_from_kalshi_api,lane2,,live_v10,YES,,,,,
418,2026-06-21T01:04:02.983743-04:00,reconstructed_kalshi,kalshi,KXHIGHCHI-26JUN21-T69,SELL,Limit,1.0,0.89,0.89,0.0069,0.0,0.0,0,afadbd38-77d3-4489-950a-77ad5597cf98,reconstructed_from_kalshi_api,lane2,,live_v10,YES,,,,,
417,2026-06-21T01:04:08.272295-04:00,reconstructed_kalshi,kalshi,KXHIGHCHI-26JUN21-T69,BUY,Limit,1.0,0.12,0.12,0.0074,0.0,0.0,0,b14791c9-c9fe-4626-bdf3-637388af77c4,reconstructed_from_kalshi_api,lane2,,live_v10,YES,,,,,
416,2026-06-21T01:04:08.685094-04:00,reconstructed_kalshi,kalshi,KXHIGHNY-26JUN21-T80,BUY,Limit,1.0,0.12,0.12,0.0074,0.0,0.0,0,8a56db42-4934-4049-8d31-de5a0591ef20,reconstructed_from_kalshi_api,lane2,,live_v10,YES,,,,,
415,2026-06-21T01:09:56.866312-04:00,reconstructed_kalshi,kalshi,KXTEMPNYCH-26JUN2102-T69.99,BUY,Limit,19.0,0.07,1.33,0.0866,0.0,0.0,0,7d558a18-9352-49ba-8be7-eb982cf7fdbc,reconstructed_from_kalshi_api,lane2,,live_v10,YES,,,,,
414,2026-06-21T01:15:50.161745-04:00,reconstructed_kalshi,kalshi,KXHIGHNY-26JUN21-T80,SELL,Limit,1.0,0.87,0.87,0.008,0.0,0.0,0,fa34db31-8fe7-4930-ad74-92c3b526c695,reconstructed_from_kalshi_api,lane2,,live_v10,YES,,,,,
413,2026-06-21T01:15:50.834036-04:00,reconstructed_kalshi,kalshi,KXHIGHCHI-26JUN21-T69,SELL,Limit,1.0,0.88,0.88,0.0074,0.0,0.0,0,8399bd2e-b8b0-4932-9b66-a406b4c487ab,reconstructed_from_kalshi_api,lane2,,live_v10,YES,,,,,
412,2026-06-21T01:15:55.660370-04:00,reconstructed_kalshi,kalshi,KXHIGHCHI-26JUN21-T69,BUY,Limit,1.0,0.13,0.13,0.008,0.0,0.0,0,cbb22f30-03e1-47c2-af17-d14fc065966a,reconstructed_from_kalshi_api,lane2,,live_v10,YES,,,,,
411,2026-06-21T01:15:56.063354-04:00,reconstructed_kalshi,kalshi,KXHIGHNY-26JUN21-T80,BUY,Limit,1.0,0.15,0.15,0.009,0.0,0.0,0,d588c39b-ad68-4ae2-a52c-c234d43e44d4,reconstructed_from_kalshi_api,lane2,,live_v10,YES,,,,,
410,2026-06-21T01:15:58.154178-04:00,reconstructed_kalshi,kalshi,KXLOWTDAL-26JUN21-T77,BUY,Limit,1.0,0.14,0.14,0.0085,0.0,0.0,0,cee67c1e-36e3-42d7-8346-d1ac7fa5d5eb,reconstructed_from_kalshi_api,lane2,,live_v10,YES,,,,,
409,2026-06-21T01:21:44.796093-04:00,reconstructed_kalshi,kalshi,KXTEMPNYCH-26JUN2102-T67.99,BUY,Limit,1.0,0.48,0.48,0.0175,0.0,0.0,0,d8999832-e9f0-4636-9321-96500f04afdc,reconstructed_from_kalshi_api,lane2,,live_v10,YES,,,,,
408,2026-06-21T01:27:29.183572-04:00,reconstructed_kalshi,kalshi,KXHIGHNY-26JUN21-T80,SELL,Limit,1.0,0.86,0.86,0.0085,0.0,0.0,0,bc2294e7-b01c-43c9-9b78-e309d11d0a3b,reconstructed_from_kalshi_api,lane2,,live_v10,YES,,,,,
407,2026-06-21T01:27:29.849287-04:00,reconstructed_kalshi,kalshi,KXHIGHCHI-26JUN21-T69,SELL,Limit,1.0,0.88,0.88,0.0074,0.0,0.0,0,4592c688-c106-4112-b76a-8beb95d24152,reconstructed_from_kalshi_api,lane2,,live_v10,YES,,,,,
406,2026-06-21T01:27:35.169509-04:00,reconstructed_kalshi,kalshi,KXHIGHCHI-26JUN21-T69,BUY,Limit,1.0,0.13,0.13,0.008,0.0,0.0,0,51e1efda-da95-4a44-a992-09e1fecc9396,reconstructed_from_kalshi_api,lane2,,live_v10,YES,,,,,
405,2026-06-21T01:27:35.664894-04:00,reconstructed_kalshi,kalshi,KXTEMPNYCH-26JUN2102-T67.99,BUY,Limit,1.0,0.54,0.54,0.0174,0.0,0.0,0,72603d4c-732d-412c-8431-958f9c918d43,reconstructed_from_kalshi_api,lane2,,live_v10,YES,,,,,
404,2026-06-21T01:39:11.328069-04:00,reconstructed_kalshi,kalshi,KXHIGHCHI-26JUN21-T69,SELL,Limit,1.0,0.88,0.88,0.0074,0.0,0.0,0,533aea19-bc4d-4221-af7a-6d2f086f381f,reconstructed_from_kalshi_api,lane2,,live_v10,YES,,,,,
403,2026-06-21T01:39:16.511577-04:00,reconstructed_kalshi,kalshi,KXHIGHCHI-26JUN21-T69,BUY,Limit,1.0,0.15,0.15,0.009,0.0,0.0,0,2a9d16a3-591b-4d07-831c-31c5ab71e1b0,reconstructed_from_kalshi_api,lane2,,live_v10,YES,,,,,
402,2026-06-21T01:39:16.907993-04:00,reconstructed_kalshi,kalshi,KXTEMPNYCH-26JUN2102-T67.99,BUY,Limit,9.0,0.56,5.04,0.1553,0.0,0.0,0,9f88260f-746b-4d08-a475-188cfb1c4a91,reconstructed_from_kalshi_api,lane2,,live_v10,YES,,,,,
401,2026-06-21T01:50:50.332736-04:00,reconstructed_kalshi,kalshi,KXHIGHCHI-26JUN21-T69,SELL,Limit,1.0,0.88,0.88,0.0074,0.0,0.0,0,70f94c3d-b6ad-438f-b09b-17a8c2446513,reconstructed_from_kalshi_api,lane2,,live_v10,YES,,,,,
400,2026-06-21T01:50:56.167070-04:00,reconstructed_kalshi,kalshi,KXHIGHCHI-26JUN21-T69,BUY,Limit,1.0,0.13,0.13,0.008,0.0,0.0,0,8e08162e-879d-4c8e-ae73-d86438cd16e4,reconstructed_from_kalshi_api,lane2,,live_v10,YES,,,,,
399,2026-06-21T02:02:27.582029-04:00,reconstructed_kalshi,kalshi,KXHIGHCHI-26JUN21-T69,SELL,Limit,1.0,0.9,0.9,0.0063,0.0,0.0,0,d129eacc-2534-41ac-9cd2-6df40fb6c675,reconstructed_from_kalshi_api,lane2,,live_v10,YES,,,,,
398,2026-06-21T02:02:32.359068-04:00,reconstructed_kalshi,kalshi,KXHIGHCHI-26JUN21-T69,BUY,Limit,1.0,0.13,0.13,0.008,0.0,0.0,0,29497eaa-64fd-4695-b137-b53b8e6dacad,reconstructed_from_kalshi_api,lane2,,live_v10,YES,,,,,
397,2026-06-21T02:02:33.217530-04:00,reconstructed_kalshi,kalshi,KXHIGHNY-26JUN21-T80,BUY,Limit,1.0,0.15,0.15,0.009,0.0,0.0,0,d47d152d-2d44-49f4-b5f1-933cf04e4b61,reconstructed_from_kalshi_api,lane2,,live_v10,YES,,,,,
396,2026-06-21T02:08:16.894655-04:00,reconstructed_kalshi,kalshi,KXTEMPNYCH-26JUN2103-T66.99,SELL,Limit,19.0,0.09,1.71,0.109,0.0,0.0,0,80ab67e9-619b-4e2d-b6f6-1cffaa53b4da,reconstructed_from_kalshi_api,lane2,,live_v10,YES,,,,,
395,2026-06-21T02:08:17.587971-04:00,reconstructed_kalshi,kalshi,KXLOWTDAL-26JUN21-T77,SELL,Limit,1.0,0.85,0.85,0.009,0.0,0.0,0,76f0a823-11b9-49a6-98ef-fa05da89ed6c,reconstructed_from_kalshi_api,lane2,,live_v10,YES,,,,,
394,2026-06-21T02:14:03.696071-04:00,reconstructed_kalshi,kalshi,KXHIGHNY-26JUN21-T80,SELL,Limit,1.0,0.87,0.87,0.008,0.0,0.0,0,e3304bd5-816d-47b1-8f7c-2e46fc8c3f84,reconstructed_from_kalshi_api,lane2,,live_v10,YES,,,,,
393,2026-06-21T02:14:04.375350-04:00,reconstructed_kalshi,kalshi,KXHIGHCHI-26JUN21-T69,SELL,Limit,1.0,0.89,0.89,0.0069,0.0,0.0,0,51bbd5eb-42c1-4c0b-a32e-fb4487e34d53,reconstructed_from_kalshi_api,lane2,,live_v10,YES,,,,,
392,2026-06-21T02:14:05.090536-04:00,reconstructed_kalshi,kalshi,KXTEMPNYCH-26JUN2103-T68.99,BUY,Limit,18.0,0.08,1.44,0.0928,0.0,0.0,0,f8a178b1-52fa-4a7d-9787-96a54753d636,reconstructed_from_kalshi_api,lane2,,live_v10,YES,,,,,
391,2026-06-21T02:14:10.476349-04:00,reconstructed_kalshi,kalshi,KXHIGHCHI-26JUN21-T69,BUY,Limit,1.0,0.13,0.13,0.008,0.0,0.0,0,221a6684-c414-4eb4-9690-f6e48957c300,reconstructed_from_kalshi_api,lane2,,live_v10,YES,,,,,
390,2026-06-21T02:14:10.900938-04:00,reconstructed_kalshi,kalshi,KXHIGHNY-26JUN21-T80,BUY,Limit,1.0,0.15,0.15,0.009,0.0,0.0,0,3cc16c11-67e7-470d-a1ee-4ecb7e5bc513,reconstructed_from_kalshi_api,lane2,,live_v10,YES,,,,,
389,2026-06-21T02:25:42.501869-04:00,reconstructed_kalshi,kalshi,KXHIGHNY-26JUN21-T80,SELL,Limit,1.0,0.87,0.87,0.008,0.0,0.0,0,12a2e355-4e6c-4214-9271-cc723e91010a,reconstructed_from_kalshi_api,lane2,,live_v10,YES,,,,,
388,2026-06-21T02:25:43.207226-04:00,reconstructed_kalshi,kalshi,KXHIGHCHI-26JUN21-T69,SELL,Limit,1.0,0.89,0.89,0.0069,0.0,0.0,0,396fdef0-2846-4446-8aad-6d715eae90bb,reconstructed_from_kalshi_api,lane2,,live_v10,YES,,,,,
387,2026-06-21T02:25:47.662178-04:00,reconstructed_kalshi,kalshi,KXHIGHCHI-26JUN21-T69,BUY,Limit,1.0,0.12,0.12,0.0074,0.0,0.0,0,bb0ac16c-8dd9-4f77-9773-131470a40c1e,reconstructed_from_kalshi_api,lane2,,live_v10,YES,,,,,
386,2026-06-21T02:25:48.050089-04:00,reconstructed_kalshi,kalshi,KXHIGHNY-26JUN21-T80,BUY,Limit,1.0,0.15,0.15,0.009,0.0,0.0,0,85857473-84be-4d84-9a40-a6ba1e273017,reconstructed_from_kalshi_api,lane2,,live_v10,YES,,,,,
385,2026-06-21T02:37:20.881994-04:00,reconstructed_kalshi,kalshi,KXHIGHNY-26JUN21-T80,SELL,Limit,1.0,0.87,0.87,0.008,0.0,0.0,0,6de9162b-2bb7-42c4-be2b-6d370e511909,reconstructed_from_kalshi_api,lane2,,live_v10,YES,,,,,
384,2026-06-21T02:37:21.582587-04:00,reconstructed_kalshi,kalshi,KXHIGHCHI-26JUN21-T69,SELL,Limit,1.0,0.9,0.9,0.0063,0.0,0.0,0,4394c43f-8d6f-4b5c-a2a4-f15ed44e06f4,reconstructed_from_kalshi_api,lane2,,live_v10,YES,,,,,
383,2026-06-21T02:37:27.042950-04:00,reconstructed_kalshi,kalshi,KXHIGHCHI-26JUN21-T69,BUY,Limit,1.0,0.12,0.12,0.0074,0.0,0.0,0,593d3aea-aeaa-4641-b61a-062b1a056385,reconstructed_from_kalshi_api,lane2,,live_v10,YES,,,,,
382,2026-06-21T02:37:27.440235-04:00,reconstructed_kalshi,kalshi,KXHIGHNY-26JUN21-T80,BUY,Limit,1.0,0.15,0.15,0.009,0.0,0.0,0,401fd32a-f3ad-495c-bc00-7622e2bf758a,reconstructed_from_kalshi_api,lane2,,live_v10,YES,,,,,
381,2026-06-21T02:48:51.746859-04:00,reconstructed_kalshi,kalshi,KXHIGHNY-26JUN21-T80,SELL,Limit,1.0,0.86,0.86,0.0085,0.0,0.0,0,6eeddd3a-1b9c-4c3d-b41e-ef30d68704e8,reconstructed_from_kalshi_api,lane2,,live_v10,YES,,,,,
380,2026-06-21T02:48:52.446940-04:00,reconstructed_kalshi,kalshi,KXHIGHCHI-26JUN21-T69,SELL,Limit,1.0,0.91,0.91,0.0058,0.0,0.0,0,617c06af-6fe3-4f95-b2cb-b70a731656c4,reconstructed_from_kalshi_api,lane2,,live_v10,YES,,,,,
379,2026-06-21T02:48:57.207199-04:00,reconstructed_kalshi,kalshi,KXHIGHCHI-26JUN21-T69,BUY,Limit,1.0,0.11,0.11,0.0069,0.0,0.0,0,56afec4b-7d15-49c2-a4f4-6bfe26484802,reconstructed_from_kalshi_api,lane2,,live_v10,YES,,,,,
378,2026-06-21T02:48:57.591230-04:00,reconstructed_kalshi,kalshi,KXHIGHNY-26JUN21-T80,BUY,Limit,1.0,0.15,0.15,0.009,0.0,0.0,0,22dd5e59-c83b-4bb3-a329-5dad9c263449,reconstructed_from_kalshi_api,lane2,,live_v10,YES,,,,,
377,2026-06-21T02:48:58.075541-04:00,reconstructed_kalshi,kalshi,KXTEMPNYCH-26JUN2103-T68.99,SELL,Limit,1.0,0.75,0.75,0.0132,0.0,0.0,0,f4c383fb-30bd-4810-acc6-41e0a8fc1c03,reconstructed_from_kalshi_api,lane2,,live_v10,YES,,,,,
376,2026-06-21T03:00:29.287670-04:00,reconstructed_kalshi,kalshi,KXHIGHNY-26JUN21-T80,SELL,Limit,1.0,0.87,0.87,0.008,0.0,0.0,0,a3121e14-18fa-4f67-abf3-d2f6b6d0ee22,reconstructed_from_kalshi_api,lane2,,live_v10,YES,,,,,
375,2026-06-21T03:00:34.483042-04:00,reconstructed_kalshi,kalshi,KXHIGHNY-26JUN21-T80,BUY,Limit,1.0,0.15,0.15,0.009,0.0,0.0,0,e9453273-0846-425f-a770-39fcfd047ab5,reconstructed_from_kalshi_api,lane2,,live_v10,YES,,,,,
374,2026-06-21T03:06:53.335850-04:00,reconstructed_kalshi,kalshi,KXTEMPNYCH-26JUN2104-T66.99,SELL,Limit,19.0,0.06,1.14,0.0751,0.0,0.0,0,074b7742-9969-4c25-821a-249001fc6af5,reconstructed_from_kalshi_api,lane2,,live_v10,YES,,,,,
373,2026-06-21T03:06:54.068116-04:00,reconstructed_kalshi,kalshi,KXLOWTLAX-26JUN21-T61,SELL,Limit,1.0,0.9,0.9,0.0063,0.0,0.0,0,9dbbc42f-f81d-473d-a836-5861a2ea9d32,reconstructed_from_kalshi_api,lane2,,live_v10,YES,,,,,
372,2026-06-21T03:06:58.395420-04:00,reconstructed_kalshi,kalshi,KXLOWTLAX-26JUN21-T61,BUY,Limit,1.0,0.15,0.15,0.009,0.0,0.0,0,dcacdd3f-de66-4359-8981-86c7393df17e,reconstructed_from_kalshi_api,lane2,,live_v10,YES,,,,,
371,2026-06-21T03:12:38.583216-04:00,reconstructed_kalshi,kalshi,KXHIGHNY-26JUN21-T80,SELL,Limit,1.0,0.85,0.85,0.009,0.0,0.0,0,3d1828e1-d86f-466a-b246-ce20174201f0,reconstructed_from_kalshi_api,lane2,,live_v10,YES,,,,,
370,2026-06-21T03:18:28.078232-04:00,reconstructed_kalshi,kalshi,KXLOWTDAL-26JUN21-T77,BUY,Limit,1.0,0.01,0.01,0.0007,0.0,0.0,0,38c18fd6-03bc-4eff-98f1-26847d147787,reconstructed_from_kalshi_api,lane2,,live_v10,YES,,,,,
369,2026-06-21T03:29:58.487620-04:00,reconstructed_kalshi,kalshi,KXLOWTATL-26JUN21-T71,BUY,Limit,1.0,0.01,0.01,0.0007,0.0,0.0,0,dc21521c-f6d8-45fd-859c-d86ce328803a,reconstructed_from_kalshi_api,lane2,,live_v10,YES,,,,,
368,2026-06-21T04:04:14.063677-04:00,reconstructed_kalshi,kalshi,KXTEMPNYCH-26JUN2105-T65.99,SELL,Limit,4.0,0.21,0.84,0.0465,0.0,0.0,0,6bf3aca2-4bb7-45f9-b10e-5008b2238a68,reconstructed_from_kalshi_api,lane2,,live_v10,YES,,,,,
367,2026-06-21T04:04:14.810368-04:00,reconstructed_kalshi,kalshi,KXLOWTLAX-26JUN21-T61,SELL,Limit,1.0,0.82,0.82,0.0104,0.0,0.0,0,63a1f904-452f-4082-9e7a-d60ab448c9b2,reconstructed_from_kalshi_api,lane2,,live_v10,YES,,,,,
366,2026-06-21T04:21:23.938088-04:00,reconstructed_kalshi,kalshi,KXLOWTLAX-26JUN21-T61,BUY,Limit,1.0,0.01,0.01,0.0007,0.0,0.0,0,04dc28a2-3edc-4cba-a910-9b024e220e5f,reconstructed_from_kalshi_api,lane2,,live_v10,YES,,,,,
365,2026-06-21T05:01:47.241552-04:00,reconstructed_kalshi,kalshi,KXTEMPNYCH-26JUN2106-T66.99,BUY,Limit,1.0,0.05,0.05,0.0034,0.0,0.0,0,e6e31cab-12c7-46b9-8f92-861f14262853,reconstructed_from_kalshi_api,lane2,,live_v10,YES,,,,,
364,2026-06-21T05:01:55.219545-04:00,reconstructed_kalshi,kalshi,KXLOWTMIN-26JUN21-T57,BUY,Limit,17.0,0.02,0.34,0.0234,0.0,0.0,0,cc721d79-e8a9-4cd9-a26b-a99e862f36e9,reconstructed_from_kalshi_api,lane2,,live_v10,YES,,,,,
363,2026-06-21T05:07:32.529375-04:00,reconstructed_kalshi,kalshi,KXTEMPNYCH-26JUN2106-T62.99,SELL,Limit,42.0,0.04,1.68,0.1129,0.0,0.0,0,da01633b-72f6-4b35-9cc7-c5c7e2712627,reconstructed_from_kalshi_api,lane2,,live_v10,YES,,,,,
362,2026-06-21T05:07:37.206312-04:00,reconstructed_kalshi,kalshi,KXTEMPNYCH-26JUN2106-T66.99,SELL,Limit,1.0,0.66,0.66,0.0158,0.0,0.0,0,173d7bc7-9624-46f5-9c88-db7d6d7df11b,reconstructed_from_kalshi_api,lane2,,live_v10,YES,,,,,
361,2026-06-21T05:13:17.647287-04:00,reconstructed_kalshi,kalshi,KXTEMPNYCH-26JUN2106-T67.99,BUY,Limit,32.0,0.06,1.92,0.1264,0.0,0.0,0,2b3990a5-e32d-4575-aa99-98e7ddeee388,reconstructed_from_kalshi_api,lane2,,live_v10,YES,,,,,
360,2026-06-21T06:39:56.700677-04:00,reconstructed_kalshi,kalshi,KXTEMPNYCH-26JUN2107-T68.99,BUY,Limit,58.0,0.03,1.74,0.1182,0.0,0.0,0,da28fe45-b0a7-4850-b760-a72a16e0911b,reconstructed_from_kalshi_api,lane2,,live_v10,YES,,,,,
359,2026-06-21T06:45:55.169853-04:00,reconstructed_kalshi,kalshi,KXLOWTDC-26JUN21-T68,SELL,Limit,1.0,0.13,0.13,0.008,0.0,0.0,0,8bf16b57-b3f2-4496-a9aa-180306847fb6,reconstructed_from_kalshi_api,lane2,,live_v10,YES,,,,,
358,2026-06-21T06:57:13.576734-04:00,reconstructed_kalshi,kalshi,KXLOWTDC-26JUN21-T68,SELL,Limit,1.0,0.12,0.12,0.0074,0.0,0.0,0,589b3bb2-92bc-429e-9e9c-00db5abeddc7,reconstructed_from_kalshi_api,lane2,,live_v10,YES,,,,,
357,2026-06-21T07:02:58.456990-04:00,reconstructed_kalshi,kalshi,KXTEMPNYCH-26JUN2108-T69.99,BUY,Limit,2.0,0.04,0.08,0.0054,0.0,0.0,0,4397e029-bcbc-4fdf-8635-37d3c8fb50ea,reconstructed_from_kalshi_api,lane2,,live_v10,YES,,,,,
356,2026-06-21T07:08:44.421061-04:00,reconstructed_kalshi,kalshi,KXTEMPNYCH-26JUN2108-T67.99,SELL,Limit,39.0,0.049999999999999996,1.95,0.1297,0.0,0.0,0,a7744155-0da8-4cef-b976-8e6975b99d42,reconstructed_from_kalshi_api,lane2,,live_v10,YES,,,,,
355,2026-06-21T07:14:30.902358-04:00,reconstructed_kalshi,kalshi,KXTEMPNYCH-26JUN2108-T67.99,BUY,Limit,1.0,0.76,0.76,0.0128,0.0,0.0,0,ed427bbf-7e0c-4ae5-8253-0fc22c25ab64,reconstructed_from_kalshi_api,lane2,,live_v10,YES,,,,,
354,2026-06-21T08:06:01.535965-04:00,reconstructed_kalshi,kalshi,KXTEMPNYCH-26JUN2109-T71.99,BUY,Limit,8.0,0.28,2.24,0.1129,0.0,0.0,0,f426b667-9bf4-47fc-8ff3-45bd739e22eb,reconstructed_from_kalshi_api,lane2,,live_v10,YES,,,,,
353,2026-06-21T08:41:03.555993-04:00,reconstructed_kalshi,kalshi,KXHIGHNY-26JUN21-T80,BUY,Limit,1.0,0.15,0.15,0.009,0.0,0.0,0,639a9020-d185-4737-b88e-2bfc1610d06f,reconstructed_from_kalshi_api,lane2,,live_v10,YES,,,,,
352,2026-06-21T09:03:43.316794-04:00,reconstructed_kalshi,kalshi,KXTEMPNYCH-26JUN2110-T74.99,BUY,Limit,1.0,0.04,0.04,0.0027,0.0,0.0,0,54f8fb17-5c72-42f0-b04d-a53c0e294b64,reconstructed_from_kalshi_api,lane2,,live_v10,YES,,,,,
351,2026-06-21T09:03:44.030640-04:00,reconstructed_kalshi,kalshi,KXHIGHDEN-26JUN21-T86,SELL,Limit,2.0,0.91,1.82,0.0115,0.0,0.0,0,f09d6fb3-8426-4dec-ab9a-999e16231604,reconstructed_from_kalshi_api,lane2,,live_v10,YES,,,,,
350,2026-06-21T09:03:48.769612-04:00,reconstructed_kalshi,kalshi,KXHIGHDEN-26JUN21-T86,BUY,Limit,2.0,0.1,0.2,0.0126,0.0,0.0,0,07a1bb3a-d71f-4d59-aa81-f95a53a92935,reconstructed_from_kalshi_api,lane2,,live_v10,YES,,,,,
349,2026-06-21T09:03:51.345571-04:00,reconstructed_kalshi,kalshi,KXLOWTDEN-26JUN21-T55,BUY,Limit,5.0,0.15,0.75,0.0447,0.0,0.0,0,124fa805-e73b-4ad2-91de-b826eda19295,reconstructed_from_kalshi_api,lane2,,live_v10,YES,,,,,
348,2026-06-21T09:20:57.738787-04:00,reconstructed_kalshi,kalshi,KXHIGHDEN-26JUN21-T86,SELL,Limit,1.0,0.91,0.91,0.0058,0.0,0.0,0,05ad8d2d-ad90-4537-9ae8-819e2609b7ac,reconstructed_from_kalshi_api,lane2,,live_v10,YES,,,,,
347,2026-06-21T09:21:02.386255-04:00,reconstructed_kalshi,kalshi,KXHIGHDEN-26JUN21-T86,BUY,Limit,1.0,0.1,0.1,0.0063,0.0,0.0,0,060b16fd-680a-4c75-83a9-bfc4a6b36ba2,reconstructed_from_kalshi_api,lane2,,live_v10,YES,,,,,
346,2026-06-21T09:26:31.429569-04:00,reconstructed_kalshi,kalshi,KXLOWTDC-26JUN21-T68,BUY,Limit,1.0,0.96,0.96,0.0027,0.0,0.0,0,04a7ec27-9056-4b9d-b89f-8503b393f276,reconstructed_from_kalshi_api,lane2,,live_v10,YES,,,,,
345,2026-06-21T09:49:33.369644-04:00,reconstructed_kalshi,kalshi,KXLOWTDEN-26JUN21-T55,BUY,Limit,6.0,0.13999999999999999,0.84,0.0507,0.0,0.0,0,585e6d06-4244-410b-9a89-419023f140af,reconstructed_from_kalshi_api,lane2,,live_v10,YES,,,,,
344,2026-06-21T09:55:03.429052-04:00,reconstructed_kalshi,kalshi,KXTEMPNYCH-26JUN2110-T74.99,SELL,Limit,1.0,0.01,0.01,0.0007,0.0,0.0,0,c7019850-9b26-447e-b80b-8bfe48feb568,reconstructed_from_kalshi_api,lane2,,live_v10,YES,,,,,
343,2026-06-21T09:55:17.631208-04:00,reconstructed_kalshi,kalshi,KXLOWTDEN-26JUN21-T55,BUY,Limit,4.0,0.15,0.6,0.0357,0.0,0.0,0,3518e88f-7ca3-4de2-b4ad-e38d1a50b743,reconstructed_from_kalshi_api,lane2,,live_v10,YES,,,,,
342,2026-06-21T10:01:13.856798-04:00,reconstructed_kalshi,kalshi,KXTEMPNYCH-26JUN2111-T78.99,BUY,Limit,13.0,0.25,3.25,0.1707,0.0,0.0,0,a29b41ec-da72-416e-a4b5-d93a1993c41e,reconstructed_from_kalshi_api,lane2,,live_v10,YES,,,,,
341,2026-06-21T10:07:18.236463-04:00,reconstructed_kalshi,kalshi,KXLOWTDEN-26JUN21-T55,SELL,Limit,1.0,0.89,0.89,0.0069,0.0,0.0,0,92f0ff3b-bacb-4c36-8137-f4c788d60ca6,reconstructed_from_kalshi_api,lane2,,live_v10,YES,,,,,
340,2026-06-21T10:19:27.052453-04:00,reconstructed_kalshi,kalshi,KXHIGHTSFO-26JUN22-T75,SELL,Limit,2.0,0.88,1.76,0.0148,0.0,0.0,0,74dfac2e-10e3-430d-85aa-385bba610596,reconstructed_from_kalshi_api,lane2,,live_v10,YES,,,,,
339,2026-06-21T10:19:27.749848-04:00,reconstructed_kalshi,kalshi,KXHIGHTMIN-26JUN22-T76,BUY,Limit,1.0,0.08,0.08,0.0052,0.0,0.0,0,342e9a81-5c2d-41b0-ad4c-ce06f574629d,reconstructed_from_kalshi_api,lane2,,live_v10,YES,,,,,
338,2026-06-21T10:19:34.071646-04:00,reconstructed_kalshi,kalshi,KXHIGHTSFO-26JUN22-T75,BUY,Limit,2.0,0.15,0.3,0.0179,0.0,0.0,0,911e62a3-2729-455f-97a2-3c9bfa3fa3f6,reconstructed_from_kalshi_api,lane2,,live_v10,YES,,,,,
337,2026-06-21T10:25:20.944855-04:00,reconstructed_kalshi,kalshi,KXHIGHTMIN-26JUN22-T76,SELL,Limit,1.0,0.98,0.98,0.0014,0.0,0.0,0,10d172fd-d64c-4d57-8583-9522e85be95e,reconstructed_from_kalshi_api,lane2,,live_v10,YES,,,,,
336,2026-06-21T10:25:37.357508-04:00,reconstructed_kalshi,kalshi,KXLOWTLV-26JUN22-T76,SELL,Limit,12.0,0.19999999999999998,2.4,0.1344,0.0,0.0,0,9d3e38e6-f087-4681-84a5-7176dd5deea8,reconstructed_from_kalshi_api,lane2,,live_v10,YES,,,,,
335,2026-06-21T10:25:38.012501-04:00,reconstructed_kalshi,kalshi,KXLOWTDEN-26JUN22-T52,SELL,Limit,6.0,0.64,3.84,0.0968,0.0,0.0,0,ea26d076-b7dd-4a28-a0c1-7032274fe357,reconstructed_from_kalshi_api,lane2,,live_v10,YES,,,,,
334,2026-06-21T10:25:38.695605-04:00,reconstructed_kalshi,kalshi,KXLOWTDC-26JUN22-T71,SELL,Limit,5.0,0.45999999999999996,2.3,0.087,0.0,0.0,0,8ec56745-7053-40ef-b3f4-7c5c56915ae0,reconstructed_from_kalshi_api,lane2,,live_v10,YES,,,,,
333,2026-06-21T10:25:39.383271-04:00,reconstructed_kalshi,kalshi,KXLOWTCHI-26JUN22-T59,SELL,Limit,5.0,0.5700000000000001,2.85,0.0858,0.0,0.0,0,f6605f1d-b188-4938-9c96-3111e9dc277c,reconstructed_from_kalshi_api,lane2,,live_v10,YES,,,,,
332,2026-06-21T10:25:40.044743-04:00,reconstructed_kalshi,kalshi,KXLOWTATL-26JUN22-T74,SELL,Limit,3.0,0.7599999999999999,2.28,0.0384,0.0,0.0,0,3f87f0c9-62a2-454d-9d38-41e7b8fe4b27,reconstructed_from_kalshi_api,lane2,,live_v10,YES,,,,,
331,2026-06-21T10:25:40.739063-04:00,reconstructed_kalshi,kalshi,KXLOWTPHIL-26JUN22-T70,SELL,Limit,3.0,0.79,2.37,0.0349,0.0,0.0,0,c8170e5b-4cf4-4f08-aa93-28ed041b185b,reconstructed_from_kalshi_api,lane2,,live_v10,YES,,,,,
330,2026-06-21T10:25:41.410908-04:00,reconstructed_kalshi,kalshi,KXLOWTSEA-26JUN22-T58,BUY,Limit,8.0,0.27,2.16,0.1104,0.0,0.0,0,1350506d-617f-4ed3-b673-5324b5ba3c94,reconstructed_from_kalshi_api,lane2,,live_v10,YES,,,,,
329,2026-06-21T10:25:42.088663-04:00,reconstructed_kalshi,kalshi,KXLOWTNYC-26JUN22-T68,BUY,Limit,6.0,0.12,0.72,0.0444,0.0,0.0,0,d5d72c58-8e6f-4812-8ebd-db5308e7cb60,reconstructed_from_kalshi_api,lane2,,live_v10,YES,,,,,
328,2026-06-21T10:25:42.788817-04:00,reconstructed_kalshi,kalshi,KXLOWTSATX-26JUN22-T79,SELL,Limit,3.0,0.77,2.31,0.0372,0.0,0.0,0,56584fea-c86a-4702-9bae-1cd7e0033565,reconstructed_from_kalshi_api,lane2,,live_v10,YES,,,,,
327,2026-06-21T10:25:43.481801-04:00,reconstructed_kalshi,kalshi,KXLOWTDAL-26JUN22-T80,BUY,Limit,6.0,0.08,0.48,0.031,0.0,0.0,0,06a61a21-89ce-43f0-b67f-97ea27280a39,reconstructed_from_kalshi_api,lane2,,live_v10,YES,,,,,
326,2026-06-21T10:25:44.185415-04:00,reconstructed_kalshi,kalshi,KXLOWTBOS-26JUN22-T59,SELL,Limit,4.0,0.31,1.24,0.0599,0.0,0.0,0,3a149e07-a9bc-4631-a352-464830518e5b,reconstructed_from_kalshi_api,lane2,,live_v10,YES,,,,,
325,2026-06-21T10:31:55.324288-04:00,reconstructed_kalshi,kalshi,KXHIGHTHOU-26JUN22-T91,BUY,Limit,3.0,0.3,0.9,0.0441,0.0,0.0,0,14d8eb71-45ed-4d16-8fcf-8126d148cfb8,reconstructed_from_kalshi_api,lane2,,live_v10,YES,,,,,
324,2026-06-21T10:31:56.109375-04:00,reconstructed_kalshi,kalshi,KXLOWTMIN-26JUN22-T57,SELL,Limit,2.0,0.46,0.92,0.0348,0.0,0.0,0,a1eb9dbd-b6b5-478e-8d93-136e6ff759d1,reconstructed_from_kalshi_api,lane2,,live_v10,YES,,,,,
323,2026-06-21T10:31:56.828777-04:00,reconstructed_kalshi,kalshi,KXHIGHTOKC-26JUN22-T83,SELL,Limit,2.0,0.67,1.34,0.031,0.0,0.0,0,9b8cdf25-48e1-4739-8dfb-806284274b50,reconstructed_from_kalshi_api,lane2,,live_v10,YES,,,,,
322,2026-06-21T10:31:57.508571-04:00,reconstructed_kalshi,kalshi,KXLOWTDEN-26JUN22-T59,BUY,Limit,5.0,0.15,0.75,0.0447,0.0,0.0,0,a00906d9-945c-4d66-aa91-461c8e8bfc92,reconstructed_from_kalshi_api,lane2,,live_v10,YES,,,,,
321,2026-06-21T10:31:58.186028-04:00,reconstructed_kalshi,kalshi,KXHIGHDEN-26JUN22-T84,SELL,Limit,1.0,0.86,0.86,0.0085,0.0,0.0,0,5e90f1dd-33b6-4ffb-83a1-183d96726c06,reconstructed_from_kalshi_api,lane2,,live_v10,YES,,,,,
320,2026-06-21T10:31:58.874190-04:00,reconstructed_kalshi,kalshi,KXHIGHTSFO-26JUN22-T68,BUY,Limit,1.0,0.32,0.32,0.0153,0.0,0.0,0,82eafd13-8d90-418d-9fa0-531575c26555,reconstructed_from_kalshi_api,lane2,,live_v10,YES,,,,,
319,2026-06-21T10:31:59.547391-04:00,reconstructed_kalshi,kalshi,KXLOWTOKC-26JUN22-T66,BUY,Limit,6.0,0.09999999999999999,0.6,0.0378,0.0,0.0,0,3ccc7866-efcd-4828-9e09-19288821dc2b,reconstructed_from_kalshi_api,lane2,,live_v10,YES,,,,,
318,2026-06-21T10:32:07.026994-04:00,reconstructed_kalshi,kalshi,KXHIGHDEN-26JUN22-T84,BUY,Limit,1.0,0.15,0.15,0.009,0.0,0.0,0,207dad86-6167-494f-bb06-e4f4ef9b8909,reconstructed_from_kalshi_api,lane2,,live_v10,YES,,,,,
317,2026-06-21T10:38:10.799509-04:00,reconstructed_kalshi,kalshi,KXRAINNYC-26JUN22-T0,BUY,Limit,1.0,0.87,0.87,0.008,0.0,0.0,0,9f791af6-6140-4ba3-bb6a-769472166ae9,reconstructed_from_kalshi_api,lane2,,live_v10,YES,,,,,
316,2026-06-21T10:44:24.174129-04:00,reconstructed_kalshi,kalshi,KXLOWTNOLA-26JUN22-T80,BUY,Limit,2.0,0.14,0.28,0.0169,0.0,0.0,0,f8c764f3-ace7-4860-ac7a-194a40977add,reconstructed_from_kalshi_api,lane2,,live_v10,YES,,,,,
315,2026-06-21T10:44:31.355403-04:00,reconstructed_kalshi,kalshi,KXRAINNYC-26JUN22-T0,SELL,Limit,1.0,0.14,0.14,0.0085,0.0,0.0,0,a78815f5-533c-4db3-8a09-2752155a5f94,reconstructed_from_kalshi_api,lane2,,live_v10,YES,,,,,
314,2026-06-21T11:03:02.301018-04:00,reconstructed_kalshi,kalshi,KXTEMPNYCH-26JUN2112-T79.99,BUY,Limit,1.0,0.35,0.35,0.016,0.0,0.0,0,1feaf0bd-9598-4a0d-af04-b28746f20d89,reconstructed_from_kalshi_api,lane2,,live_v10,YES,,,,,
313,2026-06-21T11:15:29.374658-04:00,reconstructed_kalshi,kalshi,KXLOWTDEN-26JUN21-T55,BUY,Limit,1.0,0.15,0.15,0.009,0.0,0.0,0,69d07b19-2574-437f-84e9-1455f380356d,reconstructed_from_kalshi_api,lane2,,live_v10,YES,,,,,
312,2026-06-21T11:27:44.424516-04:00,reconstructed_kalshi,kalshi,KXLOWTOKC-26JUN22-T66,SELL,Limit,6.0,0.94,5.64,0.0237,0.0,0.0,0,51d054fb-f776-47ba-890f-ff9d13bbed3b,reconstructed_from_kalshi_api,lane2,,live_v10,YES,,,,,
311,2026-06-21T11:28:00.603933-04:00,reconstructed_kalshi,kalshi,KXHIGHAUS-26JUN22-T93,BUY,Limit,2.0,0.25,0.5,0.0263,0.0,0.0,0,48e23beb-9f07-48d1-a34a-f14cd766bc2e,reconstructed_from_kalshi_api,lane2,,live_v10,YES,,,,,
310,2026-06-21T11:28:01.451320-04:00,reconstructed_kalshi,kalshi,KXRAINNYC-26JUN22-T0,SELL,Limit,7.0,0.11,0.77,0.048,0.0,0.0,0,d048ae28-1d47-4383-9f30-095afbee67e3,reconstructed_from_kalshi_api,lane2,,live_v10,YES,,,,,
309,2026-06-21T11:33:53.749896-04:00,reconstructed_kalshi,kalshi,KXLOWTDAL-26JUN22-T80,SELL,Limit,6.0,0.94,5.64,0.0237,0.0,0.0,0,d88e4de3-48ef-443d-a080-94849d9d40ca,reconstructed_from_kalshi_api,lane2,,live_v10,YES,,,,,
308,2026-06-21T11:40:16.312905-04:00,reconstructed_kalshi,kalshi,KXLOWTPHX-26JUN21-T78,SELL,Limit,2.0,0.19,0.38,0.0216,0.0,0.0,0,28edaad5-f230-4639-9aa4-d922d6809b49,reconstructed_from_kalshi_api,lane2,,live_v10,YES,,,,,
307,2026-06-21T11:58:25.415701-04:00,reconstructed_kalshi,kalshi,KXLOWTNOLA-26JUN21-T74,SELL,Limit,1.0,0.99,0.99,0.0007,0.0,0.0,0,cd8a2b92-d5b1-47a1-9696-cf7f18dd2856,reconstructed_from_kalshi_api,lane2,,live_v10,YES,,,,,
306,2026-06-21T12:04:50.132962-04:00,reconstructed_kalshi,kalshi,KXTEMPNYCH-26JUN2113-T83.99,BUY,Limit,1.0,0.04,0.04,0.0027,0.0,0.0,0,86044ab3-b7ef-4fc8-a3cd-4731b0158630,reconstructed_from_kalshi_api,lane2,,live_v10,YES,,,,,
305,2026-06-21T13:00:29.220973-04:00,reconstructed_kalshi,kalshi,KXHIGHNY-26JUN21-T80,SELL,Limit,1.0,0.89,0.89,0.0069,0.0,0.0,0,568c13c0-092c-425c-8e49-bcc1385918b8,reconstructed_from_kalshi_api,lane2,,live_v10,YES,,,,,
304,2026-06-21T13:00:36.248775-04:00,reconstructed_kalshi,kalshi,KXHIGHNY-26JUN21-T80,BUY,Limit,1.0,0.14,0.14,0.0085,0.0,0.0,0,e643c959-15e0-41f9-990e-a69eb6868d2a,reconstructed_from_kalshi_api,lane2,,live_v10,YES,,,,,
303,2026-06-21T13:06:39.722411-04:00,reconstructed_kalshi,kalshi,KXTEMPNYCH-26JUN2114-T81.99,BUY,Limit,13.0,0.09,1.17,0.0746,0.0,0.0,0,46656950-64e0-4d2f-84a1-05769875ce8e,reconstructed_from_kalshi_api,lane2,,live_v10,YES,,,,,
302,2026-06-21T14:02:04.277748-04:00,reconstructed_kalshi,kalshi,KXTEMPNYCH-26JUN2115-T82.99,BUY,Limit,1.0,0.04,0.04,0.0027,0.0,0.0,0,f02be4a6-a8ee-4039-811d-f2bb61dc5b0b,reconstructed_from_kalshi_api,lane2,,live_v10,YES,,,,,
301,2026-06-21T15:03:49.426483-04:00,reconstructed_kalshi,kalshi,KXTEMPNYCH-26JUN2116-T82.99,BUY,Limit,1.0,0.09,0.09,0.0058,0.0,0.0,0,4974810f-484f-44f8-b9ce-fe5baf6424c0,reconstructed_from_kalshi_api,lane2,,live_v10,YES,,,,,
300,2026-06-21T16:11:31.154498-04:00,reconstructed_kalshi,kalshi,KXTEMPNYCH-26JUN2117-T82.99,BUY,Limit,2.0,0.2,0.4,0.0224,0.0,0.0,0,855fa9a5-73ea-442a-b042-0bd624a40594,reconstructed_from_kalshi_api,lane2,,live_v10,YES,,,,,
299,2026-06-21T16:29:45.049577-04:00,reconstructed_kalshi,kalshi,KXHIGHTOKC-26JUN21-T94,SELL,Limit,8.0,0.19,1.52,0.0862,0.0,0.0,0,94650554-5224-4f41-9fa7-a00b0b24180f,reconstructed_from_kalshi_api,lane2,,live_v10,YES,,,,,
298,2026-06-21T16:36:13.419291-04:00,reconstructed_kalshi,kalshi,KXHIGHTOKC-26JUN21-T94,SELL,Limit,6.0,0.18999999999999997,1.14,0.0647,0.0,0.0,0,83551394-5a1b-443e-be5f-1f180d5339eb,reconstructed_from_kalshi_api,lane2,,live_v10,YES,,,,,
297,2026-06-21T16:36:14.085531-04:00,reconstructed_kalshi,kalshi,KXLOWTOKC-26JUN21-T68,SELL,Limit,1.0,0.9,0.9,0.0063,0.0,0.0,0,49b608c5-2531-4484-a552-c869c6b53cb0,reconstructed_from_kalshi_api,lane2,,live_v10,YES,,,,,
296,2026-06-21T16:36:20.416953-04:00,reconstructed_kalshi,kalshi,KXLOWTOKC-26JUN21-T68,BUY,Limit,1.0,0.11,0.11,0.0069,0.0,0.0,0,f8fb09ec-36f7-4b77-b73b-f208a943eebc,reconstructed_from_kalshi_api,lane2,,live_v10,YES,,,,,
295,2026-06-21T16:48:32.774492-04:00,reconstructed_kalshi,kalshi,KXLOWTOKC-26JUN21-T68,SELL,Limit,1.0,0.9,0.9,0.0063,0.0,0.0,0,6db91500-db60-4985-8e91-800822d861a9,reconstructed_from_kalshi_api,lane2,,live_v10,YES,,,,,
294,2026-06-21T16:48:38.592048-04:00,reconstructed_kalshi,kalshi,KXLOWTOKC-26JUN21-T68,BUY,Limit,1.0,0.11,0.11,0.0069,0.0,0.0,0,0b43a254-2e9f-470d-9593-e46f8f12ba7b,reconstructed_from_kalshi_api,lane2,,live_v10,YES,,,,,
293,2026-06-21T17:01:14.498825-04:00,reconstructed_kalshi,kalshi,KXRAINNYC-26JUN22-T0,BUY,Limit,7.0,0.99,6.93,0.0049,0.0,0.0,0,000051ad-85d9-4230-af16-21673d8288fa,reconstructed_from_kalshi_api,lane2,,live_v10,YES,,,,,
292,2026-06-21T17:01:32.306455-04:00,reconstructed_kalshi,kalshi,KXHIGHTNOLA-26JUN22-T92,BUY,Limit,2.0,0.21,0.42,0.0233,0.0,0.0,0,e888178e-b74a-439d-a25e-dd86aca53ce1,reconstructed_from_kalshi_api,lane2,,live_v10,YES,,,,,
291,2026-06-21T17:01:32.998639-04:00,reconstructed_kalshi,kalshi,KXHIGHTSEA-26JUN22-T83,BUY,Limit,3.0,0.16,0.48,0.0283,0.0,0.0,0,93eab0a7-4a6d-474a-8cb7-7396be3a6a11,reconstructed_from_kalshi_api,lane2,,live_v10,YES,,,,,
290,2026-06-21T17:01:33.723199-04:00,reconstructed_kalshi,kalshi,KXHIGHTSATX-26JUN22-T91,BUY,Limit,8.0,0.1,0.8,0.0504,0.0,0.0,0,5a08d134-d7aa-45fa-b4ad-947e97ad1cd2,reconstructed_from_kalshi_api,lane2,,live_v10,YES,,,,,
289,2026-06-21T17:01:34.415484-04:00,reconstructed_kalshi,kalshi,KXLOWTAUS-26JUN22-T80,BUY,Limit,1.0,0.13,0.13,0.008,0.0,0.0,0,0d138c6d-d5ed-4def-96f2-488bff2b8665,reconstructed_from_kalshi_api,lane2,,live_v10,YES,,,,,
288,2026-06-21T17:07:44.150462-04:00,reconstructed_kalshi,kalshi,KXTEMPNYCH-26JUN2118-T82.99,BUY,Limit,2.0,0.3,0.6,0.0294,0.0,0.0,0,e51a3ba1-fcf3-4cc0-83d2-6419b283b566,reconstructed_from_kalshi_api,lane2,,live_v10,YES,,,,,
287,2026-06-21T17:07:44.820099-04:00,reconstructed_kalshi,kalshi,KXLOWTMIA-26JUN22-T81,BUY,Limit,3.0,0.11,0.33,0.0206,0.0,0.0,0,0179186e-94b3-4de8-b74f-ca992f2b6611,reconstructed_from_kalshi_api,lane2,,live_v10,YES,,,,,
286,2026-06-21T17:07:45.512710-04:00,reconstructed_kalshi,kalshi,KXRAINNYC-26JUN22-T0,SELL,Limit,1.0,0.02,0.02,0.0014,0.0,0.0,0,eec06bd0-4827-40e2-a4fa-e6c430ef9410,reconstructed_from_kalshi_api,lane2,,live_v10,YES,,,,,
285,2026-06-21T17:13:35.651790-04:00,reconstructed_kalshi,kalshi,KXRAINNYC-26JUN22-T0,BUY,Limit,1.0,0.99,0.99,0.0007,0.0,0.0,0,958ad381-f4c9-4a0b-9873-2ca3b11a7e4c,reconstructed_from_kalshi_api,lane2,,live_v10,YES,,,,,
284,2026-06-21T17:19:56.403048-04:00,reconstructed_kalshi,kalshi,KXRAINNYC-26JUN22-T0,SELL,Limit,23.0,0.04,0.92,0.0619,0.0,0.0,0,e4602dcf-ab70-4027-8bd6-6dd23107b3e3,reconstructed_from_kalshi_api,lane2,,live_v10,YES,,,,,
283,2026-06-21T17:25:47.802656-04:00,reconstructed_kalshi,kalshi,KXRAINNYC-26JUN22-T0,BUY,Limit,23.0,0.99,22.77,0.016,0.0,0.0,0,a503a110-cb38-49cf-a48a-f0dae95b3873,reconstructed_from_kalshi_api,lane2,,live_v10,YES,,,,,
282,2026-06-21T17:32:13.566382-04:00,reconstructed_kalshi,kalshi,KXRAINNYC-26JUN22-T0,SELL,Limit,24.0,0.03,0.72,0.0489,0.0,0.0,0,5c27604b-21bd-4b3b-8f48-3b6bab585a8a,reconstructed_from_kalshi_api,lane2,,live_v10,YES,,,,,
281,2026-06-21T17:38:02.537250-04:00,reconstructed_kalshi,kalshi,KXRAINNYC-26JUN22-T0,BUY,Limit,24.0,0.9900000000000001,23.76,0.0167,0.0,0.0,0,1b8fc7c5-e5a1-4d19-b667-4fb26d821520,reconstructed_from_kalshi_api,lane2,,live_v10,YES,,,,,
280,2026-06-21T17:38:27.730195-04:00,reconstructed_kalshi,kalshi,KXHIGHTSEA-26JUN21-T78,SELL,Limit,2.0,0.13,0.26,0.0159,0.0,0.0,0,29dd99f7-06ac-4340-9ce9-a175cab56bdf,reconstructed_from_kalshi_api,lane2,,live_v10,YES,,,,,
279,2026-06-21T17:44:29.822780-04:00,reconstructed_kalshi,kalshi,KXRAINNYC-26JUN22-T0,SELL,Limit,24.0,0.04,0.96,0.0646,0.0,0.0,0,55dfc03c-cb92-4a1f-af96-dfa46881217b,reconstructed_from_kalshi_api,lane2,,live_v10,YES,,,,,
278,2026-06-21T17:44:36.585942-04:00,reconstructed_kalshi,kalshi,KXHIGHTSEA-26JUN21-T78,SELL,Limit,7.0,0.13,0.91,0.0555,0.0,0.0,0,6582ef9b-4d30-40ba-81f9-9a850269fafb,reconstructed_from_kalshi_api,lane2,,live_v10,YES,,,,,
277,2026-06-21T17:44:41.506800-04:00,reconstructed_kalshi,kalshi,KXHIGHTDAL-26JUN21-T93,SELL,Limit,6.0,0.15,0.9,0.0536,0.0,0.0,0,f4442259-0232-4cf4-9212-cf355d78d830,reconstructed_from_kalshi_api,lane2,,live_v10,YES,,,,,
276,2026-06-21T17:50:24.454007-04:00,reconstructed_kalshi,kalshi,KXRAINNYC-26JUN22-T0,BUY,Limit,24.0,0.9900000000000001,23.76,0.0167,0.0,0.0,0,a98ff2b7-62d6-4eeb-8f0b-c9422456989a,reconstructed_from_kalshi_api,lane2,,live_v10,YES,,,,,
275,2026-06-21T17:56:51.204634-04:00,reconstructed_kalshi,kalshi,KXHIGHTDAL-26JUN21-T93,SELL,Limit,1.0,0.19,0.19,0.0108,0.0,0.0,0,de6fe11b-387d-43d9-9250-508c5943adb6,reconstructed_from_kalshi_api,lane2,,live_v10,YES,,,,,
274,2026-06-21T17:56:51.884857-04:00,reconstructed_kalshi,kalshi,KXRAINNYC-26JUN22-T0,SELL,Limit,25.0,0.03,0.75,0.051,0.0,0.0,0,1b0e4f48-c88c-498c-84cb-dde086bb47e9,reconstructed_from_kalshi_api,lane2,,live_v10,YES,,,,,
273,2026-06-21T18:02:43.861053-04:00,reconstructed_kalshi,kalshi,KXRAINNYC-26JUN22-T0,BUY,Limit,25.0,0.99,24.75,0.0174,0.0,0.0,0,57e5a640-4d1c-4030-9211-df4f1e1d6417,reconstructed_from_kalshi_api,lane2,,live_v10,YES,,,,,
272,2026-06-21T18:03:00.511945-04:00,reconstructed_kalshi,kalshi,KXTEMPNYCH-26JUN2119-T81.99,BUY,Limit,1.0,0.11,0.11,0.0069,0.0,0.0,0,971535f1-a00e-4f44-a5dc-be6559622e64,reconstructed_from_kalshi_api,lane2,,live_v10,YES,,,,,
271,2026-06-21T18:09:10.561346-04:00,reconstructed_kalshi,kalshi,KXRAINNYC-26JUN22-T0,SELL,Limit,47.0,0.03,1.41,0.0959,0.0,0.0,0,da7598c6-a968-4149-9134-a0fa9c2fdb38,reconstructed_from_kalshi_api,lane2,,live_v10,YES,,,,,
270,2026-06-21T18:15:06.114475-04:00,reconstructed_kalshi,kalshi,KXRAINNYC-26JUN22-T0,BUY,Limit,47.0,0.99,46.53,0.0326,0.0,0.0,0,d0b5cc4e-e198-4086-93dc-9ed92d04d526,reconstructed_from_kalshi_api,lane2,,live_v10,YES,,,,,
269,2026-06-21T18:15:23.662152-04:00,reconstructed_kalshi,kalshi,KXLOWTDAL-26JUN22-T73,BUY,Limit,7.0,0.11,0.77,0.048,0.0,0.0,0,fd5763a6-1174-46a2-b113-e98aade5df31,reconstructed_from_kalshi_api,lane2,,live_v10,YES,,,,,
268,2026-06-21T18:21:32.569531-04:00,reconstructed_kalshi,kalshi,KXRAINNYC-26JUN22-T0,SELL,Limit,41.0,0.04,1.64,0.1103,0.0,0.0,0,f5a9ad12-fb2e-4145-9607-86bce3a2ba66,reconstructed_from_kalshi_api,lane2,,live_v10,YES,,,,,
267,2026-06-21T18:27:28.060906-04:00,reconstructed_kalshi,kalshi,KXRAINNYC-26JUN22-T0,BUY,Limit,41.0,0.9900000000000001,40.59,0.0285,0.0,0.0,0,1638d583-c049-43ee-b842-1fb7dcd6a7c8,reconstructed_from_kalshi_api,lane2,,live_v10,YES,,,,,
266,2026-06-21T18:33:53.214834-04:00,reconstructed_kalshi,kalshi,KXRAINNYC-26JUN22-T0,SELL,Limit,38.0,0.04,1.52,0.1022,0.0,0.0,0,d1b72dca-2150-4449-92c6-72051f4674f3,reconstructed_from_kalshi_api,lane2,,live_v10,YES,,,,,
265,2026-06-21T18:39:44.797946-04:00,reconstructed_kalshi,kalshi,KXRAINNYC-26JUN22-T0,BUY,Limit,38.0,0.9899999999999999,37.62,0.0264,0.0,0.0,0,c52062a2-e8e5-4535-bec7-bb5546a00aa9,reconstructed_from_kalshi_api,lane2,,live_v10,YES,,,,,
264,2026-06-21T18:46:16.716576-04:00,reconstructed_kalshi,kalshi,KXLOWTDC-26JUN21-T68,SELL,Limit,4.0,0.1,0.4,0.0252,0.0,0.0,0,05eadb70-0548-40c2-8230-bf61dc832eb0,reconstructed_from_kalshi_api,lane2,,live_v10,YES,,,,,
263,2026-06-21T18:52:30.541298-04:00,reconstructed_kalshi,kalshi,KXHIGHTSEA-26JUN21-T78,BUY,Limit,1.0,0.87,0.87,0.008,0.0,0.0,0,98e506a4-d532-44d5-917e-0861464e7658,reconstructed_from_kalshi_api,lane2,,live_v10,YES,,,,,
262,2026-06-21T18:52:37.054020-04:00,reconstructed_kalshi,kalshi,KXHIGHTSEA-26JUN21-T78,SELL,Limit,1.0,0.15,0.15,0.009,0.0,0.0,0,ad10a942-d178-4059-8507-5780db922dd3,reconstructed_from_kalshi_api,lane2,,live_v10,YES,,,,,
261,2026-06-21T19:04:49.863599-04:00,reconstructed_kalshi,kalshi,KXTEMPNYCH-26JUN2120-T81.99,BUY,Limit,31.0,0.030000000000000002,0.93,0.0632,0.0,0.0,0,db1762b2-55e6-4950-8fa4-c9a13149f29c,reconstructed_from_kalshi_api,lane2,,live_v10,YES,,,,,
260,2026-06-21T19:04:50.564471-04:00,reconstructed_kalshi,kalshi,KXHIGHTSEA-26JUN21-T78,BUY,Limit,1.0,0.86,0.86,0.0085,0.0,0.0,0,9936fe6c-64dc-40c6-8659-3d33a3b3d3c6,reconstructed_from_kalshi_api,lane2,,live_v10,YES,,,,,
259,2026-06-21T19:04:51.263207-04:00,reconstructed_kalshi,kalshi,KXRAINNYC-26JUN22-T0,SELL,Limit,13.0,0.02,0.26,0.0179,0.0,0.0,0,5d154b79-5419-4d42-b516-377e9a381de4,reconstructed_from_kalshi_api,lane2,,live_v10,YES,,,,,
258,2026-06-21T19:10:49.544359-04:00,reconstructed_kalshi,kalshi,KXRAINNYC-26JUN22-T0,BUY,Limit,13.0,0.99,12.87,0.0091,0.0,0.0,0,44a63181-a1a0-412e-af06-8de06a492c58,reconstructed_from_kalshi_api,lane2,,live_v10,YES,,,,,
257,2026-06-21T19:11:08.549534-04:00,reconstructed_kalshi,kalshi,KXTEMPNYCH-26JUN2120-T75.99,SELL,Limit,2.0,0.92,1.84,0.0104,0.0,0.0,0,728a519b-4758-4c1e-bc26-bf1789b8bb4f,reconstructed_from_kalshi_api,lane2,,live_v10,YES,,,,,
256,2026-06-21T19:17:04.959340-04:00,reconstructed_kalshi,kalshi,KXLOWTHOU-26JUN21-T74,SELL,Limit,6.0,0.9900000000000001,5.94,0.0042,0.0,0.0,0,9f4f7bf3-893f-4c62-b157-af16d74674be,reconstructed_from_kalshi_api,lane2,,live_v10,YES,,,,,
255,2026-06-21T19:29:39.834129-04:00,reconstructed_kalshi,kalshi,KXRAINNYC-26JUN22-T0,SELL,Limit,4.0,0.02,0.08,0.0055,0.0,0.0,0,04fe10f5-3761-4cff-9d21-e8785965341a,reconstructed_from_kalshi_api,lane2,,live_v10,YES,,,,,
254,2026-06-21T19:35:31.057518-04:00,reconstructed_kalshi,kalshi,KXRAINNYC-26JUN22-T0,BUY,Limit,4.0,0.99,3.96,0.0028,0.0,0.0,0,710e65fe-17f5-4bd3-a745-088e9abd50c8,reconstructed_from_kalshi_api,lane2,,live_v10,YES,,,,,
253,2026-06-21T19:41:59.446477-04:00,reconstructed_kalshi,kalshi,KXRAINNYC-26JUN22-T0,SELL,Limit,37.0,0.030000000000000002,1.11,0.0754,0.0,0.0,0,2003c585-8cac-444b-a39e-0575b2016926,reconstructed_from_kalshi_api,lane2,,live_v10,YES,,,,,
252,2026-06-21T19:48:15.340521-04:00,reconstructed_kalshi,kalshi,KXRAINNYC-26JUN22-T0,BUY,Limit,37.0,0.9900000000000001,36.63,0.0257,0.0,0.0,0,5a2feda1-ecf2-4df5-879c-dae2692da064,reconstructed_from_kalshi_api,lane2,,live_v10,YES,,,,,
251,2026-06-21T19:48:35.356474-04:00,reconstructed_kalshi,kalshi,KXHIGHTSEA-26JUN21-T78,SELL,Limit,1.0,0.15,0.15,0.009,0.0,0.0,0,3760d62c-3750-48e8-9972-a11d7826d450,reconstructed_from_kalshi_api,lane2,,live_v10,YES,,,,,
250,2026-06-21T19:54:42.440414-04:00,reconstructed_kalshi,kalshi,KXRAINNYC-26JUN22-T0,SELL,Limit,13.0,0.030000000000000002,0.39,0.0265,0.0,0.0,0,55db7725-6b54-4a0e-9baa-8d01c1598a73,reconstructed_from_kalshi_api,lane2,,live_v10,YES,,,,,
249,2026-06-21T20:00:55.679320-04:00,reconstructed_kalshi,kalshi,KXRAINNYC-26JUN22-T0,BUY,Limit,13.0,0.99,12.87,0.0091,0.0,0.0,0,06bf0388-dd03-47fb-8f13-763f795f1718,reconstructed_from_kalshi_api,lane2,,live_v10,YES,,,,,
248,2026-06-21T20:07:32.366133-04:00,reconstructed_kalshi,kalshi,KXTEMPNYCH-26JUN2121-T72.99,SELL,Limit,4.0,0.13,0.52,0.0317,0.0,0.0,0,26c844d1-e2b7-4cd1-8b5c-1154c9b35827,reconstructed_from_kalshi_api,lane2,,live_v10,YES,,,,,
247,2026-06-21T20:07:33.079895-04:00,reconstructed_kalshi,kalshi,KXRAINNYC-26JUN22-T0,SELL,Limit,26.0,0.04,1.04,0.0699,0.0,0.0,0,bdc2c316-54d8-49c6-ab78-47fceb20d79c,reconstructed_from_kalshi_api,lane2,,live_v10,YES,,,,,
246,2026-06-21T20:13:24.488337-04:00,reconstructed_kalshi,kalshi,KXRAINNYC-26JUN22-T0,BUY,Limit,26.0,0.99,25.74,0.0181,0.0,0.0,0,1c45cc8a-5ff9-47de-b331-1686819e5fe7,reconstructed_from_kalshi_api,lane2,,live_v10,YES,,,,,
245,2026-06-21T20:13:40.771781-04:00,reconstructed_kalshi,kalshi,KXTEMPNYCH-26JUN2121-T81.99,BUY,Limit,20.0,0.03,0.6,0.0408,0.0,0.0,0,cc7bbc84-cddc-47b6-b880-26cd6626dbbc,reconstructed_from_kalshi_api,lane2,,live_v10,YES,,,,,
244,2026-06-21T20:13:49.781879-04:00,reconstructed_kalshi,kalshi,KXHIGHTOKC-26JUN22-T83,BUY,Limit,2.0,0.14,0.28,0.0169,0.0,0.0,0,e3779cd0-cb84-49f2-92cb-4d534977d470,reconstructed_from_kalshi_api,lane2,,live_v10,YES,,,,,
243,2026-06-21T20:19:58.557000-04:00,reconstructed_kalshi,kalshi,KXRAINNYC-26JUN22-T0,SELL,Limit,56.0,0.02,1.12,0.0769,0.0,0.0,0,834c60c2-d761-485b-adf4-9022f971c811,reconstructed_from_kalshi_api,lane2,,live_v10,YES,,,,,
242,2026-06-21T20:25:54.439627-04:00,reconstructed_kalshi,kalshi,KXRAINNYC-26JUN22-T0,BUY,Limit,56.0,0.99,55.44,0.0389,0.0,0.0,0,cc03fbb3-f506-40b3-acad-075ce145c414,reconstructed_from_kalshi_api,lane2,,live_v10,YES,,,,,
241,2026-06-21T20:32:23.669763-04:00,reconstructed_kalshi,kalshi,KXRAINNYC-26JUN22-T0,SELL,Limit,34.0,0.03,1.02,0.0693,0.0,0.0,0,0986bf48-3ff8-4ffb-89bf-ede4074c0a7c,reconstructed_from_kalshi_api,lane2,,live_v10,YES,,,,,
240,2026-06-21T20:38:19.630479-04:00,reconstructed_kalshi,kalshi,KXRAINNYC-26JUN22-T0,BUY,Limit,34.0,0.9899999999999999,33.66,0.0236,0.0,0.0,0,b67f3c66-3560-412d-a0a8-f06e0d09aa0b,reconstructed_from_kalshi_api,lane2,,live_v10,YES,,,,,
239,2026-06-21T20:44:45.583164-04:00,reconstructed_kalshi,kalshi,KXRAINNYC-26JUN22-T0,SELL,Limit,31.0,0.030000000000000002,0.93,0.0632,0.0,0.0,0,a23bfd50-09a0-4c2b-8f0d-b8c362d5181b,reconstructed_from_kalshi_api,lane2,,live_v10,YES,,,,,
238,2026-06-21T20:50:40.096560-04:00,reconstructed_kalshi,kalshi,KXRAINNYC-26JUN22-T0,BUY,Limit,31.0,0.98,30.38,0.0426,0.0,0.0,0,d4691b6a-4019-4629-a9a9-2e726209a314,reconstructed_from_kalshi_api,lane2,,live_v10,YES,,,,,
237,2026-06-21T20:57:09.735483-04:00,reconstructed_kalshi,kalshi,KXRAINNYC-26JUN22-T0,SELL,Limit,30.0,0.030000000000000002,0.9,0.0612,0.0,0.0,0,59c5d836-f0f9-4604-89e9-c1a450c63cf4,reconstructed_from_kalshi_api,lane2,,live_v10,YES,,,,,
236,2026-06-21T21:03:25.940205-04:00,reconstructed_kalshi,kalshi,KXTEMPNYCH-26JUN2122-T69.99,SELL,Limit,1.0,0.31,0.31,0.015,0.0,0.0,0,7f7d6cfe-6c52-469a-8d62-d8f56008f455,reconstructed_from_kalshi_api,lane2,,live_v10,YES,,,,,
235,2026-06-21T21:28:16.948737-04:00,reconstructed_kalshi,kalshi,KXTEMPNYCH-26JUN2122-T78.99,BUY,Limit,4.0,0.1,0.4,0.0252,0.0,0.0,0,2839e241-2b55-4a5b-ab53-7396fa261579,reconstructed_from_kalshi_api,lane2,,live_v10,YES,,,,,
234,2026-06-21T22:23:28.555171-04:00,reconstructed_kalshi,kalshi,KXRAINNYC-26JUN22-T0,BUY,Limit,30.0,0.98,29.4,0.0412,0.0,0.0,0,febfbf3d-2c4f-423f-a5a0-6d9b5c9d815b,reconstructed_from_kalshi_api,lane2,,live_v10,YES,,,,,
233,2026-06-21T22:30:07.088321-04:00,reconstructed_kalshi,kalshi,KXRAINNYC-26JUN22-T0,SELL,Limit,27.0,0.030000000000000002,0.81,0.055,0.0,0.0,0,121cf0cd-0ab3-4e67-95ca-9f6d6e838577,reconstructed_from_kalshi_api,lane2,,live_v10,YES,,,,,
232,2026-06-21T22:36:05.930153-04:00,reconstructed_kalshi,kalshi,KXRAINNYC-26JUN22-T0,BUY,Limit,27.0,0.98,26.46,0.0372,0.0,0.0,0,571a8f77-1b6e-4180-a245-a996342aafa0,reconstructed_from_kalshi_api,lane2,,live_v10,YES,,,,,
231,2026-06-21T22:36:23.444576-04:00,reconstructed_kalshi,kalshi,KXTEMPNYCH-26JUN2123-T73.99,BUY,Limit,1.0,0.16,0.16,0.0095,0.0,0.0,0,67127df9-e0b0-4d3f-9b17-f94d5b70c02f,reconstructed_from_kalshi_api,lane2,,live_v10,YES,,,,,
230,2026-06-21T22:42:38.615335-04:00,reconstructed_kalshi,kalshi,KXRAINNYC-26JUN22-T0,SELL,Limit,35.0,0.02,0.7,0.0481,0.0,0.0,0,ce36f2c6-5523-423a-b1c7-ceb1f9025bd9,reconstructed_from_kalshi_api,lane2,,live_v10,YES,,,,,
229,2026-06-21T22:48:33.504019-04:00,reconstructed_kalshi,kalshi,KXRAINNYC-26JUN22-T0,BUY,Limit,35.0,0.99,34.65,0.0244,0.0,0.0,0,363a936a-8e9f-4c83-9aab-b9fc40c207da,reconstructed_from_kalshi_api,lane2,,live_v10,YES,,,,,
228,2026-06-21T22:48:59.589020-04:00,reconstructed_kalshi,kalshi,KXLOWTCHI-26JUN22-T59,BUY,Limit,5.0,0.13999999999999999,0.7,0.0422,0.0,0.0,0,376c077b-aeca-4a33-bc1f-d7849485cd45,reconstructed_from_kalshi_api,lane2,,live_v10,YES,,,,,
227,2026-06-21T22:54:56.521447-04:00,reconstructed_kalshi,kalshi,KXRAINNYC-26JUN22-T0,SELL,Limit,51.0,0.02,1.02,0.0701,0.0,0.0,0,ee6cbf42-b667-476d-a9ff-1dba9e9cc8ee,reconstructed_from_kalshi_api,lane2,,live_v10,YES,,,,,
226,2026-06-21T23:00:54.355058-04:00,reconstructed_kalshi,kalshi,KXRAINNYC-26JUN22-T0,BUY,Limit,51.0,0.99,50.49,0.0355,0.0,0.0,0,c347564e-042b-46a8-9c7a-3bd403be077a,reconstructed_from_kalshi_api,lane2,,live_v10,YES,,,,,
225,2026-06-21T23:01:09.641322-04:00,reconstructed_kalshi,kalshi,KXLOWTCHI-26JUN22-T59,BUY,Limit,3.0,0.13999999999999999,0.42,0.0253,0.0,0.0,0,c0f14e37-4789-4e91-8cc9-d4b7b5cc59cd,reconstructed_from_kalshi_api,lane2,,live_v10,YES,,,,,
224,2026-06-21T23:07:15.859963-04:00,reconstructed_kalshi,kalshi,KXTEMPNYCH-26JUN2200-T71.99,SELL,Limit,4.0,0.11,0.44,0.0275,0.0,0.0,0,a65a98dd-b92f-4eb4-a3ac-645e62af21ac,reconstructed_from_kalshi_api,lane2,,live_v10,YES,,,,,
223,2026-06-21T23:07:16.564904-04:00,reconstructed_kalshi,kalshi,KXRAINNYC-26JUN22-T0,SELL,Limit,46.0,0.02,0.92,0.0632,0.0,0.0,0,4410e10c-190f-4924-a2b3-3a90b791714f,reconstructed_from_kalshi_api,lane2,,live_v10,YES,,,,,
222,2026-06-21T23:13:13.195195-04:00,reconstructed_kalshi,kalshi,KXRAINNYC-26JUN22-T0,BUY,Limit,46.0,0.99,45.54,0.0319,0.0,0.0,0,1838287e-be35-4180-b618-3d6a32b3b2da,reconstructed_from_kalshi_api,lane2,,live_v10,YES,,,,,
221,2026-06-21T23:19:30.979226-04:00,reconstructed_kalshi,kalshi,KXTEMPNYCH-26JUN2200-T73.99,BUY,Limit,7.0,0.06999999999999999,0.49,0.0319,0.0,0.0,0,ba6b118d-fb8c-45fe-bd85-a2be1d3b34c7,reconstructed_from_kalshi_api,lane2,,live_v10,YES,,,,,
220,2026-06-21T23:19:31.631938-04:00,reconstructed_kalshi,kalshi,KXRAINNYC-26JUN22-T0,SELL,Limit,42.0,0.02,0.84,0.0577,0.0,0.0,0,30f7dcfb-21ed-42d5-88be-a2acd76c0921,reconstructed_from_kalshi_api,lane2,,live_v10,YES,,,,,
219,2026-06-21T23:25:22.852839-04:00,reconstructed_kalshi,kalshi,KXRAINNYC-26JUN22-T0,BUY,Limit,42.0,0.99,41.58,0.0292,0.0,0.0,0,9317f498-9816-46fb-b304-db1f47fc0bdf,reconstructed_from_kalshi_api,lane2,,live_v10,YES,,,,,
218,2026-06-21T23:25:36.814372-04:00,reconstructed_kalshi,kalshi,KXLOWTHOU-26JUN22-T81,BUY,Limit,3.0,0.13,0.39,0.0238,0.0,0.0,0,0e250f7d-368f-4ccb-8eae-99856f50847e,reconstructed_from_kalshi_api,lane2,,live_v10,YES,,,,,
217,2026-06-21T23:25:47.015944-04:00,reconstructed_kalshi,kalshi,KXLOWTATL-26JUN22-T74,BUY,Limit,3.0,0.03,0.09,0.0062,0.0,0.0,0,c32b695b-ad4c-4830-a8a7-f8908f464303,reconstructed_from_kalshi_api,lane2,,live_v10,YES,,,,,
216,2026-06-21T23:31:50.050651-04:00,reconstructed_kalshi,kalshi,KXRAINNYC-26JUN22-T0,SELL,Limit,48.0,0.02,0.96,0.0659,0.0,0.0,0,32cf9da8-f8e6-4669-85a0-bc33692e69fd,reconstructed_from_kalshi_api,lane2,,live_v10,YES,,,,,
215,2026-06-21T23:37:39.793092-04:00,reconstructed_kalshi,kalshi,KXRAINNYC-26JUN22-T0,BUY,Limit,48.0,0.9900000000000001,47.52,0.0333,0.0,0.0,0,007f5269-4449-4ac2-8aed-7d287bac64c0,reconstructed_from_kalshi_api,lane2,,live_v10,YES,,,,,
214,2026-06-21T23:37:57.545434-04:00,reconstructed_kalshi,kalshi,KXTEMPNYCH-26JUN2200-T73.99,SELL,Limit,1.0,0.8,0.8,0.0112,0.0,0.0,0,1bcfe081-d7f0-4b39-b532-63ea7922608c,reconstructed_from_kalshi_api,lane2,,live_v10,YES,,,,,
213,2026-06-21T23:43:54.869451-04:00,reconstructed_kalshi,kalshi,KXRAINNYC-26JUN22-T0,SELL,Limit,5.0,0.02,0.1,0.0069,0.0,0.0,0,13e5197b-39f9-4c19-8a88-926d063fe138,reconstructed_from_kalshi_api,lane2,,live_v10,YES,,,,,
212,2026-06-21T23:44:02.302490-04:00,reconstructed_kalshi,kalshi,KXTEMPNYCH-26JUN2200-T73.99,SELL,Limit,6.0,0.79,4.74,0.0697,0.0,0.0,0,ed8392ba-9704-4fa1-932a-953e46f24184,reconstructed_from_kalshi_api,lane2,,live_v10,YES,,,,,
211,2026-06-21T23:49:45.741409-04:00,reconstructed_kalshi,kalshi,KXRAINNYC-26JUN22-T0,BUY,Limit,5.0,0.99,4.95,0.0035,0.0,0.0,0,c62bfcf5-5be3-4c2e-9f99-fca7f341aa69,reconstructed_from_kalshi_api,lane2,,live_v10,YES,,,,,
210,2026-06-21T23:50:09.937205-04:00,reconstructed_kalshi,kalshi,KXLOWTDEN-26JUN22-T52,BUY,Limit,5.0,0.13,0.65,0.0396,0.0,0.0,0,c7ef270d-f489-4cf0-b79a-7e568aad0058,reconstructed_from_kalshi_api,lane2,,live_v10,YES,,,,,
209,2026-06-21T23:56:06.682510-04:00,reconstructed_kalshi,kalshi,KXLOWTOKC-26JUN22-T66,SELL,Limit,1.0,0.79,0.79,0.0117,0.0,0.0,0,c8de80bb-6db0-4e63-ab6a-c872576536a2,reconstructed_from_kalshi_api,lane2,,live_v10,YES,,,,,
208,2026-06-21T23:56:13.060427-04:00,reconstructed_kalshi,kalshi,KXLOWTDEN-26JUN22-T52,BUY,Limit,1.0,0.12,0.12,0.0074,0.0,0.0,0,7fdda4d8-0999-43ac-9560-02669382ddc9,reconstructed_from_kalshi_api,lane2,,live_v10,YES,,,,,
207,2026-06-22T00:02:08.583072-04:00,reconstructed_kalshi,kalshi,KXTEMPNYCH-26JUN2201-T66.99,SELL,Limit,2.0,0.3,0.6,0.0294,0.0,0.0,0,d70f6218-9ca2-4c2b-9a82-964071286e75,reconstructed_from_kalshi_api,lane2,,live_v10,YES,,,,,
206,2026-06-22T00:08:09.393546-04:00,reconstructed_kalshi,kalshi,KXTEMPNYCH-26JUN2201-T72.99,BUY,Limit,1.0,0.2,0.2,0.0112,0.0,0.0,0,511274d8-2bd3-42c9-b62f-000f477e8e5e,reconstructed_from_kalshi_api,lane2,,live_v10,YES,,,,,
205,2026-06-22T03:27:51.166003-04:00,reconstructed_kalshi,kalshi,KXRAINNYC-26JUN22-T0,SELL,Limit,42.0,0.03,1.26,0.0856,0.0,0.0,0,b0508caf-4a69-420a-99c5-d19b3c8fa5cc,reconstructed_from_kalshi_api,lane2,,live_v10,YES,,,,,
204,2026-06-22T03:33:29.845129-04:00,reconstructed_kalshi,kalshi,KXRAINNYC-26JUN22-T0,BUY,Limit,42.0,0.9799999999999999,41.16,0.0577,0.0,0.0,0,32defa84-7794-4221-9722-e3b678e4e406,reconstructed_from_kalshi_api,lane2,,live_v10,YES,,,,,
203,2026-06-22T03:39:27.717836-04:00,reconstructed_kalshi,kalshi,KXRAINNYC-26JUN22-T0,SELL,Limit,37.0,0.02,0.74,0.0508,0.0,0.0,0,806337f5-3233-460b-911b-a3f3b5620973,reconstructed_from_kalshi_api,lane2,,live_v10,YES,,,,,
202,2026-06-22T03:45:11.494109-04:00,reconstructed_kalshi,kalshi,KXRAINNYC-26JUN22-T0,BUY,Limit,37.0,0.98,36.26,0.0508,0.0,0.0,0,a3aa70e0-be1b-431b-a722-adf477bb9090,reconstructed_from_kalshi_api,lane2,,live_v10,YES,,,,,
201,2026-06-22T03:51:10.445715-04:00,reconstructed_kalshi,kalshi,KXRAINNYC-26JUN22-T0,SELL,Limit,37.0,0.02,0.74,0.0508,0.0,0.0,0,db6cc5dc-76e7-4ef8-8a8d-444e73f5e490,reconstructed_from_kalshi_api,lane2,,live_v10,YES,,,,,
200,2026-06-22T03:56:48.741531-04:00,reconstructed_kalshi,kalshi,KXRAINNYC-26JUN22-T0,BUY,Limit,37.0,0.98,36.26,0.0508,0.0,0.0,0,55252b25-6b0c-4a6a-90eb-b5f307c5d0c5,reconstructed_from_kalshi_api,lane2,,live_v10,YES,,,,,
199,2026-06-22T04:02:43.501041-04:00,reconstructed_kalshi,kalshi,KXTEMPNYCH-26JUN2205-T68.99,SELL,Limit,1.0,0.51,0.51,0.0175,0.0,0.0,0,e0fca219-6c88-4cc3-ae0a-61dd08643f0b,reconstructed_from_kalshi_api,lane2,,live_v10,YES,,,,,
198,2026-06-22T04:02:44.212033-04:00,reconstructed_kalshi,kalshi,KXRAINNYC-26JUN22-T0,SELL,Limit,40.0,0.03,1.2,0.0815,0.0,0.0,0,79006040-7fe5-4a42-8da9-ef9e10aad2ec,reconstructed_from_kalshi_api,lane2,,live_v10,YES,,,,,
197,2026-06-22T04:08:45.641220-04:00,reconstructed_kalshi,kalshi,KXRAINNYC-26JUN22-T0,BUY,Limit,40.0,0.9800000000000001,39.2,0.0549,0.0,0.0,0,3db222ae-e1a8-4e44-851f-b38be7c09243,reconstructed_from_kalshi_api,lane2,,live_v10,YES,,,,,
196,2026-06-22T04:08:54.183944-04:00,reconstructed_kalshi,kalshi,KXHIGHTOKC-26JUN22-T83,BUY,Limit,6.0,0.13,0.78,0.0476,0.0,0.0,0,3f7d7653-79d6-49bf-945c-6bb348eec924,reconstructed_from_kalshi_api,lane2,,live_v10,YES,,,,,
195,2026-06-22T04:32:20.420333-04:00,reconstructed_kalshi,kalshi,KXLOWTSFO-26JUN22-T56,SELL,Limit,2.0,0.63,1.26,0.0327,0.0,0.0,0,3fa90e75-bbd9-48d1-a954-5489707515b6,reconstructed_from_kalshi_api,lane2,,live_v10,YES,,,,,
194,2026-06-22T05:07:14.401715-04:00,reconstructed_kalshi,kalshi,KXTEMPNYCH-26JUN2206-T71.99,BUY,Limit,1.0,0.06,0.06,0.004,0.0,0.0,0,42ea01d8-62ae-4def-8da1-de141f86d2ee,reconstructed_from_kalshi_api,lane2,,live_v10,YES,,,,,
193,2026-06-22T05:07:22.055338-04:00,reconstructed_kalshi,kalshi,KXLOWTMIN-26JUN22-T57,BUY,Limit,2.0,0.02,0.04,0.0028,0.0,0.0,0,f09d6c31-985b-41ca-8444-d460012fae22,reconstructed_from_kalshi_api,lane2,,live_v10,YES,,,,,
192,2026-06-22T06:05:03.005906-04:00,reconstructed_kalshi,kalshi,KXTEMPNYCH-26JUN2207-T73.99,BUY,Limit,1.0,0.04,0.04,0.0027,0.0,0.0,0,d02c7159-8dd4-444d-9971-9c95dd96ac91,reconstructed_from_kalshi_api,lane2,,live_v10,YES,,,,,
191,2026-06-22T07:03:22.922905-04:00,reconstructed_kalshi,kalshi,KXLOWTDEN-26JUN22-T52,SELL,Limit,1.0,0.71,0.71,0.0145,0.0,0.0,0,354a8d75-8e9c-472c-b975-e9a5c0532a00,reconstructed_from_kalshi_api,lane2,,live_v10,YES,,,,,
190,2026-06-22T07:03:23.658671-04:00,reconstructed_kalshi,kalshi,KXTEMPNYCH-26JUN2208-T68.99,SELL,Limit,10.0,0.03,0.3,0.0204,0.0,0.0,0,3005df50-816e-47f8-bb83-34c900d7b5fa,reconstructed_from_kalshi_api,lane2,,live_v10,YES,,,,,
189,2026-06-22T07:38:32.722877-04:00,reconstructed_kalshi,kalshi,KXLOWTSATX-26JUN22-T79,BUY,Limit,3.0,0.01,0.03,0.0021,0.0,0.0,0,621e5c0f-cf29-4d6b-ab56-9d7b9d3b1754,reconstructed_from_kalshi_api,lane2,,live_v10,YES,,,,,
188,2026-06-22T07:44:14.623100-04:00,reconstructed_kalshi,kalshi,KXLOWTLAX-26JUN22-T61,SELL,Limit,1.0,0.63,0.63,0.0164,0.0,0.0,0,af8df7d3-0d34-4c22-b1ab-1fd7bf564642,reconstructed_from_kalshi_api,lane2,,live_v10,YES,,,,,
187,2026-06-22T07:55:54.517387-04:00,reconstructed_kalshi,kalshi,KXLOWTDEN-26JUN22-T52,BUY,Limit,1.0,0.02,0.02,0.0014,0.0,0.0,0,6f30400b-f1cd-4616-979c-49a90dbaf804,reconstructed_from_kalshi_api,lane2,,live_v10,YES,,,,,
186,2026-06-22T08:01:37.132390-04:00,reconstructed_kalshi,kalshi,KXTEMPNYCH-26JUN2209-T74.99,BUY,Limit,1.0,0.04,0.04,0.0027,0.0,0.0,0,79ebcd61-30de-454d-8319-72302dc6ba26,reconstructed_from_kalshi_api,lane2,,live_v10,YES,,,,,
185,2026-06-22T08:13:26.028557-04:00,reconstructed_kalshi,kalshi,KXLOWTSFO-26JUN22-T56,BUY,Limit,2.0,0.01,0.02,0.0014,0.0,0.0,0,1095c198-9d2c-472b-b1f4-609aee0d2a88,reconstructed_from_kalshi_api,lane2,,live_v10,YES,,,,,
184,2026-06-22T08:13:27.035947-04:00,reconstructed_kalshi,kalshi,KXLOWTDAL-26JUN22-T73,SELL,Limit,7.0,0.01,0.07,0.0049,0.0,0.0,0,01a93fe7-ba6f-4d29-8582-0f8ae2beb016,reconstructed_from_kalshi_api,lane2,,live_v10,YES,,,,,
183,2026-06-22T08:48:11.817430-04:00,reconstructed_kalshi,kalshi,KXLOWTOKC-26JUN22-T66,BUY,Limit,1.0,0.14,0.14,0.0085,0.0,0.0,0,6e2ad246-bcc4-4fac-baeb-aa835b7f636c,reconstructed_from_kalshi_api,lane2,,live_v10,YES,,,,,
182,2026-06-22T09:11:16.149859-04:00,reconstructed_kalshi,kalshi,KXTEMPNYCH-26JUN2210-T73.99,BUY,Limit,5.0,0.25,1.25,0.0657,0.0,0.0,0,91e2e5f2-0714-4260-aa1e-b9cb3d1025a0,reconstructed_from_kalshi_api,lane2,,live_v10,YES,,,,,
181,2026-06-22T09:17:02.569545-04:00,reconstructed_kalshi,kalshi,KXHIGHPHIL-26JUN22-T87,SELL,Limit,2.0,0.29,0.58,0.0289,0.0,0.0,0,9dc4d952-8cb7-4981-aafd-862001beff3e,reconstructed_from_kalshi_api,lane2,,live_v10,YES,,,,,
180,2026-06-22T09:40:47.478184-04:00,reconstructed_kalshi,kalshi,KXHIGHTDAL-26JUN22-T94,SELL,Limit,2.0,0.57,1.14,0.0344,0.0,0.0,0,5b111880-71a2-4ec4-839f-de2db8474d6c,reconstructed_from_kalshi_api,lane2,,live_v10,YES,,,,,
179,2026-06-22T09:58:04.865008-04:00,reconstructed_kalshi,kalshi,KXHIGHTBOS-26JUN22-T75,SELL,Limit,2.0,0.71,1.42,0.0289,0.0,0.0,0,68fc1f70-ab22-4825-b066-306b8a4922a2,reconstructed_from_kalshi_api,lane2,,live_v10,YES,,,,,
178,2026-06-22T10:04:12.953240-04:00,reconstructed_kalshi,kalshi,KXHIGHTPHX-26JUN23-T109,BUY,Limit,10.0,0.12,1.2,0.074,0.0,0.0,0,616d6a94-0d30-44af-b808-b825fe3f3b07,reconstructed_from_kalshi_api,lane2,,live_v10,YES,,,,,
177,2026-06-22T10:04:13.696504-04:00,reconstructed_kalshi,kalshi,KXRAINNYC-26JUN23-T0,SELL,Limit,10.0,0.15,1.5,0.0893,0.0,0.0,0,2adcf6ea-c4d6-463b-88f9-069d782bacec,reconstructed_from_kalshi_api,lane2,,live_v10,YES,,,,,
176,2026-06-22T10:10:31.034054-04:00,reconstructed_kalshi,kalshi,KXTEMPNYCH-26JUN2211-T73.99,BUY,Limit,5.0,0.25,1.25,0.0657,0.0,0.0,0,0efc8890-458f-419e-b51e-2ad7450ba03b,reconstructed_from_kalshi_api,lane2,,live_v10,YES,,,,,
175,2026-06-22T10:10:31.804942-04:00,reconstructed_kalshi,kalshi,KXHIGHLAX-26JUN23-T69,BUY,Limit,6.0,0.09999999999999999,0.6,0.0378,0.0,0.0,0,96a97dce-9d59-40f6-8c87-7dc860f52836,reconstructed_from_kalshi_api,lane2,,live_v10,YES,,,,,
174,2026-06-22T10:22:57.269914-04:00,reconstructed_kalshi,kalshi,KXHIGHNY-26JUN23-T78,SELL,Limit,1.0,0.36,0.36,0.0162,0.0,0.0,0,b6c4addc-d9b7-4d00-9860-37d14ebffc3b,reconstructed_from_kalshi_api,lane2,,live_v10,YES,,,,,
173,2026-06-22T10:29:09.181576-04:00,reconstructed_kalshi,kalshi,KXHIGHAUS-26JUN23-T93,BUY,Limit,2.0,0.22,0.44,0.0242,0.0,0.0,0,761cdf1e-c9ed-4628-a8f1-9fa5ec198e05,reconstructed_from_kalshi_api,lane2,,live_v10,YES,,,,,
172,2026-06-22T10:35:21.124211-04:00,reconstructed_kalshi,kalshi,KXHIGHTSATX-26JUN23-T91,BUY,Limit,2.0,0.13,0.26,0.016,0.0,0.0,0,cedc76b4-4198-4d67-8353-cb9399f19175,reconstructed_from_kalshi_api,lane2,,live_v10,YES,,,,,
171,2026-06-22T10:54:05.778239-04:00,reconstructed_kalshi,kalshi,KXLOWTDEN-26JUN23-T55,SELL,Limit,2.0,0.67,1.34,0.031,0.0,0.0,0,bfdbcf07-ab2a-418c-838d-5dd59e68569e,reconstructed_from_kalshi_api,lane2,,live_v10,YES,,,,,
170,2026-06-22T10:54:06.495365-04:00,reconstructed_kalshi,kalshi,KXLOWTLAX-26JUN23-T62,SELL,Limit,1.0,0.77,0.77,0.0124,0.0,0.0,0,2c22691d-cd4b-4329-95aa-915d3a039453,reconstructed_from_kalshi_api,lane2,,live_v10,YES,,,,,
169,2026-06-22T10:54:07.208060-04:00,reconstructed_kalshi,kalshi,KXHIGHTDAL-26JUN23-T94,BUY,Limit,2.0,0.24,0.48,0.0256,0.0,0.0,0,48490d51-fdea-41a1-bf00-0dbef190dee5,reconstructed_from_kalshi_api,lane2,,live_v10,YES,,,,,
168,2026-06-22T10:54:08.063966-04:00,reconstructed_kalshi,kalshi,KXLOWTAUS-26JUN23-T79,BUY,Limit,4.0,0.1,0.4,0.0252,0.0,0.0,0,6ce0c999-1203-4d94-a2a9-c3329d01ef2f,reconstructed_from_kalshi_api,lane2,,live_v10,YES,,,,,
167,2026-06-22T11:00:26.472599-04:00,reconstructed_kalshi,kalshi,KXLOWTLV-26JUN23-T79,SELL,Limit,3.0,0.38999999999999996,1.17,0.05,0.0,0.0,0,0a3a74da-c3e5-495e-9de6-287050610b36,reconstructed_from_kalshi_api,lane2,,live_v10,YES,,,,,
166,2026-06-22T11:00:27.192075-04:00,reconstructed_kalshi,kalshi,KXLOWTPHIL-26JUN23-T71,SELL,Limit,1.0,0.66,0.66,0.0158,0.0,0.0,0,d3b75db6-48e7-4d25-97b5-3d0740c3ee57,reconstructed_from_kalshi_api,lane2,,live_v10,YES,,,,,
165,2026-06-22T11:00:27.901844-04:00,reconstructed_kalshi,kalshi,KXLOWTPHX-26JUN23-T84,SELL,Limit,1.0,0.37,0.37,0.0164,0.0,0.0,0,1c132739-61dc-4826-913b-ae4820e1e1e1,reconstructed_from_kalshi_api,lane2,,live_v10,YES,,,,,
164,2026-06-22T11:00:28.846813-04:00,reconstructed_kalshi,kalshi,KXHIGHTHOU-26JUN23-T92,BUY,Limit,6.0,0.12,0.72,0.0444,0.0,0.0,0,b5e3d1db-fb0e-4349-869c-4a80704ca1b2,reconstructed_from_kalshi_api,lane2,,live_v10,YES,,,,,
163,2026-06-22T11:06:50.334053-04:00,reconstructed_kalshi,kalshi,KXTEMPNYCH-26JUN2212-T71.99,BUY,Limit,6.0,0.98,5.88,0.0083,0.0,0.0,0,5b57e468-e2dd-463a-bb85-f8a2737e57a5,reconstructed_from_kalshi_api,lane2,,live_v10,YES,,,,,
162,2026-06-22T11:51:01.321771-04:00,reconstructed_kalshi,kalshi,KXHIGHTDAL-26JUN22-T94,BUY,Limit,1.0,0.14,0.14,0.0085,0.0,0.0,0,e954c38c-8470-4d57-a738-b9ab7927a80f,reconstructed_from_kalshi_api,lane2,,live_v10,YES,,,,,
161,2026-06-22T11:56:46.867289-04:00,reconstructed_kalshi,kalshi,KXHIGHTDAL-26JUN22-T94,BUY,Limit,1.0,0.08,0.08,0.0052,0.0,0.0,0,d659a6b6-5d04-43f6-ba35-0f76e1d292b3,reconstructed_from_kalshi_api,lane2,,live_v10,YES,,,,,
160,2026-06-22T11:57:03.684598-04:00,reconstructed_kalshi,kalshi,KXHIGHTDAL-26JUN22-T94,BUY,Limit,2.0,0.08,0.16,0.0104,0.0,0.0,0,c86f9e4e-547e-481c-a879-fcb0f1f6de23,reconstructed_from_kalshi_api,lane2,,live_v10,YES,,,,,
159,2026-06-22T12:03:15.070188-04:00,reconstructed_kalshi,kalshi,KXTEMPNYCH-26JUN2213-T72.99,BUY,Limit,1.0,0.04,0.04,0.0027,0.0,0.0,0,b6f9a038-c8d9-469f-83b6-5856db00a70c,reconstructed_from_kalshi_api,lane2,,live_v10,YES,,,,,
158,2026-06-22T12:28:54.593542-04:00,reconstructed_kalshi,kalshi,KXRAINNYC-26JUN23-T0,BUY,Limit,10.0,0.99,9.9,0.007,0.0,0.0,0,f0e18c56-32cc-4c5a-9011-474648e375a0,reconstructed_from_kalshi_api,lane2,,live_v10,YES,,,,,
157,2026-06-22T12:35:32.684711-04:00,reconstructed_kalshi,kalshi,KXRAINNYC-26JUN23-T0,SELL,Limit,26.0,0.02,0.52,0.0358,0.0,0.0,0,bfbccd3b-5c7a-43f1-923e-bb1cc847f8fa,reconstructed_from_kalshi_api,lane2,,live_v10,YES,,,,,
156,2026-06-22T12:41:31.987752-04:00,reconstructed_kalshi,kalshi,KXRAINNYC-26JUN23-T0,BUY,Limit,26.0,0.98,25.48,0.0357,0.0,0.0,0,f740f9df-602c-4909-9e50-694fca7bb381,reconstructed_from_kalshi_api,lane2,,live_v10,YES,,,,,
155,2026-06-22T12:42:01.168741-04:00,reconstructed_kalshi,kalshi,KXLOWTMIA-26JUN22-T81,SELL,Limit,1.0,0.15,0.15,0.009,0.0,0.0,0,675ce37e-68de-43d5-9156-fab1ab2639cb,reconstructed_from_kalshi_api,lane2,,live_v10,YES,,,,,
154,2026-06-22T12:47:48.011892-04:00,reconstructed_kalshi,kalshi,KXLOWTMIA-26JUN22-T81,SELL,Limit,2.0,0.18,0.36,0.0207,0.0,0.0,0,f07b72bc-b9bd-4505-9c39-c248b7891fa4,reconstructed_from_kalshi_api,lane2,,live_v10,YES,,,,,
153,2026-06-22T12:48:05.507396-04:00,reconstructed_kalshi,kalshi,KXHIGHTBOS-26JUN23-T74,SELL,Limit,1.0,0.19,0.19,0.0108,0.0,0.0,0,cf8b0e84-1699-4551-9056-978f496b5623,reconstructed_from_kalshi_api,lane2,,live_v10,YES,,,,,
152,2026-06-22T12:48:06.245099-04:00,reconstructed_kalshi,kalshi,KXRAINNYC-26JUN23-T0,SELL,Limit,30.0,0.02,0.6,0.0412,0.0,0.0,0,4700c8d7-d02c-48a5-89db-90e61cf90c84,reconstructed_from_kalshi_api,lane2,,live_v10,YES,,,,,
151,2026-06-22T12:54:05.424600-04:00,reconstructed_kalshi,kalshi,KXRAINNYC-26JUN23-T0,BUY,Limit,30.0,0.98,29.4,0.0412,0.0,0.0,0,8551e468-14b3-4a39-a479-2658e60ce90a,reconstructed_from_kalshi_api,lane2,,live_v10,YES,,,,,
150,2026-06-22T12:54:23.066042-04:00,reconstructed_kalshi,kalshi,KXLOWTMIA-26JUN22-T81,SELL,Limit,2.0,0.19,0.38,0.0216,0.0,0.0,0,dcb19e3d-bad1-4d5b-ab63-eb48865515a5,reconstructed_from_kalshi_api,lane2,,live_v10,YES,,,,,
149,2026-06-22T13:00:45.872584-04:00,reconstructed_kalshi,kalshi,KXRAINNYC-26JUN23-T0,SELL,Limit,35.0,0.02,0.7,0.0481,0.0,0.0,0,df205850-6edf-4611-a6db-77c84ace804a,reconstructed_from_kalshi_api,lane2,,live_v10,YES,,,,,
148,2026-06-22T13:06:41.527369-04:00,reconstructed_kalshi,kalshi,KXRAINNYC-26JUN23-T0,BUY,Limit,35.0,0.99,34.65,0.0243,0.0,0.0,0,9957c855-1669-4215-8871-fb094d6d258f,reconstructed_from_kalshi_api,lane2,,live_v10,YES,,,,,
147,2026-06-22T13:06:56.833146-04:00,reconstructed_kalshi,kalshi,KXTEMPNYCH-26JUN2214-T71.99,BUY,Limit,1.0,0.06,0.06,0.004,0.0,0.0,0,b04231f3-b0bd-4664-9223-51e2907e3052,reconstructed_from_kalshi_api,lane2,,live_v10,YES,,,,,
146,2026-06-22T13:13:16.080213-04:00,reconstructed_kalshi,kalshi,KXTEMPNYCH-26JUN2214-T68.99,SELL,Limit,2.0,0.15,0.3,0.0179,0.0,0.0,0,e62877d1-810a-4727-be5e-2f02cc259ddc,reconstructed_from_kalshi_api,lane2,,live_v10,YES,,,,,
145,2026-06-22T13:13:16.870463-04:00,reconstructed_kalshi,kalshi,KXRAINNYC-26JUN23-T0,SELL,Limit,33.0,0.02,0.66,0.0453,0.0,0.0,0,3ac1ca1c-b1db-44de-8eb0-f140be28713e,reconstructed_from_kalshi_api,lane2,,live_v10,YES,,,,,
144,2026-06-22T13:19:14.743170-04:00,reconstructed_kalshi,kalshi,KXRAINNYC-26JUN23-T0,BUY,Limit,33.0,0.9900000000000001,32.67,0.0229,0.0,0.0,0,bf7c1f56-8075-450e-a925-0d1e7eaec55e,reconstructed_from_kalshi_api,lane2,,live_v10,YES,,,,,
143,2026-06-22T13:25:56.010690-04:00,reconstructed_kalshi,kalshi,KXRAINNYC-26JUN23-T0,SELL,Limit,29.0,0.019999999999999997,0.58,0.0398,0.0,0.0,0,8cd2d615-5045-4a7e-9935-28bed3190606,reconstructed_from_kalshi_api,lane2,,live_v10,YES,,,,,
142,2026-06-22T13:31:54.452097-04:00,reconstructed_kalshi,kalshi,KXRAINNYC-26JUN23-T0,BUY,Limit,29.0,0.99,28.71,0.0202,0.0,0.0,0,c888f287-b7a1-46c9-a6b7-5fd5cb05f1be,reconstructed_from_kalshi_api,lane2,,live_v10,YES,,,,,
141,2026-06-22T13:38:30.479035-04:00,reconstructed_kalshi,kalshi,KXRAINNYC-26JUN23-T0,SELL,Limit,27.0,0.02,0.54,0.0371,0.0,0.0,0,4245be87-d1fa-4f26-8779-839a8b9727cf,reconstructed_from_kalshi_api,lane2,,live_v10,YES,,,,,
140,2026-06-22T13:44:31.738106-04:00,reconstructed_kalshi,kalshi,KXRAINNYC-26JUN23-T0,BUY,Limit,27.0,0.99,26.73,0.0188,0.0,0.0,0,c7385d71-fd16-4de5-90b1-19a616b2e6de,reconstructed_from_kalshi_api,lane2,,live_v10,YES,,,,,
139,2026-06-22T13:51:06.191567-04:00,reconstructed_kalshi,kalshi,KXRAINNYC-26JUN23-T0,SELL,Limit,25.0,0.02,0.5,0.0343,0.0,0.0,0,ee4724ed-7b1a-4fe0-917d-61a34f57af35,reconstructed_from_kalshi_api,lane2,,live_v10,YES,,,,,
138,2026-06-22T13:51:13.167690-04:00,reconstructed_kalshi,kalshi,KXTEMPNYCH-26JUN2214-T71.99,SELL,Limit,1.0,0.46,0.46,0.0174,0.0,0.0,0,d8e5e387-d58a-4499-9012-0ca2f98f02c2,reconstructed_from_kalshi_api,lane2,,live_v10,YES,,,,,
137,2026-06-22T13:57:07.435341-04:00,reconstructed_kalshi,kalshi,KXRAINNYC-26JUN23-T0,BUY,Limit,25.0,0.98,24.5,0.0343,0.0,0.0,0,812436ae-816d-46a9-90df-1c27792f35ac,reconstructed_from_kalshi_api,lane2,,live_v10,YES,,,,,
136,2026-06-22T14:03:43.441889-04:00,reconstructed_kalshi,kalshi,KXRAINNYC-26JUN23-T0,SELL,Limit,18.0,0.030000000000000002,0.54,0.0367,0.0,0.0,0,460356db-40e9-4b79-a2fd-362571f3cf24,reconstructed_from_kalshi_api,lane2,,live_v10,YES,,,,,
135,2026-06-22T14:09:42.531700-04:00,reconstructed_kalshi,kalshi,KXRAINNYC-26JUN23-T0,BUY,Limit,18.0,0.98,17.64,0.0247,0.0,0.0,0,96bef0ba-4aa7-4ab6-9b16-9e502f80862c,reconstructed_from_kalshi_api,lane2,,live_v10,YES,,,,,
134,2026-06-22T14:10:01.716696-04:00,reconstructed_kalshi,kalshi,KXTEMPNYCH-26JUN2215-T68.99,SELL,Limit,2.0,0.1,0.2,0.0126,0.0,0.0,0,6bedfbca-972a-4882-bf32-705ff1f6cd73,reconstructed_from_kalshi_api,lane2,,live_v10,YES,,,,,
133,2026-06-22T14:16:23.215954-04:00,reconstructed_kalshi,kalshi,KXTEMPNYCH-26JUN2215-T72.99,BUY,Limit,1.0,0.8,0.8,0.0112,0.0,0.0,0,f14d6401-185c-4dff-a0fd-62b94d8b1869,reconstructed_from_kalshi_api,lane2,,live_v10,YES,,,,,
132,2026-06-22T14:16:23.924659-04:00,reconstructed_kalshi,kalshi,KXRAINNYC-26JUN23-T0,SELL,Limit,16.0,0.03,0.48,0.0326,0.0,0.0,0,c0eeab0d-a1d0-407b-b6f8-6d83677246b8,reconstructed_from_kalshi_api,lane2,,live_v10,YES,,,,,
131,2026-06-22T14:22:22.604579-04:00,reconstructed_kalshi,kalshi,KXRAINNYC-26JUN23-T0,BUY,Limit,16.0,0.99,15.84,0.0111,0.0,0.0,0,1b4dbdde-5ac5-4b2a-84f2-02a3036e32b3,reconstructed_from_kalshi_api,lane2,,live_v10,YES,,,,,
130,2026-06-22T14:28:58.667655-04:00,reconstructed_kalshi,kalshi,KXRAINNYC-26JUN23-T0,SELL,Limit,12.0,0.03,0.36,0.0246,0.0,0.0,0,0c93bb5c-8a75-48bd-a96a-c9c35e3ea626,reconstructed_from_kalshi_api,lane2,,live_v10,YES,,,,,
129,2026-06-22T14:34:55.567277-04:00,reconstructed_kalshi,kalshi,KXRAINNYC-26JUN23-T0,BUY,Limit,12.0,0.9900000000000001,11.88,0.0084,0.0,0.0,0,cef6a47a-1491-4d1b-a717-61eb56fb258c,reconstructed_from_kalshi_api,lane2,,live_v10,YES,,,,,
128,2026-06-22T14:41:34.096861-04:00,reconstructed_kalshi,kalshi,KXRAINNYC-26JUN23-T0,SELL,Limit,18.0,0.02,0.36,0.0247,0.0,0.0,0,03a0ad1a-15a4-452a-a4a8-ef16f6875c13,reconstructed_from_kalshi_api,lane2,,live_v10,YES,,,,,
127,2026-06-22T14:47:29.154038-04:00,reconstructed_kalshi,kalshi,KXRAINNYC-26JUN23-T0,BUY,Limit,18.0,0.99,17.82,0.0125,0.0,0.0,0,f9d92379-0d9c-4388-9c18-d7df68e1c3e8,reconstructed_from_kalshi_api,lane2,,live_v10,YES,,,,,
126,2026-06-22T14:54:14.900201-04:00,reconstructed_kalshi,kalshi,KXRAINNYC-26JUN23-T0,SELL,Limit,11.0,0.030000000000000002,0.33,0.0225,0.0,0.0,0,f8abea5f-2762-4d6f-9800-3d6f6c28365b,reconstructed_from_kalshi_api,lane2,,live_v10,YES,,,,,
125,2026-06-22T15:00:24.866363-04:00,reconstructed_kalshi,kalshi,KXRAINNYC-26JUN23-T0,BUY,Limit,11.0,0.98,10.78,0.0151,0.0,0.0,0,5f3fde5e-9784-4d00-a634-f22ec6685a73,reconstructed_from_kalshi_api,lane2,,live_v10,YES,,,,,
124,2026-06-22T15:06:59.825899-04:00,reconstructed_kalshi,kalshi,KXRAINNYC-26JUN23-T0,SELL,Limit,10.0,0.03,0.3,0.0204,0.0,0.0,0,1b44b861-9846-4276-a9cc-1972ae702aad,reconstructed_from_kalshi_api,lane2,,live_v10,YES,,,,,
123,2026-06-22T15:13:09.668221-04:00,reconstructed_kalshi,kalshi,KXRAINNYC-26JUN23-T0,BUY,Limit,10.0,0.9800000000000001,9.8,0.0138,0.0,0.0,0,7f56a5df-a130-4b2b-a922-c324dc73c9fe,reconstructed_from_kalshi_api,lane2,,live_v10,YES,,,,,
122,2026-06-22T15:19:40.630558-04:00,reconstructed_kalshi,kalshi,KXRAINNYC-26JUN23-T0,SELL,Limit,16.0,0.02,0.32,0.022,0.0,0.0,0,14a08be2-32e8-4383-8923-57edf3b13da6,reconstructed_from_kalshi_api,lane2,,live_v10,YES,,,,,
121,2026-06-22T15:25:38.918954-04:00,reconstructed_kalshi,kalshi,KXRAINNYC-26JUN23-T0,BUY,Limit,16.0,0.99,15.84,0.0111,0.0,0.0,0,740048d6-f216-4165-b5f8-937856423353,reconstructed_from_kalshi_api,lane2,,live_v10,YES,,,,,
120,2026-06-22T15:32:12.455132-04:00,reconstructed_kalshi,kalshi,KXTEMPNYCH-26JUN2216-T68.99,SELL,Limit,1.0,0.2,0.2,0.0112,0.0,0.0,0,ce762819-d0ae-4fe2-949b-5984f3919267,reconstructed_from_kalshi_api,lane2,,live_v10,YES,,,,,
119,2026-06-22T15:32:13.208575-04:00,reconstructed_kalshi,kalshi,KXRAINNYC-26JUN23-T0,SELL,Limit,15.0,0.02,0.3,0.0206,0.0,0.0,0,dd752ff1-01b2-4cd2-93cd-17b8dba69861,reconstructed_from_kalshi_api,lane2,,live_v10,YES,,,,,
118,2026-06-22T15:38:08.802265-04:00,reconstructed_kalshi,kalshi,KXRAINNYC-26JUN23-T0,BUY,Limit,15.0,0.99,14.85,0.0104,0.0,0.0,0,3435fcae-b439-4ecd-bbe8-14f521ecabc4,reconstructed_from_kalshi_api,lane2,,live_v10,YES,,,,,
117,2026-06-22T15:44:43.022193-04:00,reconstructed_kalshi,kalshi,KXRAINNYC-26JUN23-T0,SELL,Limit,13.0,0.02,0.26,0.0179,0.0,0.0,0,b49835de-4147-4242-a036-698c860de0e8,reconstructed_from_kalshi_api,lane2,,live_v10,YES,,,,,
116,2026-06-22T15:50:40.301817-04:00,reconstructed_kalshi,kalshi,KXRAINNYC-26JUN23-T0,BUY,Limit,13.0,0.99,12.87,0.0091,0.0,0.0,0,3b3eee6f-3f8a-4649-802b-d94efc47b6e4,reconstructed_from_kalshi_api,lane2,,live_v10,YES,,,,,
115,2026-06-22T15:57:08.681684-04:00,reconstructed_kalshi,kalshi,KXRAINNYC-26JUN23-T0,SELL,Limit,12.0,0.02,0.24,0.0165,0.0,0.0,0,56fea99f-c2d4-4f69-92d6-0736703db22d,reconstructed_from_kalshi_api,lane2,,live_v10,YES,,,,,
114,2026-06-22T16:03:05.992439-04:00,reconstructed_kalshi,kalshi,KXRAINNYC-26JUN23-T0,BUY,Limit,12.0,0.9900000000000001,11.88,0.0084,0.0,0.0,0,bfa840f9-ec5c-471d-b8f3-be9521c12da7,reconstructed_from_kalshi_api,lane2,,live_v10,YES,,,,,
113,2026-06-22T16:03:23.993276-04:00,reconstructed_kalshi,kalshi,KXTEMPNYCH-26JUN2217-T66.99,SELL,Limit,1.0,0.04,0.04,0.0027,0.0,0.0,0,22f42e70-7109-4322-b248-901455065503,reconstructed_from_kalshi_api,lane2,,live_v10,YES,,,,,
112,2026-06-22T16:09:43.009359-04:00,reconstructed_kalshi,kalshi,KXRAINNYC-26JUN23-T0,SELL,Limit,11.0,0.02,0.22,0.0151,0.0,0.0,0,b285a1e2-f909-4a1e-aafe-fc464465aea2,reconstructed_from_kalshi_api,lane2,,live_v10,YES,,,,,
111,2026-06-22T16:15:41.521382-04:00,reconstructed_kalshi,kalshi,KXRAINNYC-26JUN23-T0,BUY,Limit,11.0,0.9900000000000001,10.89,0.0077,0.0,0.0,0,22373c29-7222-4892-a3fb-d91c4fa53d0a,reconstructed_from_kalshi_api,lane2,,live_v10,YES,,,,,
110,2026-06-22T16:22:12.025916-04:00,reconstructed_kalshi,kalshi,KXRAINNYC-26JUN23-T0,SELL,Limit,10.0,0.02,0.2,0.0138,0.0,0.0,0,13ccb53a-3d0a-47cc-9e8c-73f8ce42fc50,reconstructed_from_kalshi_api,lane2,,live_v10,YES,,,,,
109,2026-06-22T16:28:06.993516-04:00,reconstructed_kalshi,kalshi,KXRAINNYC-26JUN23-T0,BUY,Limit,10.0,0.99,9.9,0.007,0.0,0.0,0,a7fcec13-b443-48c6-a1ed-5340b5ff9c6c,reconstructed_from_kalshi_api,lane2,,live_v10,YES,,,,,
108,2026-06-22T16:34:44.512729-04:00,reconstructed_kalshi,kalshi,KXRAINNYC-26JUN23-T0,SELL,Limit,10.0,0.02,0.2,0.0138,0.0,0.0,0,ac026e8e-bdee-4e5a-84ec-86a9f9e501e2,reconstructed_from_kalshi_api,lane2,,live_v10,YES,,,,,
107,2026-06-22T16:40:42.834168-04:00,reconstructed_kalshi,kalshi,KXRAINNYC-26JUN23-T0,BUY,Limit,10.0,0.99,9.9,0.007,0.0,0.0,0,8b96b8c7-807b-43c4-8c06-006a120cdacd,reconstructed_from_kalshi_api,lane2,,live_v10,YES,,,,,
106,2026-06-22T16:41:07.396583-04:00,reconstructed_kalshi,kalshi,KXLOWTPHIL-26JUN23-T71,BUY,Limit,1.0,0.14,0.14,0.0085,0.0,0.0,0,6365b35b-ce75-4ea1-a8c8-28bb3b75518c,reconstructed_from_kalshi_api,lane2,,live_v10,YES,,,,,
105,2026-06-22T16:47:13.709898-04:00,reconstructed_kalshi,kalshi,KXRAINNYC-26JUN23-T0,SELL,Limit,13.0,0.02,0.26,0.0179,0.0,0.0,0,67258e53-bf57-4b89-a5f9-9b45f26b35cf,reconstructed_from_kalshi_api,lane2,,live_v10,YES,,,,,
104,2026-06-22T16:53:07.597139-04:00,reconstructed_kalshi,kalshi,KXRAINNYC-26JUN23-T0,BUY,Limit,13.0,0.99,12.87,0.0091,0.0,0.0,0,234828c6-3e24-46a9-87d7-5ba7b53ebac0,reconstructed_from_kalshi_api,lane2,,live_v10,YES,,,,,
103,2026-06-22T16:59:36.090692-04:00,reconstructed_kalshi,kalshi,KXRAINNYC-26JUN23-T0,SELL,Limit,12.0,0.02,0.24,0.0165,0.0,0.0,0,589fc673-2390-4008-8b79-f208d225214f,reconstructed_from_kalshi_api,lane2,,live_v10,YES,,,,,
102,2026-06-22T16:59:46.086549-04:00,reconstructed_kalshi,kalshi,KXHIGHTNOLA-26JUN22-T92,SELL,Limit,2.0,0.13,0.26,0.0159,0.0,0.0,0,ef271fb7-d783-4465-818c-9d2d35cb56b3,reconstructed_from_kalshi_api,lane2,,live_v10,YES,,,,,
101,2026-06-22T17:05:36.548233-04:00,reconstructed_kalshi,kalshi,KXRAINNYC-26JUN23-T0,BUY,Limit,12.0,0.9900000000000001,11.88,0.0084,0.0,0.0,0,3dd831f9-52f0-4183-be66-536411f5834b,reconstructed_from_kalshi_api,lane2,,live_v10,YES,,,,,
100,2026-06-22T17:12:06.885039-04:00,reconstructed_kalshi,kalshi,KXRAINNYC-26JUN23-T0,SELL,Limit,21.0,0.02,0.42,0.0289,0.0,0.0,0,ceba7798-0cae-4979-a071-f97014504b98,reconstructed_from_kalshi_api,lane2,,live_v10,YES,,,,,
99,2026-06-22T17:12:17.845217-04:00,reconstructed_kalshi,kalshi,KXHIGHTSFO-26JUN22-T68,SELL,Limit,1.0,0.15,0.15,0.009,0.0,0.0,0,d5433e33-13f4-4c7d-9abe-42bdf8d602a3,reconstructed_from_kalshi_api,lane2,,live_v10,YES,,,,,
98,2026-06-22T17:18:04.633650-04:00,reconstructed_kalshi,kalshi,KXRAINNYC-26JUN23-T0,BUY,Limit,21.0,0.99,20.79,0.0146,0.0,0.0,0,c520932d-a8f0-43db-96ef-0a9d70da8083,reconstructed_from_kalshi_api,lane2,,live_v10,YES,,,,,
97,2026-06-22T17:24:34.817889-04:00,reconstructed_kalshi,kalshi,KXHIGHTSFO-26JUN22-T68,SELL,Limit,1.0,0.22,0.22,0.0121,0.0,0.0,0,27e88b48-3d41-4069-a620-dfa1e499ca5a,reconstructed_from_kalshi_api,lane2,,live_v10,YES,,,,,
96,2026-06-22T17:24:35.551568-04:00,reconstructed_kalshi,kalshi,KXRAINNYC-26JUN23-T0,SELL,Limit,24.0,0.02,0.48,0.033,0.0,0.0,0,c14e0808-3a79-41a7-bab0-ea8bce8208da,reconstructed_from_kalshi_api,lane2,,live_v10,YES,,,,,
95,2026-06-22T17:30:36.828592-04:00,reconstructed_kalshi,kalshi,KXRAINNYC-26JUN23-T0,BUY,Limit,24.0,0.9900000000000001,23.76,0.0167,0.0,0.0,0,dfa3eaed-4cf7-4e07-8fed-3507d17d8832,reconstructed_from_kalshi_api,lane2,,live_v10,YES,,,,,
94,2026-06-22T17:37:00.851523-04:00,reconstructed_kalshi,kalshi,KXRAINNYC-26JUN23-T0,SELL,Limit,21.0,0.02,0.42,0.0289,0.0,0.0,0,7383cb00-c0d5-4e9a-9e79-63f2fe05555a,reconstructed_from_kalshi_api,lane2,,live_v10,YES,,,,,
93,2026-06-22T17:37:01.580843-04:00,reconstructed_kalshi,kalshi,KXLOWTNYC-26JUN23-T69,BUY,Limit,1.0,0.14,0.14,0.0085,0.0,0.0,0,55f304bc-29d9-4c19-be32-551537d785d7,reconstructed_from_kalshi_api,lane2,,live_v10,YES,,,,,
92,2026-06-22T17:42:57.477251-04:00,reconstructed_kalshi,kalshi,KXRAINNYC-26JUN23-T0,BUY,Limit,21.0,0.99,20.79,0.0146,0.0,0.0,0,ba427e70-ccbc-4903-911e-05d5f246699a,reconstructed_from_kalshi_api,lane2,,live_v10,YES,,,,,
91,2026-06-22T17:43:16.973184-04:00,reconstructed_kalshi,kalshi,KXLOWTDAL-26JUN23-T79,BUY,Limit,1.0,0.1,0.1,0.0063,0.0,0.0,0,e36e3131-280d-4867-ac48-2fdad3c3e817,reconstructed_from_kalshi_api,lane2,,live_v10,YES,,,,,
90,2026-06-22T17:49:29.358698-04:00,reconstructed_kalshi,kalshi,KXRAINNYC-26JUN23-T0,SELL,Limit,18.0,0.02,0.36,0.0247,0.0,0.0,0,7dbdf5db-a743-4081-b9d2-5faa05683e30,reconstructed_from_kalshi_api,lane2,,live_v10,YES,,,,,
89,2026-06-22T17:55:26.753899-04:00,reconstructed_kalshi,kalshi,KXRAINNYC-26JUN23-T0,BUY,Limit,18.0,0.98,17.64,0.0247,0.0,0.0,0,72e75926-40f3-4f58-8ea1-601fe2705de4,reconstructed_from_kalshi_api,lane2,,live_v10,YES,,,,,
88,2026-06-22T17:55:43.120600-04:00,reconstructed_kalshi,kalshi,KXLOWTOKC-26JUN23-T71,BUY,Limit,1.0,0.09,0.09,0.0058,0.0,0.0,0,e9364ecc-2a9a-4c6e-a658-d8b164b51507,reconstructed_from_kalshi_api,lane2,,live_v10,YES,,,,,
87,2026-06-22T18:02:18.296418-04:00,reconstructed_kalshi,kalshi,KXLOWTOKC-26JUN23-T71,SELL,Limit,1.0,0.94,0.94,0.004,0.0,0.0,0,68f660ed-3723-483c-a4ba-21026e7a6282,reconstructed_from_kalshi_api,lane2,,live_v10,YES,,,,,
86,2026-06-22T18:02:34.795745-04:00,reconstructed_kalshi,kalshi,KXTEMPNYCH-26JUN2219-T68.99,BUY,Limit,1.0,0.07,0.07,0.0046,0.0,0.0,0,3c16207b-f666-4108-bf9b-c792be2c4e61,reconstructed_from_kalshi_api,lane2,,live_v10,YES,,,,,
85,2026-06-22T18:02:35.536659-04:00,reconstructed_kalshi,kalshi,KXRAINNYC-26JUN23-T0,SELL,Limit,9.0,0.030000000000000002,0.27,0.0184,0.0,0.0,0,f7ad562b-e9bc-4aa4-befd-d4551a6ff918,reconstructed_from_kalshi_api,lane2,,live_v10,YES,,,,,
84,2026-06-22T18:08:32.099123-04:00,reconstructed_kalshi,kalshi,KXRAINNYC-26JUN23-T0,BUY,Limit,9.0,0.98,8.82,0.0124,0.0,0.0,0,b8a5aa4c-38f3-42f8-a635-6376b157c697,reconstructed_from_kalshi_api,lane2,,live_v10,YES,,,,,
83,2026-06-22T18:08:55.748427-04:00,reconstructed_kalshi,kalshi,KXLOWTDEN-26JUN23-T55,BUY,Limit,2.0,0.11,0.22,0.0138,0.0,0.0,0,60a8f716-2c6c-4dfb-9f0b-d68acd4d351e,reconstructed_from_kalshi_api,lane2,,live_v10,YES,,,,,
82,2026-06-22T18:14:41.642603-04:00,reconstructed_kalshi,kalshi,KXLOWTNYC-26JUN23-T69,SELL,Limit,1.0,0.92,0.92,0.0052,0.0,0.0,0,fb2a094d-e119-4d4d-8126-d06c3e66c4f3,reconstructed_from_kalshi_api,lane2,,live_v10,YES,,,,,
81,2026-06-22T18:14:58.221709-04:00,reconstructed_kalshi,kalshi,KXRAINNYC-26JUN23-T0,SELL,Limit,13.0,0.030000000000000002,0.39,0.0265,0.0,0.0,0,169673c3-67aa-486b-b9c6-38c8d3c3f58a,reconstructed_from_kalshi_api,lane2,,live_v10,YES,,,,,
80,2026-06-22T18:20:52.949202-04:00,reconstructed_kalshi,kalshi,KXRAINNYC-26JUN23-T0,BUY,Limit,13.0,0.98,12.74,0.0179,0.0,0.0,0,e5f50e83-fe01-4a4a-a6e6-ea0c07004f0c,reconstructed_from_kalshi_api,lane2,,live_v10,YES,,,,,
79,2026-06-22T18:27:02.807228-04:00,reconstructed_kalshi,kalshi,KXHIGHTBOS-26JUN23-T74,BUY,Limit,1.0,0.83,0.83,0.0099,0.0,0.0,0,e8859395-a94f-4757-ab21-1daa650dc017,reconstructed_from_kalshi_api,lane2,,live_v10,YES,,,,,
78,2026-06-22T18:27:20.222521-04:00,reconstructed_kalshi,kalshi,KXLOWTMIA-26JUN23-T82,BUY,Limit,2.0,0.08,0.16,0.0104,0.0,0.0,0,edc8513f-6f0a-4ee4-a8d3-aa58aa57dce0,reconstructed_from_kalshi_api,lane2,,live_v10,YES,,,,,
77,2026-06-22T18:27:20.952168-04:00,reconstructed_kalshi,kalshi,KXRAINNYC-26JUN23-T0,SELL,Limit,13.0,0.030000000000000002,0.39,0.0265,0.0,0.0,0,0595a877-8b5c-4988-abce-815f8082db04,reconstructed_from_kalshi_api,lane2,,live_v10,YES,,,,,
76,2026-06-22T18:33:13.184447-04:00,reconstructed_kalshi,kalshi,KXRAINNYC-26JUN23-T0,BUY,Limit,13.0,0.98,12.74,0.0179,0.0,0.0,0,4266d6a8-ca86-4265-b046-4bb8ba6b2e90,reconstructed_from_kalshi_api,lane2,,live_v10,YES,,,,,
75,2026-06-22T18:39:24.311167-04:00,reconstructed_kalshi,kalshi,KXHIGHNY-26JUN23-T78,BUY,Limit,1.0,0.91,0.91,0.0058,0.0,0.0,0,4170a986-53e1-42e2-b44d-c74951105c09,reconstructed_from_kalshi_api,lane2,,live_v10,YES,,,,,
74,2026-06-22T18:39:42.159300-04:00,reconstructed_kalshi,kalshi,KXRAINNYC-26JUN23-T0,SELL,Limit,13.0,0.030000000000000002,0.39,0.0265,0.0,0.0,0,d7d1f653-069a-4bd8-90e7-a3a77e205ce7,reconstructed_from_kalshi_api,lane2,,live_v10,YES,,,,,
73,2026-06-22T18:45:37.750248-04:00,reconstructed_kalshi,kalshi,KXRAINNYC-26JUN23-T0,BUY,Limit,13.0,0.98,12.74,0.0179,0.0,0.0,0,e54e2b1c-a384-41b3-815d-fd4fc3e67a61,reconstructed_from_kalshi_api,lane2,,live_v10,YES,,,,,
72,2026-06-22T18:52:01.374623-04:00,reconstructed_kalshi,kalshi,KXRAINNYC-26JUN23-T0,SELL,Limit,12.0,0.03,0.36,0.0245,0.0,0.0,0,10834251-2603-4778-8983-f4c3b27500fa,reconstructed_from_kalshi_api,lane2,,live_v10,YES,,,,,
71,2026-06-22T18:57:50.907453-04:00,reconstructed_kalshi,kalshi,KXRAINNYC-26JUN23-T0,BUY,Limit,12.0,0.98,11.76,0.0165,0.0,0.0,0,f02a6cd0-027f-4af1-add2-535cf2c8731d,reconstructed_from_kalshi_api,lane2,,live_v10,YES,,,,,
70,2026-06-22T19:04:16.645872-04:00,reconstructed_kalshi,kalshi,KXRAINNYC-26JUN23-T0,SELL,Limit,12.0,0.03,0.36,0.0245,0.0,0.0,0,649c5108-4158-4abc-9be1-7365f20ef5c4,reconstructed_from_kalshi_api,lane2,,live_v10,YES,,,,,
69,2026-06-22T19:10:16.003991-04:00,reconstructed_kalshi,kalshi,KXRAINNYC-26JUN23-T0,BUY,Limit,12.0,0.98,11.76,0.0165,0.0,0.0,0,55bed6b7-4933-4c3c-b7e0-8d0b58a7f8cb,reconstructed_from_kalshi_api,lane2,,live_v10,YES,,,,,
68,2026-06-22T19:16:47.371283-04:00,reconstructed_kalshi,kalshi,KXRAINNYC-26JUN23-T0,SELL,Limit,12.0,0.03,0.36,0.0245,0.0,0.0,0,cd838fad-c4c7-45bc-8d4e-659ccf6e897e,reconstructed_from_kalshi_api,lane2,,live_v10,YES,,,,,
67,2026-06-22T19:22:38.372248-04:00,reconstructed_kalshi,kalshi,KXRAINNYC-26JUN23-T0,BUY,Limit,12.0,0.98,11.76,0.0165,0.0,0.0,0,936c3ee3-c0b2-4802-a263-65a94e85b42b,reconstructed_from_kalshi_api,lane2,,live_v10,YES,,,,,
66,2026-06-22T19:29:03.982764-04:00,reconstructed_kalshi,kalshi,KXRAINNYC-26JUN23-T0,SELL,Limit,11.0,0.030000000000000002,0.33,0.0225,0.0,0.0,0,07c94229-3e05-491c-93f3-ea44fcd6c757,reconstructed_from_kalshi_api,lane2,,live_v10,YES,,,,,
65,2026-06-22T19:34:55.929959-04:00,reconstructed_kalshi,kalshi,KXRAINNYC-26JUN23-T0,BUY,Limit,11.0,0.98,10.78,0.0151,0.0,0.0,0,62663b3d-5a01-41cd-9ee4-3fc368df102e,reconstructed_from_kalshi_api,lane2,,live_v10,YES,,,,,
64,2026-06-22T19:35:15.097914-04:00,reconstructed_kalshi,kalshi,KXTEMPNYCH-26JUN2220-T69.99,BUY,Limit,1.0,0.15,0.15,0.009,0.0,0.0,0,c471aaf6-bd23-4a96-8eef-02aa8499bb24,reconstructed_from_kalshi_api,lane2,,live_v10,YES,,,,,
63,2026-06-22T19:41:28.071830-04:00,reconstructed_kalshi,kalshi,KXRAINNYC-26JUN23-T0,SELL,Limit,10.0,0.03,0.3,0.0204,0.0,0.0,0,71aac42e-243c-440a-9ce4-3b1f5fd829e3,reconstructed_from_kalshi_api,lane2,,live_v10,YES,,,,,
62,2026-06-22T19:47:20.565497-04:00,reconstructed_kalshi,kalshi,KXRAINNYC-26JUN23-T0,BUY,Limit,10.0,0.9800000000000001,9.8,0.0138,0.0,0.0,0,856985a1-3770-4066-930d-d788030b9939,reconstructed_from_kalshi_api,lane2,,live_v10,YES,,,,,
61,2026-06-22T19:53:46.254613-04:00,reconstructed_kalshi,kalshi,KXRAINNYC-26JUN23-T0,SELL,Limit,10.0,0.03,0.3,0.0204,0.0,0.0,0,ae5e206f-c82f-4404-b1c1-07de80ee17de,reconstructed_from_kalshi_api,lane2,,live_v10,YES,,,,,
60,2026-06-22T19:59:36.534548-04:00,reconstructed_kalshi,kalshi,KXRAINNYC-26JUN23-T0,BUY,Limit,10.0,0.99,9.9,0.007,0.0,0.0,0,c75caeb3-e473-446e-b305-0f62b6afadf8,reconstructed_from_kalshi_api,lane2,,live_v10,YES,,,,,
59,2026-06-22T20:06:12.632552-04:00,reconstructed_kalshi,kalshi,KXRAINNYC-26JUN23-T0,SELL,Limit,9.0,0.030000000000000002,0.27,0.0184,0.0,0.0,0,859fae88-4ea5-4a56-bb69-85ed1f25fbec,reconstructed_from_kalshi_api,lane2,,live_v10,YES,,,,,
58,2026-06-22T20:12:11.825285-04:00,reconstructed_kalshi,kalshi,KXRAINNYC-26JUN23-T0,BUY,Limit,9.0,0.98,8.82,0.0124,0.0,0.0,0,d970e33c-bda0-468e-9022-e2f5bef8266d,reconstructed_from_kalshi_api,lane2,,live_v10,YES,,,,,
57,2026-06-22T20:18:44.385763-04:00,reconstructed_kalshi,kalshi,KXRAINNYC-26JUN23-T0,SELL,Limit,9.0,0.030000000000000002,0.27,0.0184,0.0,0.0,0,75acc415-b8d1-406d-bd8a-cf2fdfb2b301,reconstructed_from_kalshi_api,lane2,,live_v10,YES,,,,,
56,2026-06-22T20:24:36.730890-04:00,reconstructed_kalshi,kalshi,KXRAINNYC-26JUN23-T0,BUY,Limit,9.0,0.98,8.82,0.0124,0.0,0.0,0,25f49d1d-240b-43f1-9307-c11cf287efd6,reconstructed_from_kalshi_api,lane2,,live_v10,YES,,,,,
55,2026-06-22T20:24:52.373292-04:00,reconstructed_kalshi,kalshi,KXTEMPNYCH-26JUN2221-T73.99,BUY,Limit,5.0,0.03,0.15,0.0102,0.0,0.0,0,dfdf36b9-e294-4748-bb6f-9780a28452e4,reconstructed_from_kalshi_api,lane2,,live_v10,YES,,,,,
54,2026-06-22T20:31:11.352539-04:00,reconstructed_kalshi,kalshi,KXRAINNYC-26JUN23-T0,SELL,Limit,8.0,0.03,0.24,0.0164,0.0,0.0,0,83553fe5-64e0-4f2c-b49e-a247640ce230,reconstructed_from_kalshi_api,lane2,,live_v10,YES,,,,,
53,2026-06-22T20:37:02.665061-04:00,reconstructed_kalshi,kalshi,KXRAINNYC-26JUN23-T0,BUY,Limit,8.0,0.98,7.84,0.011,0.0,0.0,0,8411ca48-9d5e-416f-ad0d-f608878f1d20,reconstructed_from_kalshi_api,lane2,,live_v10,YES,,,,,
52,2026-06-22T20:43:33.647623-04:00,reconstructed_kalshi,kalshi,KXRAINNYC-26JUN23-T0,SELL,Limit,13.0,0.02,0.26,0.0179,0.0,0.0,0,63cd1fca-ce5e-4dc8-abe8-e094c33240f4,reconstructed_from_kalshi_api,lane2,,live_v10,YES,,,,,
51,2026-06-22T20:49:44.205419-04:00,reconstructed_kalshi,kalshi,KXRAINNYC-26JUN23-T0,BUY,Limit,13.0,0.99,12.87,0.0091,0.0,0.0,0,f22da681-5330-4e94-a1ba-9b9f5b533d06,reconstructed_from_kalshi_api,lane2,,live_v10,YES,,,,,
50,2026-06-22T20:50:01.303935-04:00,reconstructed_kalshi,kalshi,KXHIGHTATL-26JUN23-T83,BUY,Limit,2.0,0.1,0.2,0.0126,0.0,0.0,0,152f0126-445f-48dc-bf93-49e4b446fd0a,reconstructed_from_kalshi_api,lane2,,live_v10,YES,,,,,
49,2026-06-22T20:56:29.945672-04:00,reconstructed_kalshi,kalshi,KXRAINNYC-26JUN23-T0,SELL,Limit,11.0,0.02,0.22,0.0151,0.0,0.0,0,929d8f3a-1cb2-4a28-900b-56a5a2eebdb0,reconstructed_from_kalshi_api,lane2,,live_v10,YES,,,,,
48,2026-06-22T20:56:38.513854-04:00,reconstructed_kalshi,kalshi,KXLOWTLAX-26JUN23-T62,BUY,Limit,1.0,0.14,0.14,0.0085,0.0,0.0,0,00a69304-4391-4b82-aa9e-ee288e8ce088,reconstructed_from_kalshi_api,lane2,,live_v10,YES,,,,,
47,2026-06-22T21:02:26.893179-04:00,reconstructed_kalshi,kalshi,KXRAINNYC-26JUN23-T0,BUY,Limit,11.0,0.9900000000000001,10.89,0.0077,0.0,0.0,0,60fe63da-43ac-43f0-a6a3-fe2ecc5e82d9,reconstructed_from_kalshi_api,lane2,,live_v10,YES,,,,,
46,2026-06-22T21:02:43.973786-04:00,reconstructed_kalshi,kalshi,KXTEMPNYCH-26JUN2222-T66.99,SELL,Limit,4.0,0.5,2.0,0.07,0.0,0.0,0,c2d1b114-f81e-4858-b26a-1d8a35783daf,reconstructed_from_kalshi_api,lane2,,live_v10,YES,,,,,
45,2026-06-22T21:02:44.707043-04:00,reconstructed_kalshi,kalshi,KXLOWTHOU-26JUN23-T81,BUY,Limit,2.0,0.08,0.16,0.0104,0.0,0.0,0,0091ac0d-0ed8-43e9-9778-11d8a2e9d791,reconstructed_from_kalshi_api,lane2,,live_v10,YES,,,,,
44,2026-06-22T21:08:38.256243-04:00,reconstructed_kalshi,kalshi,KXLOWTHOU-26JUN23-T81,SELL,Limit,2.0,0.97,1.94,0.0041,0.0,0.0,0,a84e1368-305f-4f48-9756-6a020f3ebe5e,reconstructed_from_kalshi_api,lane2,,live_v10,YES,,,,,
43,2026-06-22T21:08:56.643344-04:00,reconstructed_kalshi,kalshi,KXTEMPNYCH-26JUN2222-T73.99,BUY,Limit,2.0,0.03,0.06,0.0041,0.0,0.0,0,367cb1c2-3390-4e47-9478-670268e1fb33,reconstructed_from_kalshi_api,lane2,,live_v10,YES,,,,,
42,2026-06-22T21:08:57.361834-04:00,reconstructed_kalshi,kalshi,KXRAINNYC-26JUN23-T0,SELL,Limit,5.0,0.02,0.1,0.0069,0.0,0.0,0,833b4acc-1365-44c6-b948-5aaf64bcb790,reconstructed_from_kalshi_api,lane2,,live_v10,YES,,,,,
41,2026-06-22T21:14:55.686622-04:00,reconstructed_kalshi,kalshi,KXRAINNYC-26JUN23-T0,BUY,Limit,5.0,0.99,4.95,0.0035,0.0,0.0,0,5058f464-08dd-48ab-ba7d-8dd8b56381fb,reconstructed_from_kalshi_api,lane2,,live_v10,YES,,,,,
40,2026-06-22T21:21:32.467062-04:00,reconstructed_kalshi,kalshi,KXRAINNYC-26JUN23-T0,SELL,Limit,4.0,0.02,0.08,0.0055,0.0,0.0,0,54049271-acaa-4794-b525-caa9b48da441,reconstructed_from_kalshi_api,lane2,,live_v10,YES,,,,,
39,2026-06-22T21:27:27.107947-04:00,reconstructed_kalshi,kalshi,KXRAINNYC-26JUN23-T0,BUY,Limit,4.0,0.99,3.96,0.0028,0.0,0.0,0,f337d2d5-81a7-43d4-ba12-2ecc7036b40b,reconstructed_from_kalshi_api,lane2,,live_v10,YES,,,,,
38,2026-06-22T21:33:51.337065-04:00,reconstructed_kalshi,kalshi,KXRAINNYC-26JUN23-T0,SELL,Limit,4.0,0.02,0.08,0.0055,0.0,0.0,0,7bcb100f-1d78-4cb2-a333-aefc368caab6,reconstructed_from_kalshi_api,lane2,,live_v10,YES,,,,,
37,2026-06-22T21:39:45.488306-04:00,reconstructed_kalshi,kalshi,KXRAINNYC-26JUN23-T0,BUY,Limit,4.0,0.99,3.96,0.0028,0.0,0.0,0,a983e5ec-507b-4091-92df-913c36c909d2,reconstructed_from_kalshi_api,lane2,,live_v10,YES,,,,,
36,2026-06-22T21:46:21.297623-04:00,reconstructed_kalshi,kalshi,KXRAINNYC-26JUN23-T0,SELL,Limit,4.0,0.02,0.08,0.0055,0.0,0.0,0,de3dcf64-2ac8-459b-b7e0-a34707e34b47,reconstructed_from_kalshi_api,lane2,,live_v10,YES,,,,,
35,2026-06-22T21:52:17.234846-04:00,reconstructed_kalshi,kalshi,KXRAINNYC-26JUN23-T0,BUY,Limit,4.0,0.99,3.96,0.0028,0.0,0.0,0,9ba005e3-9574-4999-9444-2be9f2078cf3,reconstructed_from_kalshi_api,lane2,,live_v10,YES,,,,,
34,2026-06-22T21:58:46.813870-04:00,reconstructed_kalshi,kalshi,KXRAINNYC-26JUN23-T0,SELL,Limit,4.0,0.02,0.08,0.0055,0.0,0.0,0,16abc999-745e-4166-8d21-d21c4779b64e,reconstructed_from_kalshi_api,lane2,,live_v10,YES,,,,,
33,2026-06-22T22:04:38.561097-04:00,reconstructed_kalshi,kalshi,KXRAINNYC-26JUN23-T0,BUY,Limit,4.0,0.99,3.96,0.0028,0.0,0.0,0,dfeeb15c-83c6-4707-bff6-25a78babbae3,reconstructed_from_kalshi_api,lane2,,live_v10,YES,,,,,
32,2026-06-22T22:11:13.831284-04:00,reconstructed_kalshi,kalshi,KXTEMPNYCH-26JUN2223-T67.99,SELL,Limit,1.0,0.04,0.04,0.0027,0.0,0.0,0,1c857565-f1a0-4333-a66b-ea9988bd070b,reconstructed_from_kalshi_api,lane2,,live_v10,YES,,,,,
31,2026-06-22T22:11:14.558541-04:00,reconstructed_kalshi,kalshi,KXRAINNYC-26JUN23-T0,SELL,Limit,2.0,0.03,0.06,0.0041,0.0,0.0,0,e8394d6b-b780-45e8-866d-f1d3e5066cc5,reconstructed_from_kalshi_api,lane2,,live_v10,YES,,,,,
30,2026-06-22T22:17:12.339764-04:00,reconstructed_kalshi,kalshi,KXRAINNYC-26JUN23-T0,BUY,Limit,2.0,0.99,1.98,0.0014,0.0,0.0,0,c0ea5844-7160-4c65-afe8-4506a0b76cbf,reconstructed_from_kalshi_api,lane2,,live_v10,YES,,,,,
29,2026-06-22T22:17:29.829794-04:00,reconstructed_kalshi,kalshi,KXTEMPNYCH-26JUN2223-T72.99,BUY,Limit,1.0,0.03,0.03,0.0021,0.0,0.0,0,e421ac7d-1c7b-4665-87c8-90c324195778,reconstructed_from_kalshi_api,lane2,,live_v10,YES,,,,,
28,2026-06-22T22:23:48.161284-04:00,reconstructed_kalshi,kalshi,KXRAINNYC-26JUN23-T0,SELL,Limit,3.0,0.02,0.06,0.0042,0.0,0.0,0,52f060ca-8f00-4174-b656-6e56fb3adec5,reconstructed_from_kalshi_api,lane2,,live_v10,YES,,,,,
27,2026-06-22T22:29:42.736123-04:00,reconstructed_kalshi,kalshi,KXRAINNYC-26JUN23-T0,BUY,Limit,3.0,0.9900000000000001,2.97,0.0021,0.0,0.0,0,1f474e2c-606f-4b83-822f-bd4299f1347f,reconstructed_from_kalshi_api,lane2,,live_v10,YES,,,,,
26,2026-06-22T22:36:13.818859-04:00,reconstructed_kalshi,kalshi,KXRAINNYC-26JUN23-T0,SELL,Limit,3.0,0.02,0.06,0.0042,0.0,0.0,0,88b82ecf-0f41-42b5-87e6-493e1e5d35b1,reconstructed_from_kalshi_api,lane2,,live_v10,YES,,,,,
25,2026-06-22T22:42:08.515411-04:00,reconstructed_kalshi,kalshi,KXRAINNYC-26JUN23-T0,BUY,Limit,3.0,0.9900000000000001,2.97,0.0021,0.0,0.0,0,ea11526c-de09-416c-9482-bfa738dbcbfb,reconstructed_from_kalshi_api,lane2,,live_v10,YES,,,,,
24,2026-06-22T22:48:29.761154-04:00,reconstructed_kalshi,kalshi,KXRAINNYC-26JUN23-T0,SELL,Limit,3.0,0.02,0.06,0.0042,0.0,0.0,0,8d9978d0-75d6-4164-ad04-38a0ad613da2,reconstructed_from_kalshi_api,lane2,,live_v10,YES,,,,,
23,2026-06-22T22:54:22.414855-04:00,reconstructed_kalshi,kalshi,KXRAINNYC-26JUN23-T0,BUY,Limit,3.0,0.9900000000000001,2.97,0.0021,0.0,0.0,0,2706357f-3e72-41d9-a843-caae74705d43,reconstructed_from_kalshi_api,lane2,,live_v10,YES,,,,,
22,2026-06-22T23:00:53.488906-04:00,reconstructed_kalshi,kalshi,KXRAINNYC-26JUN23-T0,SELL,Limit,3.0,0.02,0.06,0.0042,0.0,0.0,0,cc756248-ebc0-43f0-86c9-7e6b99621553,reconstructed_from_kalshi_api,lane2,,live_v10,YES,,,,,
21,2026-06-22T23:06:44.962771-04:00,reconstructed_kalshi,kalshi,KXRAINNYC-26JUN23-T0,BUY,Limit,3.0,0.9900000000000001,2.97,0.0021,0.0,0.0,0,29a1a520-62df-4d7c-893c-012079ea24d0,reconstructed_from_kalshi_api,lane2,,live_v10,YES,,,,,
20,2026-06-22T23:13:03.172156-04:00,reconstructed_kalshi,kalshi,KXRAINNYC-26JUN23-T0,SELL,Limit,2.0,0.02,0.04,0.0028,0.0,0.0,0,c948c60f-a330-43ec-b2d8-63d1bbf05329,reconstructed_from_kalshi_api,lane2,,live_v10,YES,,,,,
19,2026-06-22T23:18:53.730419-04:00,reconstructed_kalshi,kalshi,KXRAINNYC-26JUN23-T0,BUY,Limit,2.0,0.99,1.98,0.0014,0.0,0.0,0,9d12f4c2-48dd-429d-94b6-00e00bf7508a,reconstructed_from_kalshi_api,lane2,,live_v10,YES,,,,,
18,2026-06-22T23:25:12.089838-04:00,reconstructed_kalshi,kalshi,KXRAINNYC-26JUN23-T0,SELL,Limit,2.0,0.02,0.04,0.0028,0.0,0.0,0,4d9b321b-7ded-4db7-add6-842eb2d6940a,reconstructed_from_kalshi_api,lane2,,live_v10,YES,,,,,
17,2026-06-22T23:31:04.685968-04:00,reconstructed_kalshi,kalshi,KXRAINNYC-26JUN23-T0,BUY,Limit,2.0,0.99,1.98,0.0014,0.0,0.0,0,8b41a608-2da7-4144-9d4b-5f9deb30fa79,reconstructed_from_kalshi_api,lane2,,live_v10,YES,,,,,
16,2026-06-22T23:37:23.596094-04:00,reconstructed_kalshi,kalshi,KXRAINNYC-26JUN23-T0,SELL,Limit,2.0,0.02,0.04,0.0028,0.0,0.0,0,bedbbc91-a415-402e-99bb-7ca3095bdc6d,reconstructed_from_kalshi_api,lane2,,live_v10,YES,,,,,
15,2026-06-23T00:25:19.481060-04:00,reconstructed_kalshi,kalshi,KXLOWTDAL-26JUN23-T79,SELL,Limit,1.0,0.83,0.83,0.0099,0.0,0.0,0,81fe846f-0363-4a66-bac2-969e80853c12,reconstructed_from_kalshi_api,lane2,,live_v10,YES,,,,,
14,2026-06-23T01:12:57.110774-04:00,reconstructed_kalshi,kalshi,KXTEMPNYCH-26JUN2302-T68.99,SELL,Limit,1.0,0.04,0.04,0.0027,0.0,0.0,0,f4937fb1-9808-462f-8887-f2c127191578,reconstructed_from_kalshi_api,lane2,,live_v10,YES,,,,,
13,2026-06-23T01:18:52.698919-04:00,reconstructed_kalshi,kalshi,KXTEMPNYCH-26JUN2302-T71.99,BUY,Limit,1.0,0.04,0.04,0.0027,0.0,0.0,0,6f9c6337-44c6-4aa9-91d0-2ac80a4f9d3c,reconstructed_from_kalshi_api,lane2,,live_v10,YES,,,,,
12,2026-06-23T02:23:59.329398-04:00,reconstructed_kalshi,kalshi,KXTEMPNYCH-26JUN2303-T71.99,BUY,Limit,1.0,0.03,0.03,0.0021,0.0,0.0,0,b6d786a2-da90-40a4-8673-b7d10637e5f4,reconstructed_from_kalshi_api,lane2,,live_v10,YES,,,,,
11,2026-06-23T03:04:33.829580-04:00,reconstructed_kalshi,kalshi,KXTEMPNYCH-26JUN2304-T70.99,BUY,Limit,1.0,0.04,0.04,0.0027,0.0,0.0,0,bd898cbd-ee7a-403a-a31e-a1b77a5172e6,reconstructed_from_kalshi_api,lane2,,live_v10,YES,,,,,
10,2026-06-23T03:56:46.250450-04:00,reconstructed_kalshi,kalshi,KXTEMPNYCH-26JUN2304-T70.99,SELL,Limit,1.0,0.01,0.01,0.0007,0.0,0.0,0,94be9dd1-4237-43d4-bed4-0a80fa395f54,reconstructed_from_kalshi_api,lane2,,live_v10,YES,,,,,
9,2026-06-23T04:08:39.727462-04:00,reconstructed_kalshi,kalshi,KXTEMPNYCH-26JUN2305-T68.99,SELL,Limit,3.0,0.049999999999999996,0.15,0.01,0.0,0.0,0,ec4f47d4-6da7-42f9-be81-c130fe009cc5,reconstructed_from_kalshi_api,lane2,,live_v10,YES,,,,,
8,2026-06-23T05:06:56.014792-04:00,reconstructed_kalshi,kalshi,KXTEMPNYCH-26JUN2306-T69.99,SELL,Limit,1.0,0.05,0.05,0.0034,0.0,0.0,0,37e8754c-bfac-4576-b5e0-5a9b87ba79e5,reconstructed_from_kalshi_api,lane2,,live_v10,YES,,,,,
7,2026-06-23T08:52:15.003112-04:00,reconstructed_kalshi,kalshi,KXHIGHTBOS-26JUN23-T74,SELL,Limit,1.0,0.09,0.09,0.0058,0.0,0.0,0,bc8d7128-1c00-4309-91ae-d858512aabcc,reconstructed_from_kalshi_api,lane2,,live_v10,YES,,,,,
6,2026-06-23T09:03:45.624048-04:00,reconstructed_kalshi,kalshi,KXTEMPNYCH-26JUN2310-T70.99,BUY,Limit,3.0,0.41,1.23,0.0508,0.0,0.0,0,01c7cfbf-f6c1-4dca-ac9b-a3d632ae4e31,reconstructed_from_kalshi_api,lane2,,live_v10,YES,,,,,
5,2026-06-23T10:45:12.737707-04:00,reconstructed_kalshi,kalshi,KXHIGHTBOS-26JUN23-T74,BUY,Limit,1.0,0.96,0.96,0.0027,0.0,0.0,0,d93823e3-1c06-48d0-9344-5d16f50c93cd,reconstructed_from_kalshi_api,lane2,,live_v10,YES,,,,,
